{
  "type": "FeatureCollection",
  "generator": "overpass-turbo",
  "copyright": "The data included in this document is from www.openstreetmap.org. The data is made available under ODbL.",
  "timestamp": "2026-09-05T17:59:51Z",
  "features": [
    {
      "type": "Feature",
      "properties": {
        "@id": "relation/5407265",
        "amenity": "clinic",
        "building": "yes",
        "name": "Puskesmas Muara Badak",
        "type": "multipolygon",
        "@geometry": "center"
      },
      "geometry": {
        "type": "Point",
        "coordinates": [
          117.434914,
          -0.3530471
        ]
      },
      "id": "relation/5407265"
    },
    {
      "type": "Feature",
      "properties": {
        "@id": "relation/7892155",
        "amenity": "clinic",
        "healthcare": "clinic",
        "name": "Puskesmas Alalak Selatan",
        "type": "multipolygon",
        "@geometry": "center"
      },
      "geometry": {
        "type": "Point",
        "coordinates": [
          114.5713673,
          -3.2865396
        ]
      },
      "id": "relation/7892155"
    },
    {
      "type": "Feature",
      "properties": {
        "@id": "relation/8515664",
        "addr:full": "Jl. Tumenggung Gamas",
        "amenity": "clinic",
        "building": "yes",
        "building:levels": "2",
        "capacity:persons": "100",
        "name": "Puskesmas Damai",
        "rooms": "10",
        "type": "multipolygon",
        "website": "http://www.siknasonline.depkes.go.id/laporan_puskesmas_detail_kab.php?kd_propinsi=64&kd_kabupaten=02&tahun=2014&nama_kabupaten=KAB.%20KUTAI%20BARAT",
        "@geometry": "center"
      },
      "geometry": {
        "type": "Point",
        "coordinates": [
          115.699707,
          -0.4521097
        ]
      },
      "id": "relation/8515664"
    },
    {
      "type": "Feature",
      "properties": {
        "@id": "relation/9101918",
        "addr:full": "Tanjung Pasar RT 6 Dusun 2 Desa Tanjung",
        "amenity": "clinic",
        "building": "no",
        "name": "Kompleks Puskesmas Desa Tanjung",
        "type": "multipolygon",
        "@geometry": "center"
      },
      "geometry": {
        "type": "Point",
        "coordinates": [
          114.8816025,
          -3.7118306
        ]
      },
      "id": "relation/9101918"
    },
    {
      "type": "Feature",
      "properties": {
        "@id": "relation/9414260",
        "amenity": "clinic",
        "building": "yes",
        "building:levels": "1",
        "name": "Puskesmas Pimping",
        "type": "multipolygon",
        "@geometry": "center"
      },
      "geometry": {
        "type": "Point",
        "coordinates": [
          117.2194329,
          3.0524368
        ]
      },
      "id": "relation/9414260"
    },
    {
      "type": "Feature",
      "properties": {
        "@id": "relation/9418807",
        "amenity": "clinic",
        "building": "yes",
        "name": "Puskesmas Sekatak",
        "type": "multipolygon",
        "@geometry": "center"
      },
      "geometry": {
        "type": "Point",
        "coordinates": [
          117.0635421,
          3.298563
        ]
      },
      "id": "relation/9418807"
    },
    {
      "type": "Feature",
      "properties": {
        "@id": "relation/9421153",
        "amenity": "clinic",
        "building": "yes",
        "name": "Puskesmas Aji Kuning",
        "type": "multipolygon",
        "@geometry": "center"
      },
      "geometry": {
        "type": "Point",
        "coordinates": [
          117.8598017,
          4.1641492
        ]
      },
      "id": "relation/9421153"
    },
    {
      "type": "Feature",
      "properties": {
        "@id": "relation/9421446",
        "amenity": "clinic",
        "building": "yes",
        "name": "Puskesmas Setabu",
        "type": "multipolygon",
        "@geometry": "center"
      },
      "geometry": {
        "type": "Point",
        "coordinates": [
          117.7999891,
          4.0817183
        ]
      },
      "id": "relation/9421446"
    },
    {
      "type": "Feature",
      "properties": {
        "@id": "relation/9800077",
        "amenity": "clinic",
        "building": "yes",
        "healthcare": "clinic",
        "type": "multipolygon",
        "@geometry": "center"
      },
      "geometry": {
        "type": "Point",
        "coordinates": [
          114.8183948,
          -3.4305669
        ]
      },
      "id": "relation/9800077"
    },
    {
      "type": "Feature",
      "properties": {
        "@id": "relation/13757940",
        "amenity": "hospital",
        "building": "hospital",
        "healthcare": "hospital",
        "operator": "RS LNG Badak",
        "operator:type": "business",
        "type": "multipolygon",
        "@geometry": "center"
      },
      "geometry": {
        "type": "Point",
        "coordinates": [
          117.4708289,
          0.1176403
        ]
      },
      "id": "relation/13757940"
    },
    {
      "type": "Feature",
      "properties": {
        "@id": "relation/13905996",
        "amenity": "clinic",
        "building": "yes",
        "name": "Puskesmas Lahei I",
        "type": "multipolygon",
        "@geometry": "center"
      },
      "geometry": {
        "type": "Point",
        "coordinates": [
          114.9376779,
          -0.8724416
        ]
      },
      "id": "relation/13905996"
    },
    {
      "type": "Feature",
      "properties": {
        "@id": "relation/17713124",
        "amenity": "hospital",
        "barrier": "fence",
        "email": "hsarikei@moh.gov.my",
        "emergency": "yes",
        "healthcare": "hospital",
        "name": "Hospital Sarikei",
        "name:en": "Sarikei Hospital",
        "name:ms": "Hospital Sarikei",
        "type": "multipolygon",
        "website": "https://jknsarawak.moh.gov.my/hsarikei/",
        "wheelchair": "yes",
        "@geometry": "center"
      },
      "geometry": {
        "type": "Point",
        "coordinates": [
          111.49347,
          2.1337459
        ]
      },
      "id": "relation/17713124"
    },
    {
      "type": "Feature",
      "properties": {
        "@id": "relation/18910081",
        "amenity": "hospital",
        "building": "yes",
        "healthcare": "hospital",
        "name": "Rumah Sakit Pratama Krayan",
        "type": "multipolygon",
        "@geometry": "center"
      },
      "geometry": {
        "type": "Point",
        "coordinates": [
          115.6640114,
          3.8663461
        ]
      },
      "id": "relation/18910081"
    },
    {
      "type": "Feature",
      "properties": {
        "@id": "relation/21152141",
        "amenity": "clinic",
        "building": "yes",
        "name": "Puskesmas Jantur",
        "type": "multipolygon",
        "@geometry": "center"
      },
      "geometry": {
        "type": "Point",
        "coordinates": [
          116.2790849,
          -0.4105209
        ]
      },
      "id": "relation/21152141"
    },
    {
      "type": "Feature",
      "properties": {
        "@id": "way/149165320",
        "amenity": "hospital",
        "emergency": "yes",
        "healthcare": "hospital",
        "int_name": "Sarawak General Hospital",
        "name": "Hospital Umum Sarawak",
        "name:zh": "砂拉越中央医院",
        "operator": "Kementerian Kesihatan Malaysia",
        "operator:wikidata": "Q4294352",
        "operator:wikipedia": "en:Ministry of Health (Malaysia)",
        "source": "Bing",
        "wikidata": "Q7423421",
        "wikimedia_commons": "Category:Sarawak General Hospital",
        "wikipedia": "en:Sarawak General Hospital",
        "@geometry": "center"
      },
      "geometry": {
        "type": "Point",
        "coordinates": [
          110.3394122,
          1.5430464
        ]
      },
      "id": "way/149165320"
    },
    {
      "type": "Feature",
      "properties": {
        "@id": "way/221735759",
        "addr:city": "Banjarmasin",
        "addr:full": "Jalan A.Yani Km 2,5 Banjarmasin, Kalimantan Selatan, Indonesia",
        "addr:housenumber": "43",
        "addr:postcode": "70233",
        "addr:street": "Jalan Ahmad Yani",
        "alt_name": "Rumah Sakit Ulin",
        "amenity": "hospital",
        "beds": "610",
        "check_date": "2024-03-03",
        "description": "RS_RUJUKAN_NASIONAL",
        "email": "humasrsudulinbanjarmasin@gmail.com",
        "emergency": "yes",
        "healthcare": "hospital",
        "name": "Rumah Sakit Umum Daerah Ulin",
        "name:id": "Rumah Sakit Umum Daerah Ulin",
        "official_name": "Rumah Sakit Umum Daerah Ulin Banjarmasin",
        "operator:type": "government",
        "phone": "+62 511 3252 180",
        "ref": "6371013",
        "short_name": "RSUD Ulin",
        "website": "https://rsulin.kalselprov.go.id/",
        "wheelchair": "yes",
        "wikidata": "Q12509112",
        "wikipedia": "id:Rumah Sakit Umum Daerah Ulin",
        "@geometry": "center"
      },
      "geometry": {
        "type": "Point",
        "coordinates": [
          114.6007903,
          -3.3224389
        ]
      },
      "id": "way/221735759"
    },
    {
      "type": "Feature",
      "properties": {
        "@id": "way/223622644",
        "amenity": "clinic",
        "building": "yes",
        "healthcare": "clinic",
        "name": "Puskesmas Kuin Raya",
        "@geometry": "center"
      },
      "geometry": {
        "type": "Point",
        "coordinates": [
          114.5697072,
          -3.2948181
        ]
      },
      "id": "way/223622644"
    },
    {
      "type": "Feature",
      "properties": {
        "@id": "way/234201398",
        "amenity": "clinic",
        "building": "yes",
        "building:levels": "2",
        "emergency": "no",
        "healthcare": "clinic",
        "name": "Klinik Kesihatan Jalan Masjid",
        "operator": "Kementerian Kesihatan Malaysia",
        "operator:short": "KKM",
        "operator:wikidata": "Q4294352",
        "operator:wikipedia": "en:Ministry of Health (Malaysia)",
        "@geometry": "center"
      },
      "geometry": {
        "type": "Point",
        "coordinates": [
          110.3427443,
          1.5571164
        ]
      },
      "id": "way/234201398"
    },
    {
      "type": "Feature",
      "properties": {
        "@id": "way/236226370",
        "addr:city": "Pelaihari",
        "addr:street": "Jalan H. Boedjasin",
        "amenity": "hospital",
        "emergency": "yes",
        "healthcare": "hospital",
        "name": "RSUD H. Boejasin",
        "@geometry": "center"
      },
      "geometry": {
        "type": "Point",
        "coordinates": [
          114.7785423,
          -3.7993287
        ]
      },
      "id": "way/236226370"
    },
    {
      "type": "Feature",
      "properties": {
        "@id": "way/244041005",
        "amenity": "clinic",
        "building": "yes",
        "emergency": "yes",
        "healthcare": "clinic",
        "name": "Puskesmas",
        "operator": "Ministry of Health",
        "operator:en": "Ministry of Health",
        "operator:id": "Kementerian Kesehatan",
        "operator:type": "government",
        "operator:wikidata": "Q12490745",
        "operator:wikipedia": "id:Kementerian Kesehatan Republik Indonesia",
        "@geometry": "center"
      },
      "geometry": {
        "type": "Point",
        "coordinates": [
          115.8184657,
          3.1039026
        ]
      },
      "id": "way/244041005"
    },
    {
      "type": "Feature",
      "properties": {
        "@id": "way/248404351",
        "amenity": "hospital",
        "healthcare": "hospital",
        "name": "RSUD Balangan",
        "@geometry": "center"
      },
      "geometry": {
        "type": "Point",
        "coordinates": [
          115.4766667,
          -2.3304962
        ]
      },
      "id": "way/248404351"
    },
    {
      "type": "Feature",
      "properties": {
        "@id": "way/258088118",
        "addr:city": "Kanowit",
        "addr:housename": "Hospital Daerah Kanowit",
        "addr:postcode": "96700",
        "alt_name": "卡诺维特医院",
        "alt_name:zh": "卡诺维特医院",
        "alt_name:zh-Hans": "卡诺维特医院",
        "alt_name:zh-Hant": "卡諾維特醫院",
        "amenity": "hospital",
        "emergency": "yes",
        "healthcare": "hospital",
        "name": "Hospital Kanowit",
        "name:en": "Kanowit Hospital",
        "name:ms": "Hospital Kanowit",
        "name:zh": "加拿逸医院",
        "name:zh-Hans": "加拿逸医院",
        "name:zh-Hant": "加拿逸醫院",
        "wheelchair": "yes",
        "wikidata": "Q12687849",
        "wikipedia": "ms:Hospital Kanowit",
        "@geometry": "center"
      },
      "geometry": {
        "type": "Point",
        "coordinates": [
          112.1517568,
          2.1028938
        ]
      },
      "id": "way/258088118"
    },
    {
      "type": "Feature",
      "properties": {
        "@id": "way/261334502",
        "amenity": "clinic",
        "healthcare": "clinic",
        "name": "Klinik Kesihatan Long Bemang",
        "@geometry": "center"
      },
      "geometry": {
        "type": "Point",
        "coordinates": [
          114.5919799,
          3.8587604
        ]
      },
      "id": "way/261334502"
    },
    {
      "type": "Feature",
      "properties": {
        "@id": "way/262501076",
        "amenity": "hospital",
        "healthcare": "hospital",
        "name": "Rumah Sakit Pupuk Kaltim Prima Sangata",
        "@geometry": "center"
      },
      "geometry": {
        "type": "Point",
        "coordinates": [
          117.5279154,
          0.4933184
        ]
      },
      "id": "way/262501076"
    },
    {
      "type": "Feature",
      "properties": {
        "@id": "way/262501637",
        "amenity": "hospital",
        "healthcare": "hospital",
        "name": "RSUD Kudungga",
        "@geometry": "center"
      },
      "geometry": {
        "type": "Point",
        "coordinates": [
          117.5656353,
          0.5313267
        ]
      },
      "id": "way/262501637"
    },
    {
      "type": "Feature",
      "properties": {
        "@id": "way/262797501",
        "addr:city": "Miri",
        "addr:housenumber": "1035-1039",
        "addr:postcode": "98000",
        "addr:street": "Jalan Selesa",
        "amenity": "hospital",
        "building": "yes",
        "building:levels": "4",
        "emergency": "yes",
        "healthcare": "hospital",
        "name": "Columbia Asia Hospital Miri",
        "opening_hours": "24/7",
        "operator": "Columbia Asia",
        "operator:type": "private",
        "operator:wikidata": "Q5149612",
        "phone": "085-437 755;085-405 600",
        "website": "https://www.columbiaasia.com/malaysia/hospitals/miri/",
        "@geometry": "center"
      },
      "geometry": {
        "type": "Point",
        "coordinates": [
          114.0019106,
          4.4113847
        ]
      },
      "id": "way/262797501"
    },
    {
      "type": "Feature",
      "properties": {
        "@id": "way/262797636",
        "addr:city": "Miri",
        "addr:postcode": "98000",
        "addr:street": "Jalan Merbau",
        "amenity": "clinic",
        "building": "yes",
        "building:levels": "1",
        "healthcare": "clinic",
        "name": "Klinik Kesihatan Jalan Merbau",
        "opening_hours": "Mo-Th 08:00-12:30,14:00-17:00; Fr 08:00-12:00,14:30-17:00",
        "phone": "085-412 322",
        "@geometry": "center"
      },
      "geometry": {
        "type": "Point",
        "coordinates": [
          113.9915906,
          4.395581
        ]
      },
      "id": "way/262797636"
    },
    {
      "type": "Feature",
      "properties": {
        "@id": "way/263617147",
        "amenity": "hospital",
        "emergency": "yes",
        "name": "Normah Medical Specialist Centre (NMSC)",
        "@geometry": "center"
      },
      "geometry": {
        "type": "Point",
        "coordinates": [
          110.3288926,
          1.5781088
        ]
      },
      "id": "way/263617147"
    },
    {
      "type": "Feature",
      "properties": {
        "@id": "way/266382389",
        "access:roof": "no",
        "addr:city": "Pelaihari",
        "addr:full": "RT 6 Karang Taruna",
        "addr:street": "Jl Matah 2",
        "amenity": "clinic",
        "building": "yes",
        "building:levels": "1",
        "building:roof": "tile",
        "building:walls": "brick",
        "healthcare": "clinic",
        "name": "Puskesmas Pelaihari",
        "operator": "Ministry of Health",
        "operator:en": "Ministry of Health",
        "operator:id": "Kementerian Kesehatan",
        "operator:type": "government",
        "operator:wikidata": "Q12490745",
        "operator:wikipedia": "id:Kementerian Kesehatan Republik Indonesia",
        "@geometry": "center"
      },
      "geometry": {
        "type": "Point",
        "coordinates": [
          114.7601136,
          -3.8071297
        ]
      },
      "id": "way/266382389"
    },
    {
      "type": "Feature",
      "properties": {
        "@id": "way/269798302",
        "amenity": "hospital",
        "building": "yes",
        "emergency": "yes",
        "healthcare": "hospital",
        "name": "Timberland Medical Centre",
        "@geometry": "center"
      },
      "geometry": {
        "type": "Point",
        "coordinates": [
          110.3384507,
          1.5216543
        ]
      },
      "id": "way/269798302"
    },
    {
      "type": "Feature",
      "properties": {
        "@id": "way/270520220",
        "amenity": "hospital",
        "healthcare": "hospital",
        "name": "Klinik Kesihatan Batu Kawa",
        "@geometry": "center"
      },
      "geometry": {
        "type": "Point",
        "coordinates": [
          110.3131492,
          1.5225367
        ]
      },
      "id": "way/270520220"
    },
    {
      "type": "Feature",
      "properties": {
        "@id": "way/270520868",
        "amenity": "clinic",
        "healthcare": "clinic",
        "name": "Klinik Kesihatan Petra Jaya",
        "operator": "Kementerian Kesihatan Malaysia",
        "operator:short": "KKM",
        "operator:wikidata": "Q4294352",
        "operator:wikipedia": "en:Ministry of Health (Malaysia)",
        "@geometry": "center"
      },
      "geometry": {
        "type": "Point",
        "coordinates": [
          110.3397071,
          1.5908212
        ]
      },
      "id": "way/270520868"
    },
    {
      "type": "Feature",
      "properties": {
        "@id": "way/272242888",
        "amenity": "hospital",
        "emergency": "yes",
        "healthcare": "hospital",
        "name": "Borneo Medical Centre",
        "name:zh": "婆罗洲医药中心",
        "@geometry": "center"
      },
      "geometry": {
        "type": "Point",
        "coordinates": [
          110.3577458,
          1.529202
        ]
      },
      "id": "way/272242888"
    },
    {
      "type": "Feature",
      "properties": {
        "@id": "way/272531309",
        "addr:city": "Miri",
        "addr:postcode": "98000",
        "addr:street": "Jalan Cahaya",
        "amenity": "hospital",
        "emergency": "yes",
        "healthcare": "hospital",
        "healthcare:speciality": "surgery;general;emergency",
        "name": "Hospital Miri",
        "name:en": "Miri General Hospital",
        "name:zh": "美里中央医院",
        "operator": "Kementerian Kesihatan Malaysia",
        "operator:type": "government",
        "operator:wikidata": "Q4294352",
        "operator:wikipedia": "en:Ministry of Health (Malaysia)",
        "phone": "085-460 600",
        "wheelchair": "yes",
        "wikidata": "Q23926504",
        "wikipedia": "ms:Hospital Miri",
        "@geometry": "center"
      },
      "geometry": {
        "type": "Point",
        "coordinates": [
          114.0007712,
          4.3745713
        ]
      },
      "id": "way/272531309"
    },
    {
      "type": "Feature",
      "properties": {
        "@id": "way/283884855",
        "addr:city": "Pontianak",
        "addr:full": "Jalan Dr. Soedarso Nomor 1, Pontianak",
        "addr:street": "Jl Dr Sudarso",
        "amenity": "hospital",
        "healthcare": "hospital",
        "name": "Rumah Sakit Umum Daerah Dokter Yos Soedarso",
        "name:etymology:wikidata": "Q3738184",
        "name:etymology:wikipedia": "id:Yos Sudarso",
        "operator": "Government",
        "operator:type": "government",
        "@geometry": "center"
      },
      "geometry": {
        "type": "Point",
        "coordinates": [
          109.3633359,
          -0.0622364
        ]
      },
      "id": "way/283884855"
    },
    {
      "type": "Feature",
      "properties": {
        "@id": "way/295625982",
        "addr:city": "Banjarmasin",
        "addr:full": "JL. A. YANI KM.3,5 BANJARMASIN",
        "addr:postcode": "70237",
        "addr:street": "Jalan Ahmad Yani",
        "amenity": "hospital",
        "beds": "79",
        "check_date": "2024-03-03",
        "emergency": "yes",
        "healthcare": "hospital",
        "name": "Rumah Sakit Bhayangkara Banjarmasin",
        "name:id": "Rumah Sakit Bhayangkara Banjarmasin",
        "official_name": "RS BHAYANGKARA TK. III BANJARMASIN",
        "operator": "POLRI",
        "phone": "+62 813 5022 0436",
        "ref": "6371152",
        "short_name": "RS BHAYANGKARA",
        "@geometry": "center"
      },
      "geometry": {
        "type": "Point",
        "coordinates": [
          114.6110553,
          -3.3288666
        ]
      },
      "id": "way/295625982"
    },
    {
      "type": "Feature",
      "properties": {
        "@id": "way/295839224",
        "addr:city": "Banjarmasin",
        "addr:full": "Jalan Pangeran Antasari No.139, Sungai Baru, Kec. Banjarmasin Tengah, Kota Banjarmasin, Kalimantan Selatan 70233",
        "amenity": "hospital",
        "beds": "114",
        "healthcare": "hospital",
        "name": "Rumah Sakit Umum Sari Mulia",
        "official_name": "RS UMUM SARI MULIA",
        "operator:type": "private",
        "phone": "+62 511 3252570",
        "ref": "6371094",
        "short_name": "RS Sari Mulia",
        "website": "https://www.rssarimulia.com/",
        "wikidata": "Q12509117",
        "@geometry": "center"
      },
      "geometry": {
        "type": "Point",
        "coordinates": [
          114.6050775,
          -3.3271784
        ]
      },
      "id": "way/295839224"
    },
    {
      "type": "Feature",
      "properties": {
        "@id": "way/298541245",
        "addr:street": "Jalan Gubernur Syarkawi",
        "alt_name": "Sambang Lihum;RS Sambang Lihum",
        "amenity": "hospital",
        "int_name": "Sambang Lihum",
        "name": "Rumah Sakit Jiwa Sambang Lihum",
        "name:en": "Sambang Lihum Mental Hospital",
        "short_name": "RSJ Sambang Lihum",
        "@geometry": "center"
      },
      "geometry": {
        "type": "Point",
        "coordinates": [
          114.7050067,
          -3.4015668
        ]
      },
      "id": "way/298541245"
    },
    {
      "type": "Feature",
      "properties": {
        "@id": "way/304084975",
        "addr:full": "Jalan Merbabu Nomor 62",
        "amenity": "hospital",
        "healthcare": "hospital",
        "name": "RS Dirgahayu Samarinda",
        "operator:type": "private",
        "rooms": "231",
        "website": "http://www.rsdirgahayu.com/",
        "@geometry": "center"
      },
      "geometry": {
        "type": "Point",
        "coordinates": [
          117.1369385,
          -0.4975237
        ]
      },
      "id": "way/304084975"
    },
    {
      "type": "Feature",
      "properties": {
        "@id": "way/308996109",
        "amenity": "clinic",
        "building": "yes",
        "healthcare": "clinic",
        "name": "Klinik Pengobatan Dhuafa Baznas",
        "@geometry": "center"
      },
      "geometry": {
        "type": "Point",
        "coordinates": [
          117.1485495,
          -0.4895578
        ]
      },
      "id": "way/308996109"
    },
    {
      "type": "Feature",
      "properties": {
        "@id": "way/312015598",
        "amenity": "hospital",
        "healthcare": "hospital",
        "name": "Rumah Sakit Danau Salak",
        "@geometry": "center"
      },
      "geometry": {
        "type": "Point",
        "coordinates": [
          114.952433,
          -3.3230938
        ]
      },
      "id": "way/312015598"
    },
    {
      "type": "Feature",
      "properties": {
        "@id": "way/312016254",
        "addr:city": "Banjar",
        "addr:full": "Jalan Menteri Empat, Martapura",
        "addr:postcode": "70714",
        "addr:street": "Jalan Menteri Empat",
        "amenity": "hospital",
        "beds": "252",
        "contact:email": "rsraza@banjarkab.go.id",
        "contact:fax": "+62 511 4789635",
        "contact:phone": "+62 511 4789449; +62 511 4789454",
        "contact:website": "http://rsraza.banjarkab.go.id",
        "email": "rsraza@banjarkab.go.id",
        "emergency": "yes",
        "healthcare": "hospital",
        "healthcare:speciality": "general;orthopaedics;radiology;psychiatry;ophthalmology;neurology;nutrition;osteopathy;pulmonology;otolaryngology",
        "name": "RSUD Ratu Zalecha",
        "opening_hours": "24/7",
        "short_name": "RS Raza",
        "website": "https://rsraza.banjarkab.go.id/",
        "@geometry": "center"
      },
      "geometry": {
        "type": "Point",
        "coordinates": [
          114.8459394,
          -3.4191808
        ]
      },
      "id": "way/312016254"
    },
    {
      "type": "Feature",
      "properties": {
        "@id": "way/312016255",
        "amenity": "hospital",
        "healthcare": "hospital",
        "name": "RSUD Brigjend. H. Hasan Basry",
        "@geometry": "center"
      },
      "geometry": {
        "type": "Point",
        "coordinates": [
          115.2591389,
          -2.8004122
        ]
      },
      "id": "way/312016255"
    },
    {
      "type": "Feature",
      "properties": {
        "@id": "way/312016256",
        "amenity": "hospital",
        "healthcare": "hospital",
        "name": "RSUD H. Damanhuri",
        "@geometry": "center"
      },
      "geometry": {
        "type": "Point",
        "coordinates": [
          115.374735,
          -2.5895131
        ]
      },
      "id": "way/312016256"
    },
    {
      "type": "Feature",
      "properties": {
        "@id": "way/312016257",
        "amenity": "hospital",
        "healthcare": "hospital",
        "name": "RSUD H. Badaruddin",
        "@geometry": "center"
      },
      "geometry": {
        "type": "Point",
        "coordinates": [
          115.3867561,
          -2.157054
        ]
      },
      "id": "way/312016257"
    },
    {
      "type": "Feature",
      "properties": {
        "@id": "way/312016721",
        "amenity": "hospital",
        "healthcare": "hospital",
        "name": "RSUD Ratu Aji Putri Botung",
        "@geometry": "center"
      },
      "geometry": {
        "type": "Point",
        "coordinates": [
          116.7340327,
          -1.3091661
        ]
      },
      "id": "way/312016721"
    },
    {
      "type": "Feature",
      "properties": {
        "@id": "way/315870069",
        "amenity": "clinic",
        "building": "yes",
        "healthcare": "clinic",
        "name": "Puskesmas Kayan Hulu",
        "operator": "Ministry of Health",
        "operator:en": "Ministry of Health",
        "operator:id": "Kementerian Kesehatan",
        "operator:type": "government",
        "operator:wikidata": "Q12490745",
        "@geometry": "center"
      },
      "geometry": {
        "type": "Point",
        "coordinates": [
          114.9007733,
          1.7951831
        ]
      },
      "id": "way/315870069"
    },
    {
      "type": "Feature",
      "properties": {
        "@id": "way/316793614",
        "addr:city": "Samarinda",
        "addr:full": "Jalan Gurami No.18 Samarinda",
        "addr:housenumber": "18",
        "addr:street": "Gurami",
        "amenity": "hospital",
        "capacity:persons": "3000",
        "emergency": "yes",
        "healthcare": "hospital",
        "hospital:type": "C",
        "name": "Rumah Sakit Islam Samarinda",
        "operator": "Yayasan Rumah Sakit Islam",
        "operator:type": "private",
        "phone": "+62 541 741510",
        "website": "https://dhonypratama.com/rumah-sakit-di-samarinda-daftar-lengkap",
        "@geometry": "center"
      },
      "geometry": {
        "type": "Point",
        "coordinates": [
          117.1595442,
          -0.5067751
        ]
      },
      "id": "way/316793614"
    },
    {
      "type": "Feature",
      "properties": {
        "@id": "way/317624707",
        "amenity": "hospital",
        "healthcare": "hospital",
        "name": "RSUD Hajjah Andi Depu",
        "@geometry": "center"
      },
      "geometry": {
        "type": "Point",
        "coordinates": [
          119.3217119,
          -3.4074182
        ]
      },
      "id": "way/317624707"
    },
    {
      "type": "Feature",
      "properties": {
        "@id": "way/317676590",
        "amenity": "clinic",
        "building": "yes",
        "building:levels": "1",
        "capacity:persons": "150",
        "name": "Puskesmas Gunung Sari",
        "@geometry": "center"
      },
      "geometry": {
        "type": "Point",
        "coordinates": [
          116.8382679,
          -1.2673555
        ]
      },
      "id": "way/317676590"
    },
    {
      "type": "Feature",
      "properties": {
        "@id": "way/317677529",
        "amenity": "clinic",
        "building": "yes",
        "building:levels": "1",
        "capacity:persons": "50",
        "name": "Gunung Sari",
        "rooms": "4",
        "@geometry": "center"
      },
      "geometry": {
        "type": "Point",
        "coordinates": [
          116.839296,
          -1.2672697
        ]
      },
      "id": "way/317677529"
    },
    {
      "type": "Feature",
      "properties": {
        "@id": "way/317762493",
        "addr:city": "Samarinda",
        "addr:full": "Jalan Kakap 23, Sungai Dama, Kec. Samarinda Ilir, Kota Samarinda, Kalimantan Timur 75242",
        "amenity": "hospital",
        "capacity:persons": "1500",
        "healthcare": "hospital",
        "healthcare:speciality": "psychiatry",
        "hospital:type": "A",
        "name": "RSJD Atma Husada Mahakam",
        "official_name": "Rumah Sakit Jiwa Daerah Atma Husada Mahakam",
        "operator": "Pemerintah Kota Samarinda",
        "operator:type": "government",
        "rooms": "50",
        "@geometry": "center"
      },
      "geometry": {
        "type": "Point",
        "coordinates": [
          117.1599373,
          -0.5056023
        ]
      },
      "id": "way/317762493"
    },
    {
      "type": "Feature",
      "properties": {
        "@id": "way/318203469",
        "amenity": "clinic",
        "building": "yes",
        "name": "Puskesmas Tanah Grogot",
        "office": "government",
        "@geometry": "center"
      },
      "geometry": {
        "type": "Point",
        "coordinates": [
          116.1989841,
          -1.9154832
        ]
      },
      "id": "way/318203469"
    },
    {
      "type": "Feature",
      "properties": {
        "@id": "way/319660986",
        "addr:city": "Sampit Kotawaringin Timur",
        "addr:full": "Jalan Haji Muhammad Arsyad No.65, Mentawa Baru Hilir",
        "addr:postcode": "74322",
        "amenity": "hospital",
        "contact:phone": "+62 531 21010",
        "contact:website": "http://rsud-drmurjani.go.id/",
        "emergency": "yes",
        "healthcare": "hospital",
        "name": "RSUD dr. Murjani",
        "opening_hours": "24/7",
        "@geometry": "center"
      },
      "geometry": {
        "type": "Point",
        "coordinates": [
          112.947855,
          -2.5429626
        ]
      },
      "id": "way/319660986"
    },
    {
      "type": "Feature",
      "properties": {
        "@id": "way/320774415",
        "amenity": "hospital",
        "healthcare": "hospital",
        "name": "Hospital Bintulu(nyabau)",
        "name:en": "Bintulu General Hospital",
        "@geometry": "center"
      },
      "geometry": {
        "type": "Point",
        "coordinates": [
          113.1001733,
          3.2298667
        ]
      },
      "id": "way/320774415"
    },
    {
      "type": "Feature",
      "properties": {
        "@id": "way/321305936",
        "amenity": "clinic",
        "building": "yes",
        "name": "Puskesmas Batu Engau",
        "@geometry": "center"
      },
      "geometry": {
        "type": "Point",
        "coordinates": [
          116.0737732,
          -2.2262888
        ]
      },
      "id": "way/321305936"
    },
    {
      "type": "Feature",
      "properties": {
        "@id": "way/321305937",
        "amenity": "clinic",
        "name": "Puskesmas Suatang Baru",
        "@geometry": "center"
      },
      "geometry": {
        "type": "Point",
        "coordinates": [
          116.1867961,
          -1.9900134
        ]
      },
      "id": "way/321305937"
    },
    {
      "type": "Feature",
      "properties": {
        "@id": "way/321759662",
        "amenity": "clinic",
        "building": "yes",
        "name": "Klinik Mandiri",
        "@geometry": "center"
      },
      "geometry": {
        "type": "Point",
        "coordinates": [
          115.9962768,
          -3.4160024
        ]
      },
      "id": "way/321759662"
    },
    {
      "type": "Feature",
      "properties": {
        "@id": "way/326091418",
        "addr:full": "Jl. Dahlia",
        "amenity": "hospital",
        "capacity:persons": "1000",
        "healthcare": "hospital",
        "hospital:type": "A",
        "name": "RS Haji Darjad",
        "operator:type": "private",
        "rooms": "200",
        "website": "https://rshajidarjad.com/",
        "@geometry": "center"
      },
      "geometry": {
        "type": "Point",
        "coordinates": [
          117.1487801,
          -0.4947813
        ]
      },
      "id": "way/326091418"
    },
    {
      "type": "Feature",
      "properties": {
        "@id": "way/326320746",
        "addr:city": "Samarinda",
        "addr:full": "Jalan Kadrie Oening No.86 RT. 35, Air Putih, Kec. Samarinda Ulu, Kota Samarinda, Kalimantan Timur 75124",
        "amenity": "hospital",
        "healthcare": "hospital",
        "hospital:type": "C",
        "name": "RSU Samarinda Medika Citra",
        "operator:type": "private",
        "website": "http://rsusmc.com/",
        "@geometry": "center"
      },
      "geometry": {
        "type": "Point",
        "coordinates": [
          117.1245627,
          -0.4723295
        ]
      },
      "id": "way/326320746"
    },
    {
      "type": "Feature",
      "properties": {
        "@id": "way/326320920",
        "amenity": "hospital",
        "healthcare": "hospital",
        "name": "RS Siaga Al Munawarah Samarinda",
        "@geometry": "center"
      },
      "geometry": {
        "type": "Point",
        "coordinates": [
          117.1419624,
          -0.4740759
        ]
      },
      "id": "way/326320920"
    },
    {
      "type": "Feature",
      "properties": {
        "@id": "way/326320969",
        "addr:city": "Samarinda",
        "addr:full": "Jalan Palang Merah No.1, Sidodadi, Kec. Samarinda Ulu, Kota Samarinda, Kalimantan Timur 75123",
        "addr:postcode": "75123",
        "addr:street": "Jl. Palang Merah No.1",
        "amenity": "hospital",
        "email": "unithumas@rsudaws.co.id",
        "emergency": "yes",
        "fax": "+62 541 744988",
        "healthcare": "hospital",
        "name": "RSUD Abdul Wahab Sjahranie",
        "operator:type": "government",
        "phone": "+62 541 738118",
        "website": "https://www.rsudaws.co.id/",
        "@geometry": "center"
      },
      "geometry": {
        "type": "Point",
        "coordinates": [
          117.1441953,
          -0.4808695
        ]
      },
      "id": "way/326320969"
    },
    {
      "type": "Feature",
      "properties": {
        "@id": "way/327404673",
        "addr:full": "Jl. Letjen Suprapto Kompleks Voorvo",
        "amenity": "clinic",
        "building": "yes",
        "building:levels": "2",
        "capacity:persons": "200",
        "healthcare": "clinic",
        "name": "RS Bersalin PKBI",
        "operator:type": "private",
        "rooms": "20",
        "url": "www.pkbi.or.id",
        "@geometry": "center"
      },
      "geometry": {
        "type": "Point",
        "coordinates": [
          117.1421012,
          -0.4728926
        ]
      },
      "id": "way/327404673"
    },
    {
      "type": "Feature",
      "properties": {
        "@id": "way/334275619",
        "amenity": "hospital",
        "healthcare": "hospital",
        "name": "Shou Kang Medicine Center",
        "source": "Mapbox",
        "@geometry": "center"
      },
      "geometry": {
        "type": "Point",
        "coordinates": [
          110.2675758,
          1.5077099
        ]
      },
      "id": "way/334275619"
    },
    {
      "type": "Feature",
      "properties": {
        "@id": "way/334277285",
        "amenity": "clinic",
        "building": "yes",
        "healthcare": "clinic",
        "name": "Batu Kawa Healthcare Clinic",
        "name:ms": "Klinik Kesihatan Batu Kawa",
        "operator": "Ministry of Health",
        "operator:type": "government",
        "source": "Bing",
        "@geometry": "center"
      },
      "geometry": {
        "type": "Point",
        "coordinates": [
          110.2704801,
          1.5111129
        ]
      },
      "id": "way/334277285"
    },
    {
      "type": "Feature",
      "properties": {
        "@id": "way/339877381",
        "amenity": "clinic",
        "building": "yes",
        "name": "Puskesmas Dusun Timur",
        "@geometry": "center"
      },
      "geometry": {
        "type": "Point",
        "coordinates": [
          115.1681105,
          -2.1162663
        ]
      },
      "id": "way/339877381"
    },
    {
      "type": "Feature",
      "properties": {
        "@id": "way/349212950",
        "amenity": "clinic",
        "building": "yes",
        "name": "Puskesmas Wasah Hulu",
        "@geometry": "center"
      },
      "geometry": {
        "type": "Point",
        "coordinates": [
          115.2308074,
          -2.7920687
        ]
      },
      "id": "way/349212950"
    },
    {
      "type": "Feature",
      "properties": {
        "@id": "way/352548499",
        "amenity": "clinic",
        "healthcare": "clinic",
        "name": "RS. Abdul Azis",
        "@geometry": "center"
      },
      "geometry": {
        "type": "Point",
        "coordinates": [
          108.9727564,
          0.8952835
        ]
      },
      "id": "way/352548499"
    },
    {
      "type": "Feature",
      "properties": {
        "@id": "way/354214034",
        "amenity": "hospital",
        "healthcare": "hospital",
        "name": "Rumah Sakit Tk. IV",
        "operator:type": "private",
        "website": "http://kesehatan.kaltimprov.go.id/downlot.php?file=Buku%20Saku%20kesehatan%20tahun%202014.pdf",
        "@geometry": "center"
      },
      "geometry": {
        "type": "Point",
        "coordinates": [
          117.1428524,
          -0.5013614
        ]
      },
      "id": "way/354214034"
    },
    {
      "type": "Feature",
      "properties": {
        "@id": "way/354334196",
        "amenity": "clinic",
        "building": "yes",
        "name": "Puskesmas Babirik",
        "@geometry": "center"
      },
      "geometry": {
        "type": "Point",
        "coordinates": [
          115.1375864,
          -2.5356484
        ]
      },
      "id": "way/354334196"
    },
    {
      "type": "Feature",
      "properties": {
        "@id": "way/355068921",
        "amenity": "hospital",
        "name": "Klinik Kesihatan Buntal",
        "source": "Bing",
        "@geometry": "center"
      },
      "geometry": {
        "type": "Point",
        "coordinates": [
          110.3700617,
          1.7020322
        ]
      },
      "id": "way/355068921"
    },
    {
      "type": "Feature",
      "properties": {
        "@id": "way/355120143",
        "amenity": "hospital",
        "name": "Klinik Kesihatan Kampung Telaga Air",
        "source": "Bing",
        "@geometry": "center"
      },
      "geometry": {
        "type": "Point",
        "coordinates": [
          110.2084387,
          1.6754349
        ]
      },
      "id": "way/355120143"
    },
    {
      "type": "Feature",
      "properties": {
        "@id": "way/355391198",
        "addr:city": "Samarinda",
        "addr:full": "Jl. P. Hidayatullah",
        "addr:street": "Pangeran Hidayatullah",
        "amenity": "pharmacy",
        "building": "yes",
        "building:levels": "2",
        "capacity:persons": "200",
        "name": "Apotek Kimia Farma 4",
        "smoking": "no",
        "@geometry": "center"
      },
      "geometry": {
        "type": "Point",
        "coordinates": [
          117.1545524,
          -0.5020711
        ]
      },
      "id": "way/355391198"
    },
    {
      "type": "Feature",
      "properties": {
        "@id": "way/355650652",
        "addr:full": "Jl. Mugirejo",
        "amenity": "clinic",
        "building": "yes",
        "building:levels": "1",
        "capacity:persons": "30",
        "healthcare": "clinic",
        "name": "Posyandu Kaca Piring",
        "operator": "Posyandu",
        "operator:type": "private",
        "operator:wikidata": "Q12506263",
        "rooms": "2",
        "@geometry": "center"
      },
      "geometry": {
        "type": "Point",
        "coordinates": [
          117.1925294,
          -0.4669735
        ]
      },
      "id": "way/355650652"
    },
    {
      "type": "Feature",
      "properties": {
        "@id": "way/355651703",
        "access:roof": "no",
        "addr:full": "Jl. Adam Malik",
        "amenity": "pharmacy",
        "building": "yes",
        "building:levels": "1",
        "building:roof": "tile",
        "building:structure": "reinforced_masonry",
        "building:walls": "brick",
        "capacity:persons": "10",
        "name": "Apotek Marisa",
        "rooms": "2",
        "@geometry": "center"
      },
      "geometry": {
        "type": "Point",
        "coordinates": [
          117.1129636,
          -0.5133405
        ]
      },
      "id": "way/355651703"
    },
    {
      "type": "Feature",
      "properties": {
        "@id": "way/355652957",
        "access:roof": "yes",
        "addr:full": "Jl. D.I Panjaitan No. 77",
        "amenity": "hospital",
        "building:levels": "3",
        "capacity:persons": "100",
        "healthcare": "hospital",
        "name": "RS Bersalin Qurrataayun",
        "operator:type": "private",
        "rooms": "20",
        "website": "https://id.indonesiayp.com/company/541263/Rumah_Sakit_Qurrata_Ayun",
        "@geometry": "center"
      },
      "geometry": {
        "type": "Point",
        "coordinates": [
          117.1832383,
          -0.4622561
        ]
      },
      "id": "way/355652957"
    },
    {
      "type": "Feature",
      "properties": {
        "@id": "way/355654086",
        "access:roof": "yes",
        "addr:full": "Jl. Slamet Riyadi",
        "amenity": "pharmacy",
        "building": "yes",
        "building:levels": "3",
        "building:roof": "tile",
        "building:structure": "reinforced_masonry",
        "building:walls": "brick",
        "capacity:persons": "50",
        "name": "Apotek Sun Medica",
        "rooms": "6",
        "@geometry": "center"
      },
      "geometry": {
        "type": "Point",
        "coordinates": [
          117.116924,
          -0.5124319
        ]
      },
      "id": "way/355654086"
    },
    {
      "type": "Feature",
      "properties": {
        "@id": "way/355654087",
        "access:roof": "no",
        "addr:full": "Jl. Budiman",
        "amenity": "doctors",
        "building:levels": "2",
        "building:roof": "tile",
        "building:structure": "reinforced_masonry",
        "building:walls": "brick",
        "capacity:persons": "40",
        "healthcare": "doctor",
        "name": "Bidan Hj. Hartati, S.ST",
        "@geometry": "center"
      },
      "geometry": {
        "type": "Point",
        "coordinates": [
          117.1160008,
          -0.5099643
        ]
      },
      "id": "way/355654087"
    },
    {
      "type": "Feature",
      "properties": {
        "@id": "way/355654088",
        "access:roof": "no",
        "addr:full": "Jl. Slamet Riyadi",
        "amenity": "clinic",
        "building": "yes",
        "building:levels": "2",
        "building:roof": "tile",
        "building:structure": "reinforced_masonry",
        "building:walls": "brick",
        "capacity:persons": "200",
        "healthcare": "clinic",
        "name": "Puskesmas Karang Asam",
        "operator": "Ministry of Health",
        "operator:en": "Ministry of Health",
        "operator:id": "Kementerian Kesehatan",
        "operator:type": "government",
        "operator:wikidata": "Q12490745",
        "rooms": "10",
        "@geometry": "center"
      },
      "geometry": {
        "type": "Point",
        "coordinates": [
          117.1173988,
          -0.5099321
        ]
      },
      "id": "way/355654088"
    },
    {
      "type": "Feature",
      "properties": {
        "@id": "way/355655476",
        "addr:full": "Jl. Panjaitan",
        "amenity": "clinic",
        "building": "yes",
        "building:levels": "1",
        "capacity:persons": "10",
        "name": "Puskesmas Lempake",
        "rooms": "1",
        "website": "http://kecsmdutara.samarindakota.go.id/puskesmas",
        "@geometry": "center"
      },
      "geometry": {
        "type": "Point",
        "coordinates": [
          117.1902187,
          -0.4545607
        ]
      },
      "id": "way/355655476"
    },
    {
      "type": "Feature",
      "properties": {
        "@id": "way/355665695",
        "access:roof": "no",
        "addr:full": "JL.Cendana",
        "amenity": "clinic",
        "building": "yes",
        "building:levels": "1",
        "building:roof": "tile",
        "building:structure": "reinforced_masonry",
        "building:walls": "brick",
        "capacity:persons": "20",
        "name": "Klinik Islamic Center UGD",
        "rooms": "4",
        "@geometry": "center"
      },
      "geometry": {
        "type": "Point",
        "coordinates": [
          117.1186772,
          -0.5014038
        ]
      },
      "id": "way/355665695"
    },
    {
      "type": "Feature",
      "properties": {
        "@id": "way/355858298",
        "addr:full": "Jl. K.H. Wahid Hasyim",
        "amenity": "clinic",
        "building": "yes",
        "building:levels": "2",
        "capacity:persons": "50",
        "healthcare": "clinic",
        "name": "Klinik Metta Medika",
        "website": "http://telpon.info/apotik/samarinda/meta-medika/29553.html",
        "@geometry": "center"
      },
      "geometry": {
        "type": "Point",
        "coordinates": [
          117.1500625,
          -0.4596118
        ]
      },
      "id": "way/355858298"
    },
    {
      "type": "Feature",
      "properties": {
        "@id": "way/355879410",
        "amenity": "clinic",
        "building": "yes",
        "building:levels": "2",
        "healthcare": "clinic",
        "name": "Puskesmas Teluk Tiram",
        "@geometry": "center"
      },
      "geometry": {
        "type": "Point",
        "coordinates": [
          114.5819982,
          -3.3385688
        ]
      },
      "id": "way/355879410"
    },
    {
      "type": "Feature",
      "properties": {
        "@id": "way/355881119",
        "access:roof": "no",
        "amenity": "clinic",
        "building": "yes",
        "building:levels": "1",
        "building:roof": "tile",
        "building:structure": "reinforced_masonry",
        "building:walls": "brick",
        "capacity:persons": "100",
        "healthcare": "clinic",
        "name": "Puskesmas Palaran",
        "operator": "Ministry of Health",
        "operator:en": "Ministry of Health",
        "operator:id": "Kementerian Kesehatan",
        "operator:wikidata": "Q12490745",
        "operator:wikipedia": "id:Kementerian Kesehatan Republik Indonesia",
        "@geometry": "center"
      },
      "geometry": {
        "type": "Point",
        "coordinates": [
          117.1807168,
          -0.5672621
        ]
      },
      "id": "way/355881119"
    },
    {
      "type": "Feature",
      "properties": {
        "@id": "way/355893442",
        "amenity": "pharmacy",
        "name": "Apotek 99",
        "opening_hours": "Mo-Su 08:00-18:00; Apr 10-15 off; Jun 08:00-14:00; Aug off; Dec 25 off",
        "wheelchair": "yes",
        "@geometry": "center"
      },
      "geometry": {
        "type": "Point",
        "coordinates": [
          117.1528305,
          -0.5001553
        ]
      },
      "id": "way/355893442"
    },
    {
      "type": "Feature",
      "properties": {
        "@id": "way/355893443",
        "amenity": "pharmacy",
        "building": "yes",
        "name": "Apotek Aman",
        "opening_hours": "Mo-Su 08:00-18:00; Apr 10-15 off; Jun 08:00-14:00; Aug off; Dec 25 off",
        "wheelchair": "no",
        "@geometry": "center"
      },
      "geometry": {
        "type": "Point",
        "coordinates": [
          117.1522512,
          -0.500763
        ]
      },
      "id": "way/355893443"
    },
    {
      "type": "Feature",
      "properties": {
        "@id": "way/355898018",
        "addr:full": "Jl. P. Antasari",
        "amenity": "pharmacy",
        "building": "yes",
        "building:levels": "1",
        "capacity:persons": "10",
        "healthcare": "pharmacy",
        "height": "4",
        "name": "Apotek Vita Farma",
        "rooms": "2",
        "@geometry": "center"
      },
      "geometry": {
        "type": "Point",
        "coordinates": [
          117.1264219,
          -0.4973413
        ]
      },
      "id": "way/355898018"
    },
    {
      "type": "Feature",
      "properties": {
        "@id": "way/355898193",
        "addr:full": "Jl. PERUMNAS BENGKURING",
        "amenity": "pharmacy",
        "building": "yes",
        "building:levels": "2",
        "capacity:persons": "50",
        "name": "Klinik & Apotik Cahaya Husada",
        "@geometry": "center"
      },
      "geometry": {
        "type": "Point",
        "coordinates": [
          117.1612797,
          -0.4289889
        ]
      },
      "id": "way/355898193"
    },
    {
      "type": "Feature",
      "properties": {
        "@id": "way/355904043",
        "addr:full": "Jl. Rapak Indah",
        "amenity": "pharmacy",
        "building": "yes",
        "building:levels": "3",
        "capacity:persons": "50",
        "name": "Apotek Darul Hayyi",
        "@geometry": "center"
      },
      "geometry": {
        "type": "Point",
        "coordinates": [
          117.1095278,
          -0.5045962
        ]
      },
      "id": "way/355904043"
    },
    {
      "type": "Feature",
      "properties": {
        "@id": "way/355904116",
        "addr:full": "Jl. Padat Karya Kel.Sempaja",
        "amenity": "doctors",
        "building": "yes",
        "building:levels": "3",
        "capacity:persons": "300",
        "name": "Klinik Dokter Wilsa",
        "website": "https://www.yakkap.or.id/web/list_facility",
        "@geometry": "center"
      },
      "geometry": {
        "type": "Point",
        "coordinates": [
          117.153427,
          -0.4392223
        ]
      },
      "id": "way/355904116"
    },
    {
      "type": "Feature",
      "properties": {
        "@id": "way/356213407",
        "addr:full": "Jl. Sekolahan",
        "amenity": "clinic",
        "building": "yes",
        "building:levels": "2",
        "capacity:persons": "30",
        "name": "Puskesmas Makroman",
        "rooms": "3",
        "@geometry": "center"
      },
      "geometry": {
        "type": "Point",
        "coordinates": [
          117.2237957,
          -0.5567967
        ]
      },
      "id": "way/356213407"
    },
    {
      "type": "Feature",
      "properties": {
        "@id": "way/356318991",
        "addr:full": "Jl. P. Suryanata Komp. Batu Putih",
        "amenity": "clinic",
        "building": "yes",
        "building:levels": "2",
        "healthcare": "clinic",
        "name": "Puskesmas Air Putih",
        "operator": "Ministry of Health",
        "operator:en": "Ministry of Health",
        "operator:id": "Kementerian Kesehatan",
        "operator:type": "government",
        "operator:wikidata": "Q12490745",
        "rooms": "12",
        "@geometry": "center"
      },
      "geometry": {
        "type": "Point",
        "coordinates": [
          117.1215182,
          -0.4744963
        ]
      },
      "id": "way/356318991"
    },
    {
      "type": "Feature",
      "properties": {
        "@id": "way/356451643",
        "addr:full": "Jl. Sultan Sulaiman",
        "amenity": "clinic",
        "building": "yes",
        "building:levels": "2",
        "capacity:persons": "30",
        "healthcare": "clinic",
        "name": "Klinik Bersalin \"Putri Ayu Husada\"",
        "rooms": "5",
        "@geometry": "center"
      },
      "geometry": {
        "type": "Point",
        "coordinates": [
          117.1810338,
          -0.5100559
        ]
      },
      "id": "way/356451643"
    },
    {
      "type": "Feature",
      "properties": {
        "@id": "way/356545262",
        "addr:full": "Jl. Sam Ratulangi",
        "amenity": "clinic",
        "building": "yes",
        "building:levels": "1",
        "capacity:persons": "10",
        "name": "Posyandu Semangka",
        "rooms": "2",
        "@geometry": "center"
      },
      "geometry": {
        "type": "Point",
        "coordinates": [
          117.1222622,
          -0.5369717
        ]
      },
      "id": "way/356545262"
    },
    {
      "type": "Feature",
      "properties": {
        "@id": "way/356570078",
        "addr:full": "Jl. Bung Tomo",
        "amenity": "doctors",
        "building": "yes",
        "building:levels": "2",
        "capacity:persons": "80",
        "name": "dr. Merry Evianti",
        "rooms": "3",
        "@geometry": "center"
      },
      "geometry": {
        "type": "Point",
        "coordinates": [
          117.1243562,
          -0.5164052
        ]
      },
      "id": "way/356570078"
    },
    {
      "type": "Feature",
      "properties": {
        "@id": "way/356726570",
        "addr:full": "Jl. D.I Panjaitan",
        "amenity": "pharmacy",
        "building": "yes",
        "building:levels": "2",
        "capacity:persons": "35",
        "name": "Apotek Sehat Sejahtera",
        "@geometry": "center"
      },
      "geometry": {
        "type": "Point",
        "coordinates": [
          117.1753707,
          -0.4623403
        ]
      },
      "id": "way/356726570"
    },
    {
      "type": "Feature",
      "properties": {
        "@id": "way/356728169",
        "addr:full": "Perumahan Pinang Mas",
        "amenity": "clinic",
        "building": "yes",
        "building:levels": "1",
        "capacity:persons": "50",
        "healthcare": "clinic",
        "name": "Posyandu Melati",
        "operator": "Posyandu",
        "operator:type": "private",
        "operator:wikidata": "Q12506263",
        "rooms": "5",
        "website": "http://kecsmdutara.samarindakota.go.id/posyandu",
        "@geometry": "center"
      },
      "geometry": {
        "type": "Point",
        "coordinates": [
          117.1543251,
          -0.4450048
        ]
      },
      "id": "way/356728169"
    },
    {
      "type": "Feature",
      "properties": {
        "@id": "way/356866869",
        "addr:full": "Jl. Gunung Belah",
        "amenity": "clinic",
        "building": "yes",
        "building:levels": "1",
        "capacity:persons": "20",
        "name": "Puskesmas Pembantu Loa Ipuh",
        "rooms": "1",
        "website": "http://dinkes.kutaikartanegarakab.go.id/id/puskesmas/loaIpuh.php",
        "@geometry": "center"
      },
      "geometry": {
        "type": "Point",
        "coordinates": [
          116.9621258,
          -0.4294512
        ]
      },
      "id": "way/356866869"
    },
    {
      "type": "Feature",
      "properties": {
        "@id": "way/356883803",
        "amenity": "clinic",
        "healthcare": "clinic",
        "name": "Klinik Kesihatan Tanah Putih",
        "operator": "Kementerian Kesihatan Malaysia",
        "operator:short": "KKM",
        "operator:wikidata": "Q4294352",
        "operator:wikipedia": "en:Ministry of Health (Malaysia)",
        "@geometry": "center"
      },
      "geometry": {
        "type": "Point",
        "coordinates": [
          110.3802502,
          1.5510362
        ]
      },
      "id": "way/356883803"
    },
    {
      "type": "Feature",
      "properties": {
        "@id": "way/356886722",
        "addr:full": "Jl. Propinsi",
        "amenity": "pharmacy",
        "building": "yes",
        "building:levels": "1",
        "capacity:persons": "10",
        "name": "Apotik Makroman",
        "rooms": "-",
        "@geometry": "center"
      },
      "geometry": {
        "type": "Point",
        "coordinates": [
          117.2279812,
          -0.5380973
        ]
      },
      "id": "way/356886722"
    },
    {
      "type": "Feature",
      "properties": {
        "@id": "way/356886732",
        "addr:full": "Jl. Pelita 6",
        "amenity": "clinic",
        "building": "yes",
        "building:levels": "2",
        "capacity:persons": "50",
        "name": "Puskesmas Sambutan",
        "rooms": "4",
        "@geometry": "center"
      },
      "geometry": {
        "type": "Point",
        "coordinates": [
          117.1991756,
          -0.5138145
        ]
      },
      "id": "way/356886732"
    },
    {
      "type": "Feature",
      "properties": {
        "@id": "way/356886733",
        "addr:full": "Jl. Kesehatan",
        "amenity": "clinic",
        "building": "yes",
        "building:levels": "1",
        "capacity:persons": "50",
        "name": "Puskesmas Sungai Kapih",
        "rooms": "6",
        "@geometry": "center"
      },
      "geometry": {
        "type": "Point",
        "coordinates": [
          117.169066,
          -0.5324651
        ]
      },
      "id": "way/356886733"
    },
    {
      "type": "Feature",
      "properties": {
        "@id": "way/357021211",
        "addr:full": "JL. WAHID HASYIM",
        "amenity": "pharmacy",
        "building": "yes",
        "building:levels": "2",
        "capacity:persons": "50",
        "healthcare": "pharmacy",
        "name": "Apotik Kimia Farma",
        "@geometry": "center"
      },
      "geometry": {
        "type": "Point",
        "coordinates": [
          117.1554837,
          -0.4455931
        ]
      },
      "id": "way/357021211"
    },
    {
      "type": "Feature",
      "properties": {
        "@id": "way/357021214",
        "addr:full": "Jl. M.Yamin",
        "amenity": "clinic",
        "building": "yes",
        "building:levels": "2",
        "capacity:persons": "100",
        "healthcare": "clinic",
        "name": "Puskesmas Sempaja",
        "operator": "Ministry of Health",
        "operator:en": "Ministry of Health",
        "operator:id": "Kementerian Kesehatan",
        "operator:type": "government",
        "operator:wikidata": "Q12490745",
        "rooms": "0",
        "website": "http://kecsmdutara.samarindakota.go.id/puskesmas",
        "@geometry": "center"
      },
      "geometry": {
        "type": "Point",
        "coordinates": [
          117.1541962,
          -0.4512872
        ]
      },
      "id": "way/357021214"
    },
    {
      "type": "Feature",
      "properties": {
        "@id": "way/357025805",
        "addr:full": "Jl. Sejati No. 34",
        "amenity": "pharmacy",
        "building": "yes",
        "building:levels": "1",
        "capacity:persons": "100",
        "name": "Apotek Murah Asih",
        "@geometry": "center"
      },
      "geometry": {
        "type": "Point",
        "coordinates": [
          117.1659344,
          -0.5210087
        ]
      },
      "id": "way/357025805"
    },
    {
      "type": "Feature",
      "properties": {
        "@id": "way/357027232",
        "addr:full": "Jl. Ahmad Yani No. 40",
        "amenity": "pharmacy",
        "building": "yes",
        "building:levels": "2",
        "capacity:persons": "50",
        "name": "Apotek Mitra Sehat",
        "@geometry": "center"
      },
      "geometry": {
        "type": "Point",
        "coordinates": [
          117.1689051,
          -0.4711636
        ]
      },
      "id": "way/357027232"
    },
    {
      "type": "Feature",
      "properties": {
        "@id": "way/357027238",
        "addr:full": "Jl. Ahmad Yani",
        "amenity": "pharmacy",
        "building": "yes",
        "building:levels": "2",
        "capacity:persons": "30",
        "name": "Toko Obat Harapan Sehat",
        "@geometry": "center"
      },
      "geometry": {
        "type": "Point",
        "coordinates": [
          117.1683744,
          -0.4714348
        ]
      },
      "id": "way/357027238"
    },
    {
      "type": "Feature",
      "properties": {
        "@id": "way/357103556",
        "addr:full": "Jl. Ahmad Yani",
        "amenity": "hospital",
        "building": "yes",
        "building:levels": "3",
        "capacity:persons": "150",
        "hospital:type": "B",
        "name": "Spesialis Mata (SMEC)",
        "operator:type": "private",
        "rooms": "15",
        "url": "www.smec-group.com",
        "@geometry": "center"
      },
      "geometry": {
        "type": "Point",
        "coordinates": [
          117.1555781,
          -0.4783803
        ]
      },
      "id": "way/357103556"
    },
    {
      "type": "Feature",
      "properties": {
        "@id": "way/357116113",
        "addr:full": "Jl. Ahmad Yani",
        "amenity": "pharmacy",
        "building": "yes",
        "building:levels": "2",
        "capacity:persons": "100",
        "name": "Apotek K 24",
        "@geometry": "center"
      },
      "geometry": {
        "type": "Point",
        "coordinates": [
          117.1608682,
          -0.4754017
        ]
      },
      "id": "way/357116113"
    },
    {
      "type": "Feature",
      "properties": {
        "@id": "way/357116115",
        "addr:full": "Jl. Ahmad Yani",
        "amenity": "clinic",
        "building": "yes",
        "building:levels": "3",
        "capacity:persons": "200",
        "name": "Klinik Mata dr. Umboh",
        "rooms": "3",
        "@geometry": "center"
      },
      "geometry": {
        "type": "Point",
        "coordinates": [
          117.1657736,
          -0.4726472
        ]
      },
      "id": "way/357116115"
    },
    {
      "type": "Feature",
      "properties": {
        "@id": "way/357116116",
        "addr:full": "Jl. Ahmad Yani",
        "amenity": "pharmacy",
        "building": "yes",
        "building:levels": "2",
        "capacity:persons": "150",
        "name": "Laboratorium Klinik Primadia",
        "@geometry": "center"
      },
      "geometry": {
        "type": "Point",
        "coordinates": [
          117.1609756,
          -0.47534
        ]
      },
      "id": "way/357116116"
    },
    {
      "type": "Feature",
      "properties": {
        "@id": "way/357118150",
        "addr:full": "Jl. Ahmad Yani",
        "amenity": "pharmacy",
        "building": "yes",
        "building:levels": "1",
        "capacity:persons": "50",
        "name": "Kimia Farma Cabang A. Yani",
        "@geometry": "center"
      },
      "geometry": {
        "type": "Point",
        "coordinates": [
          117.1682253,
          -0.4715303
        ]
      },
      "id": "way/357118150"
    },
    {
      "type": "Feature",
      "properties": {
        "@id": "way/357118151",
        "addr:full": "Jl. Ahmad Yani",
        "amenity": "clinic",
        "building": "yes",
        "building:levels": "2",
        "capacity:persons": "100",
        "name": "Klinik Mawar Sari husada",
        "rooms": "5",
        "@geometry": "center"
      },
      "geometry": {
        "type": "Point",
        "coordinates": [
          117.1685376,
          -0.4713482
        ]
      },
      "id": "way/357118151"
    },
    {
      "type": "Feature",
      "properties": {
        "@id": "way/357291359",
        "addr:full": "Jl. Ciptomangunkusumo",
        "amenity": "clinic",
        "building": "yes",
        "building:levels": "1",
        "capacity:persons": "40",
        "name": "Klinik Aisyah",
        "rooms": "3",
        "@geometry": "center"
      },
      "geometry": {
        "type": "Point",
        "coordinates": [
          117.1063793,
          -0.539877
        ]
      },
      "id": "way/357291359"
    },
    {
      "type": "Feature",
      "properties": {
        "@id": "way/357297860",
        "addr:full": "Jl. Abdul Gani Sani",
        "amenity": "clinic",
        "building": "yes",
        "building:levels": "1",
        "capacity:persons": "50",
        "name": "Puskesmas Pembantu Sungai Keledang",
        "rooms": "2",
        "short_name": "Pustu Keledang",
        "@geometry": "center"
      },
      "geometry": {
        "type": "Point",
        "coordinates": [
          117.1266421,
          -0.5180536
        ]
      },
      "id": "way/357297860"
    },
    {
      "type": "Feature",
      "properties": {
        "@id": "way/357300434",
        "addr:full": "Jl. La Maddu Kelleng",
        "amenity": "clinic",
        "building": "yes",
        "building:levels": "1",
        "capacity:persons": "100",
        "name": "Puskesmas Baqa",
        "rooms": "4",
        "@geometry": "center"
      },
      "geometry": {
        "type": "Point",
        "coordinates": [
          117.1418637,
          -0.5102319
        ]
      },
      "id": "way/357300434"
    },
    {
      "type": "Feature",
      "properties": {
        "@id": "way/357311355",
        "addr:full": "Jl. Sejati",
        "amenity": "pharmacy",
        "building": "yes",
        "building:levels": "1",
        "capacity:persons": "20",
        "name": "Apotek Sejati Farma",
        "@geometry": "center"
      },
      "geometry": {
        "type": "Point",
        "coordinates": [
          117.1702558,
          -0.5234899
        ]
      },
      "id": "way/357311355"
    },
    {
      "type": "Feature",
      "properties": {
        "@id": "way/357423025",
        "addr:full": "Jl. Mayjend Sutoyo",
        "amenity": "clinic",
        "building": "yes",
        "building:levels": "1",
        "capacity:persons": "150",
        "name": "Puskesmas Remaja",
        "rooms": "10",
        "@geometry": "center"
      },
      "geometry": {
        "type": "Point",
        "coordinates": [
          117.1651708,
          -0.4769235
        ]
      },
      "id": "way/357423025"
    },
    {
      "type": "Feature",
      "properties": {
        "@id": "way/357650617",
        "addr:full": "Jl. M. Yamin",
        "amenity": "pharmacy",
        "building": "yes",
        "building:levels": "2",
        "capacity:persons": "30",
        "name": "Apotik Alif Farma",
        "@geometry": "center"
      },
      "geometry": {
        "type": "Point",
        "coordinates": [
          117.1504264,
          -0.4634983
        ]
      },
      "id": "way/357650617"
    },
    {
      "type": "Feature",
      "properties": {
        "@id": "way/357650619",
        "addr:full": "Jl. Wahid Hasyim",
        "amenity": "pharmacy",
        "building": "yes",
        "building:levels": "1",
        "capacity:persons": "40",
        "healthcare": "pharmacy",
        "name": "Apotik Citra Sehat",
        "@geometry": "center"
      },
      "geometry": {
        "type": "Point",
        "coordinates": [
          117.1489993,
          -0.4360121
        ]
      },
      "id": "way/357650619"
    },
    {
      "type": "Feature",
      "properties": {
        "@id": "way/357650624",
        "addr:full": "Jl. Bengkuring Raya Kelurahan Sempaja Selatan",
        "amenity": "pharmacy",
        "building": "yes",
        "building:levels": "1",
        "capacity:persons": "30",
        "name": "Apotik Dharma Bakti",
        "@geometry": "center"
      },
      "geometry": {
        "type": "Point",
        "coordinates": [
          117.161734,
          -0.4276882
        ]
      },
      "id": "way/357650624"
    },
    {
      "type": "Feature",
      "properties": {
        "@id": "way/357650629",
        "addr:full": "Jl. Wahid Hasyim No. 47",
        "amenity": "pharmacy",
        "building": "yes",
        "building:levels": "2",
        "capacity:persons": "30",
        "healthcare": "pharmacy",
        "name": "Apotik Erika",
        "@geometry": "center"
      },
      "geometry": {
        "type": "Point",
        "coordinates": [
          117.1551385,
          -0.4421185
        ]
      },
      "id": "way/357650629"
    },
    {
      "type": "Feature",
      "properties": {
        "@id": "way/357650633",
        "addr:full": "Jl. Wahid Hasyim",
        "amenity": "pharmacy",
        "building": "yes",
        "building:levels": "1",
        "capacity:persons": "50",
        "name": "Apotik Santa",
        "@geometry": "center"
      },
      "geometry": {
        "type": "Point",
        "coordinates": [
          117.1506253,
          -0.462009
        ]
      },
      "id": "way/357650633"
    },
    {
      "type": "Feature",
      "properties": {
        "@id": "way/357650638",
        "addr:full": "Jl. Wahid Hasyim No. 8",
        "amenity": "pharmacy",
        "building": "yes",
        "building:levels": "2",
        "capacity:persons": "50",
        "healthcare": "pharmacy",
        "name": "Apotik Wongso Farmacia",
        "@geometry": "center"
      },
      "geometry": {
        "type": "Point",
        "coordinates": [
          117.1547287,
          -0.447663
        ]
      },
      "id": "way/357650638"
    },
    {
      "type": "Feature",
      "properties": {
        "@id": "way/357650738",
        "addr:full": "Jl. Bengkuring Raya",
        "amenity": "pharmacy",
        "building": "yes",
        "building:levels": "2",
        "capacity:persons": "100",
        "name": "Klinik & Apotik Sinar Sehat",
        "@geometry": "center"
      },
      "geometry": {
        "type": "Point",
        "coordinates": [
          117.1634747,
          -0.4267552
        ]
      },
      "id": "way/357650738"
    },
    {
      "type": "Feature",
      "properties": {
        "@id": "way/357650792",
        "addr:full": "Jl. Bengkuring Raya Kelurahan Sempaja Selatan",
        "amenity": "clinic",
        "building": "yes",
        "building:levels": "1",
        "capacity:persons": "150",
        "name": "Puskesmas Bengkuring",
        "rooms": "0",
        "website": "http://kecsmdutara.samarindakota.go.id/puskesmas",
        "@geometry": "center"
      },
      "geometry": {
        "type": "Point",
        "coordinates": [
          117.1625807,
          -0.4271848
        ]
      },
      "id": "way/357650792"
    },
    {
      "type": "Feature",
      "properties": {
        "@id": "way/357650799",
        "addr:full": "Jl. Bengkuring Raya Kelurahan Sempaja Selatan",
        "amenity": "clinic",
        "building": "yes",
        "building:levels": "1",
        "capacity:persons": "150",
        "name": "Puskesmas Bengkuring",
        "rooms": "0",
        "website": "http://kecsmdutara.samarindakota.go.id/puskesmas",
        "@geometry": "center"
      },
      "geometry": {
        "type": "Point",
        "coordinates": [
          117.1627109,
          -0.4272324
        ]
      },
      "id": "way/357650799"
    },
    {
      "type": "Feature",
      "properties": {
        "@id": "way/357650805",
        "addr:full": "Jl. Bengkuring Raya Kelurahan Sempaja Selatan",
        "amenity": "clinic",
        "building": "yes",
        "building:levels": "1",
        "capacity:persons": "150",
        "name": "Puskesmas Bengkuring",
        "rooms": "0",
        "website": "http://kecsmdutara.samarindakota.go.id/puskesmas",
        "@geometry": "center"
      },
      "geometry": {
        "type": "Point",
        "coordinates": [
          117.1625256,
          -0.4273104
        ]
      },
      "id": "way/357650805"
    },
    {
      "type": "Feature",
      "properties": {
        "@id": "way/357650810",
        "addr:full": "Jl. Bengkuring Raya Kelurahan Sempaja Selatan",
        "amenity": "clinic",
        "building": "yes",
        "building:levels": "1",
        "capacity:persons": "150",
        "name": "Puskesmas Bengkuring",
        "rooms": "0",
        "website": "http://kecsmdutara.samarindakota.go.id/puskesmas",
        "@geometry": "center"
      },
      "geometry": {
        "type": "Point",
        "coordinates": [
          117.162684,
          -0.427399
        ]
      },
      "id": "way/357650810"
    },
    {
      "type": "Feature",
      "properties": {
        "@id": "way/357650813",
        "addr:full": "Jl. Bengkuring Raya Kelurahan Sempaja Selatan",
        "amenity": "clinic",
        "building": "yes",
        "building:levels": "1",
        "capacity:persons": "150",
        "name": "Puskesmas Bengkuring",
        "rooms": "0",
        "website": "http://kecsmdutara.samarindakota.go.id/puskesmas",
        "@geometry": "center"
      },
      "geometry": {
        "type": "Point",
        "coordinates": [
          117.1626561,
          -0.4270249
        ]
      },
      "id": "way/357650813"
    },
    {
      "type": "Feature",
      "properties": {
        "@id": "way/357650816",
        "addr:full": "Jl. Bengkuring Raya Kelurahan Sempaja Selatan",
        "amenity": "clinic",
        "building": "yes",
        "building:levels": "1",
        "capacity:persons": "150",
        "name": "Puskesmas Bengkuring",
        "rooms": "0",
        "website": "http://kecsmdutara.samarindakota.go.id/puskesmas",
        "@geometry": "center"
      },
      "geometry": {
        "type": "Point",
        "coordinates": [
          117.1624192,
          -0.4272166
        ]
      },
      "id": "way/357650816"
    },
    {
      "type": "Feature",
      "properties": {
        "@id": "way/357650819",
        "addr:full": "Jl. Batu Cermin",
        "amenity": "clinic",
        "building": "yes",
        "building:levels": "1",
        "capacity:persons": "100",
        "healthcare": "clinic",
        "name": "Puskesmas Pembantu Batu Cermin",
        "operator": "Ministry of Health",
        "operator:en": "Ministry of Health",
        "operator:id": "Kementerian Kesehatan",
        "operator:type": "government",
        "operator:wikidata": "Q12490745",
        "rooms": "0",
        "short_name": "Pustu Batu Cermin",
        "@geometry": "center"
      },
      "geometry": {
        "type": "Point",
        "coordinates": [
          117.1419514,
          -0.4347813
        ]
      },
      "id": "way/357650819"
    },
    {
      "type": "Feature",
      "properties": {
        "@id": "way/358375825",
        "addr:full": "Jl. Pasundan",
        "amenity": "clinic",
        "building": "yes",
        "building:levels": "3",
        "name": "Puskesmas Pasundan",
        "@geometry": "center"
      },
      "geometry": {
        "type": "Point",
        "coordinates": [
          117.1375618,
          -0.4954104
        ]
      },
      "id": "way/358375825"
    },
    {
      "type": "Feature",
      "properties": {
        "@id": "way/358375826",
        "addr:full": "Jl. Raudah",
        "amenity": "clinic",
        "building": "yes",
        "building:levels": "1",
        "capacity:persons": "150",
        "name": "Pustu Teluk Lerong",
        "@geometry": "center"
      },
      "geometry": {
        "type": "Point",
        "coordinates": [
          117.1305447,
          -0.4972326
        ]
      },
      "id": "way/358375826"
    },
    {
      "type": "Feature",
      "properties": {
        "@id": "way/358468507",
        "addr:full": "Jl. Perumahan Bumi Sempaja",
        "amenity": "pharmacy",
        "building": "yes",
        "building:levels": "2",
        "capacity:persons": "20",
        "healthcare": "pharmacy",
        "name": "Apotek Mega Madina",
        "@geometry": "center"
      },
      "geometry": {
        "type": "Point",
        "coordinates": [
          117.1664531,
          -0.4517853
        ]
      },
      "id": "way/358468507"
    },
    {
      "type": "Feature",
      "properties": {
        "@id": "way/358468529",
        "addr:full": "Jl. Gunung Lingai RT 3",
        "amenity": "clinic",
        "building": "yes",
        "building:levels": "1",
        "capacity:persons": "30",
        "name": "Poskesdes Gunung Lingai",
        "rooms": "1",
        "@geometry": "center"
      },
      "geometry": {
        "type": "Point",
        "coordinates": [
          117.1763783,
          -0.4469702
        ]
      },
      "id": "way/358468529"
    },
    {
      "type": "Feature",
      "properties": {
        "@id": "way/358468531",
        "addr:full": "Lempake Tepian",
        "amenity": "clinic",
        "building": "yes",
        "building:levels": "1",
        "capacity:persons": "20",
        "name": "Posyandu Nusa Indah",
        "rooms": "1",
        "@geometry": "center"
      },
      "geometry": {
        "type": "Point",
        "coordinates": [
          117.1759463,
          -0.4362014
        ]
      },
      "id": "way/358468531"
    },
    {
      "type": "Feature",
      "properties": {
        "@id": "way/358495053",
        "addr:full": "Jl. Ahmad Yani",
        "amenity": "pharmacy",
        "building": "yes",
        "building:levels": "2",
        "capacity:persons": "120",
        "name": "Apotek Julia 2",
        "@geometry": "center"
      },
      "geometry": {
        "type": "Point",
        "coordinates": [
          117.1613993,
          -0.4757493
        ]
      },
      "id": "way/358495053"
    },
    {
      "type": "Feature",
      "properties": {
        "@id": "way/358495070",
        "addr:full": "Jl. Ahmad Yani",
        "amenity": "clinic",
        "building": "yes",
        "building:levels": "4-7",
        "capacity:persons": "300",
        "name": "Dentistika Klinik",
        "rooms": "4",
        "@geometry": "center"
      },
      "geometry": {
        "type": "Point",
        "coordinates": [
          117.1600164,
          -0.4764648
        ]
      },
      "id": "way/358495070"
    },
    {
      "type": "Feature",
      "properties": {
        "@id": "way/358495078",
        "addr:full": "Jl. Ahmad Yani",
        "amenity": "clinic",
        "building": "yes",
        "building:levels": "1",
        "capacity:persons": "100",
        "name": "Klinik Himalaya",
        "rooms": "2",
        "@geometry": "center"
      },
      "geometry": {
        "type": "Point",
        "coordinates": [
          117.1655032,
          -0.4731908
        ]
      },
      "id": "way/358495078"
    },
    {
      "type": "Feature",
      "properties": {
        "@id": "way/358495079",
        "addr:full": "Jl. Ahmad Yani",
        "amenity": "clinic",
        "building": "yes",
        "building:levels": "2",
        "capacity:persons": "300",
        "name": "Klinik Ibu dan Anak Kasih Cendrawasih",
        "rooms": "10",
        "@geometry": "center"
      },
      "geometry": {
        "type": "Point",
        "coordinates": [
          117.1617485,
          -0.475524
        ]
      },
      "id": "way/358495079"
    },
    {
      "type": "Feature",
      "properties": {
        "@id": "way/358724697",
        "addr:full": "Jl. Bukit Indah Permai",
        "amenity": "clinic",
        "building": "yes",
        "building:levels": "2",
        "capacity:persons": "10",
        "name": "Klinik Psikologi",
        "rooms": "3",
        "@geometry": "center"
      },
      "geometry": {
        "type": "Point",
        "coordinates": [
          117.1097448,
          -0.509507
        ]
      },
      "id": "way/358724697"
    },
    {
      "type": "Feature",
      "properties": {
        "@id": "way/358726836",
        "addr:full": "Jl. D.I Panjaitan",
        "amenity": "pharmacy",
        "building": "yes",
        "building:levels": "1",
        "capacity:persons": "30",
        "name": "Apotek Sehat Bersama",
        "@geometry": "center"
      },
      "geometry": {
        "type": "Point",
        "coordinates": [
          117.1902687,
          -0.4552738
        ]
      },
      "id": "way/358726836"
    },
    {
      "type": "Feature",
      "properties": {
        "@id": "way/358726908",
        "addr:full": "Jl. Suko Rejo Rt. 39",
        "amenity": "doctors",
        "building": "yes",
        "building:levels": "1",
        "capacity:persons": "10",
        "name": "Posyandu Kamboja",
        "rooms": "2",
        "website": "http://kecsmdutara.samarindakota.go.id/posyandu",
        "@geometry": "center"
      },
      "geometry": {
        "type": "Point",
        "coordinates": [
          117.1970864,
          -0.4231142
        ]
      },
      "id": "way/358726908"
    },
    {
      "type": "Feature",
      "properties": {
        "@id": "way/358726909",
        "addr:full": "Jl. bayur Rt. 14",
        "amenity": "clinic",
        "building": "yes",
        "building:levels": "1",
        "capacity:persons": "20",
        "name": "Posyandu Lestari",
        "rooms": "1",
        "website": "http://kecsmdutara.samarindakota.go.id/posyandu",
        "@geometry": "center"
      },
      "geometry": {
        "type": "Point",
        "coordinates": [
          117.1656661,
          -0.410462
        ]
      },
      "id": "way/358726909"
    },
    {
      "type": "Feature",
      "properties": {
        "@id": "way/358726910",
        "addr:full": "Jl. Giri Rejo",
        "amenity": "clinic",
        "building": "yes",
        "building:levels": "1",
        "capacity:persons": "10",
        "healthcare": "clinic",
        "name": "Posyandu Plamboyna",
        "operator": "Posyandu",
        "operator:type": "private",
        "operator:wikidata": "Q12506263",
        "rooms": "1",
        "@geometry": "center"
      },
      "geometry": {
        "type": "Point",
        "coordinates": [
          117.1926883,
          -0.4109435
        ]
      },
      "id": "way/358726910"
    },
    {
      "type": "Feature",
      "properties": {
        "@id": "way/358726911",
        "addr:full": "Jl. Kebon Agung Rt. 07/08",
        "amenity": "clinic",
        "building": "yes",
        "building:levels": "1",
        "capacity:persons": "20",
        "name": "Posyandu Wijaya Kusuma",
        "rooms": "1",
        "website": "http://kecsmdutara.samarindakota.go.id/posyandu",
        "@geometry": "center"
      },
      "geometry": {
        "type": "Point",
        "coordinates": [
          117.1930682,
          -0.443609
        ]
      },
      "id": "way/358726911"
    },
    {
      "type": "Feature",
      "properties": {
        "@id": "way/358726914",
        "addr:full": "Jl. Lempake Jaya Lempake",
        "amenity": "clinic",
        "building": "yes",
        "building:levels": "1",
        "capacity:persons": "10",
        "name": "Puskesman Hewan Lempake",
        "rooms": "1",
        "@geometry": "center"
      },
      "geometry": {
        "type": "Point",
        "coordinates": [
          117.1810872,
          -0.4328468
        ]
      },
      "id": "way/358726914"
    },
    {
      "type": "Feature",
      "properties": {
        "@id": "way/358726915",
        "addr:full": "Jl. KH. Hasyim Asyari",
        "amenity": "clinic",
        "building": "yes",
        "building:levels": "1",
        "capacity:persons": "30",
        "healthcare": "clinic",
        "name": "Puskesmas Pembantu Benanga",
        "operator": "Ministry of Health",
        "operator:en": "Ministry of Health",
        "operator:id": "Kementerian Kesehatan",
        "operator:type": "government",
        "operator:wikidata": "Q12490745",
        "rooms": "1",
        "short_name": "Pustu Benanga",
        "@geometry": "center"
      },
      "geometry": {
        "type": "Point",
        "coordinates": [
          117.1969083,
          -0.4179449
        ]
      },
      "id": "way/358726915"
    },
    {
      "type": "Feature",
      "properties": {
        "@id": "way/358726916",
        "addr:full": "Jl. Lempake Jaya Lempake",
        "amenity": "clinic",
        "building": "yes",
        "building:levels": "1",
        "capacity:persons": "30",
        "name": "Puskesmas Pembantu Lempake Jaya",
        "rooms": "1",
        "short_name": "Pustu Lempake Jaya",
        "@geometry": "center"
      },
      "geometry": {
        "type": "Point",
        "coordinates": [
          117.1804703,
          -0.4332191
        ]
      },
      "id": "way/358726916"
    },
    {
      "type": "Feature",
      "properties": {
        "@id": "way/358726918",
        "addr:full": "Jl. Bayur",
        "amenity": "clinic",
        "building": "yes",
        "building:levels": "1",
        "capacity:persons": "30",
        "name": "Puskesmas Pinang Seribu",
        "rooms": "1",
        "@geometry": "center"
      },
      "geometry": {
        "type": "Point",
        "coordinates": [
          117.1655946,
          -0.4105581
        ]
      },
      "id": "way/358726918"
    },
    {
      "type": "Feature",
      "properties": {
        "@id": "way/358803258",
        "addr:full": "Jl. Pelita",
        "amenity": "clinic",
        "building": "yes",
        "building:levels": "2",
        "capacity:persons": "200",
        "name": "Puskesmas Temindung",
        "rooms": "7",
        "@geometry": "center"
      },
      "geometry": {
        "type": "Point",
        "coordinates": [
          117.1643184,
          -0.48534
        ]
      },
      "id": "way/358803258"
    },
    {
      "type": "Feature",
      "properties": {
        "@id": "way/358808433",
        "addr:full": "Jl. Sentosa",
        "amenity": "clinic",
        "building": "yes",
        "building:levels": "1",
        "capacity:persons": "100",
        "name": "Klinik Harmoni",
        "rooms": "2",
        "@geometry": "center"
      },
      "geometry": {
        "type": "Point",
        "coordinates": [
          117.1706695,
          -0.4702846
        ]
      },
      "id": "way/358808433"
    },
    {
      "type": "Feature",
      "properties": {
        "@id": "way/359078080",
        "addr:full": "Jl. Provinsi",
        "amenity": "pharmacy",
        "building": "yes",
        "building:levels": "1",
        "capacity:persons": "15",
        "name": "Depot Jamu",
        "@geometry": "center"
      },
      "geometry": {
        "type": "Point",
        "coordinates": [
          117.2283853,
          -0.5397643
        ]
      },
      "id": "way/359078080"
    },
    {
      "type": "Feature",
      "properties": {
        "@id": "way/359079402",
        "addr:full": "Jl. Mugirejo",
        "amenity": "clinic",
        "building": "yes",
        "building:levels": "1",
        "capacity:persons": "150",
        "name": "Klinik Bersalin Bontamah",
        "rooms": "2",
        "@geometry": "center"
      },
      "geometry": {
        "type": "Point",
        "coordinates": [
          117.1874533,
          -0.4630317
        ]
      },
      "id": "way/359079402"
    },
    {
      "type": "Feature",
      "properties": {
        "@id": "way/359079755",
        "addr:full": "Jl. Cendana",
        "amenity": "clinic",
        "building": "yes",
        "building:levels": "2",
        "capacity:persons": "150",
        "name": "Puskesmas Wonorejo",
        "rooms": "5",
        "@geometry": "center"
      },
      "geometry": {
        "type": "Point",
        "coordinates": [
          117.125173,
          -0.49797
        ]
      },
      "id": "way/359079755"
    },
    {
      "type": "Feature",
      "properties": {
        "@id": "way/359079758",
        "addr:full": "Jl. Cendana",
        "amenity": "doctors",
        "building": "yes",
        "building:levels": "1",
        "capacity:persons": "15",
        "name": "drg. Aprillia Lailati",
        "rooms": "3",
        "@geometry": "center"
      },
      "geometry": {
        "type": "Point",
        "coordinates": [
          117.1253854,
          -0.4979357
        ]
      },
      "id": "way/359079758"
    },
    {
      "type": "Feature",
      "properties": {
        "@id": "way/359090017",
        "addr:full": "Jl. Ahmad Yani",
        "amenity": "clinic",
        "building": "yes",
        "building:levels": "2",
        "capacity:persons": "250",
        "name": "Klinik Sentra Medika",
        "rooms": "5",
        "@geometry": "center"
      },
      "geometry": {
        "type": "Point",
        "coordinates": [
          117.1560549,
          -0.478783
        ]
      },
      "id": "way/359090017"
    },
    {
      "type": "Feature",
      "properties": {
        "@id": "way/359296869",
        "addr:full": "Jl. Gatot Subroto",
        "amenity": "clinic",
        "building": "yes",
        "building:levels": "2",
        "capacity:persons": "200",
        "name": "Natasha Skin Clinic",
        "rooms": "3",
        "@geometry": "center"
      },
      "geometry": {
        "type": "Point",
        "coordinates": [
          117.1546623,
          -0.4867321
        ]
      },
      "id": "way/359296869"
    },
    {
      "type": "Feature",
      "properties": {
        "@id": "way/359301641",
        "addr:full": "Jl. Camar",
        "amenity": "pharmacy",
        "building": "yes",
        "building:levels": "2",
        "capacity:persons": "200",
        "name": "Apotek Bethesda",
        "@geometry": "center"
      },
      "geometry": {
        "type": "Point",
        "coordinates": [
          117.1535885,
          -0.4817551
        ]
      },
      "id": "way/359301641"
    },
    {
      "type": "Feature",
      "properties": {
        "@id": "way/359442253",
        "amenity": "pharmacy",
        "building": "yes",
        "description": "Toko Kelontong",
        "name": "Apotek XS Mart",
        "opening_hours": "24/7",
        "shop": "supermarket",
        "@geometry": "center"
      },
      "geometry": {
        "type": "Point",
        "coordinates": [
          117.1452658,
          -0.4783837
        ]
      },
      "id": "way/359442253"
    },
    {
      "type": "Feature",
      "properties": {
        "@id": "way/359450179",
        "addr:full": "Jl. Mugirejo",
        "amenity": "pharmacy",
        "building": "yes",
        "building:levels": "1",
        "capacity:persons": "50",
        "name": "Apotek Permata",
        "@geometry": "center"
      },
      "geometry": {
        "type": "Point",
        "coordinates": [
          117.1865868,
          -0.4626023
        ]
      },
      "id": "way/359450179"
    },
    {
      "type": "Feature",
      "properties": {
        "@id": "way/359532485",
        "addr:full": "Jl. P. Hidayatullah",
        "amenity": "pharmacy",
        "name": "Apotek Kimia Farma Hidayatullah",
        "@geometry": "center"
      },
      "geometry": {
        "type": "Point",
        "coordinates": [
          117.1556265,
          -0.5018335
        ]
      },
      "id": "way/359532485"
    },
    {
      "type": "Feature",
      "properties": {
        "@id": "way/359675928",
        "addr:full": "Jl. Sultan Alimudin",
        "amenity": "clinic",
        "building": "yes",
        "building:levels": "2",
        "capacity:persons": "20",
        "name": "Apotik Kimia Farma",
        "rooms": "-",
        "@geometry": "center"
      },
      "geometry": {
        "type": "Point",
        "coordinates": [
          117.1653237,
          -0.5111678
        ]
      },
      "id": "way/359675928"
    },
    {
      "type": "Feature",
      "properties": {
        "@id": "way/359675943",
        "addr:full": "Jl. Sejati PKL",
        "amenity": "clinic",
        "building": "yes",
        "building:levels": "1",
        "capacity:persons": "20",
        "name": "Posyandu Akasia",
        "rooms": "1",
        "@geometry": "center"
      },
      "geometry": {
        "type": "Point",
        "coordinates": [
          117.1715742,
          -0.525849
        ]
      },
      "id": "way/359675943"
    },
    {
      "type": "Feature",
      "properties": {
        "@id": "way/359678303",
        "addr:full": "Jl. Provinsi",
        "amenity": "pharmacy",
        "building": "yes",
        "building:levels": "1",
        "capacity:persons": "10",
        "name": "Apotek \"Romansyah\"",
        "@geometry": "center"
      },
      "geometry": {
        "type": "Point",
        "coordinates": [
          117.2278623,
          -0.5568692
        ]
      },
      "id": "way/359678303"
    },
    {
      "type": "Feature",
      "properties": {
        "@id": "way/359678323",
        "addr:full": "Jl. Masaji",
        "amenity": "doctors",
        "building": "yes",
        "building:levels": "1",
        "capacity:persons": "50",
        "name": "Praktik dr Umum \"dr. Daud\"",
        "rooms": "2",
        "@geometry": "center"
      },
      "geometry": {
        "type": "Point",
        "coordinates": [
          117.2289488,
          -0.5560351
        ]
      },
      "id": "way/359678323"
    },
    {
      "type": "Feature",
      "properties": {
        "@id": "way/359679498",
        "addr:full": "Perum PKL",
        "amenity": "clinic",
        "building": "yes",
        "building:levels": "1",
        "capacity:persons": "10",
        "name": "Klinik Narnia",
        "rooms": "-",
        "@geometry": "center"
      },
      "geometry": {
        "type": "Point",
        "coordinates": [
          117.1683939,
          -0.5304379
        ]
      },
      "id": "way/359679498"
    },
    {
      "type": "Feature",
      "properties": {
        "@id": "way/359679504",
        "addr:full": "Jl. Tatako",
        "amenity": "clinic",
        "building": "yes",
        "building:levels": "1",
        "capacity:persons": "20",
        "name": "Posyandu Camar",
        "rooms": "-",
        "@geometry": "center"
      },
      "geometry": {
        "type": "Point",
        "coordinates": [
          117.1637924,
          -0.5327198
        ]
      },
      "id": "way/359679504"
    },
    {
      "type": "Feature",
      "properties": {
        "@id": "way/359680890",
        "addr:full": "Jl. Pelita 7 Perumahan Sambutan Idaman Permai",
        "amenity": "clinic",
        "building": "yes",
        "building:levels": "1",
        "capacity:persons": "20",
        "name": "Posyandu Kasih Ibu",
        "@geometry": "center"
      },
      "geometry": {
        "type": "Point",
        "coordinates": [
          117.2095728,
          -0.5110324
        ]
      },
      "id": "way/359680890"
    },
    {
      "type": "Feature",
      "properties": {
        "@id": "way/359691038",
        "addr:full": "Jl. M. Arsyad",
        "amenity": "clinic",
        "building": "yes",
        "building:levels": "1",
        "capacity:persons": "20",
        "name": "Posyandu Sungai Kapih",
        "@geometry": "center"
      },
      "geometry": {
        "type": "Point",
        "coordinates": [
          117.1791094,
          -0.5401398
        ]
      },
      "id": "way/359691038"
    },
    {
      "type": "Feature",
      "properties": {
        "@id": "way/359691039",
        "addr:full": "Jl. Telkom",
        "amenity": "clinic",
        "building": "yes",
        "building:levels": "1",
        "capacity:persons": "20",
        "name": "Posyandu Teratai Putih",
        "@geometry": "center"
      },
      "geometry": {
        "type": "Point",
        "coordinates": [
          117.1903368,
          -0.5499684
        ]
      },
      "id": "way/359691039"
    },
    {
      "type": "Feature",
      "properties": {
        "@id": "way/359691041",
        "addr:full": "Jl. Olah Bebaya",
        "amenity": "clinic",
        "building": "yes",
        "building:levels": "1",
        "capacity:persons": "10",
        "name": "Puskesmas Pembantu Sambutan",
        "@geometry": "center"
      },
      "geometry": {
        "type": "Point",
        "coordinates": [
          117.1909514,
          -0.5499256
        ]
      },
      "id": "way/359691041"
    },
    {
      "type": "Feature",
      "properties": {
        "@id": "way/359756021",
        "addr:full": "Jl. Arif Rahman Hakim",
        "amenity": "pharmacy",
        "building": "yes",
        "building:levels": "2",
        "capacity:persons": "250",
        "name": "Apotek Mulia Husada",
        "@geometry": "center"
      },
      "geometry": {
        "type": "Point",
        "coordinates": [
          117.1573437,
          -0.4967792
        ]
      },
      "id": "way/359756021"
    },
    {
      "type": "Feature",
      "properties": {
        "@id": "way/359756022",
        "addr:full": "Jl. Aminah Syukur",
        "amenity": "pharmacy",
        "building": "yes",
        "building:levels": "1",
        "capacity:persons": "200",
        "name": "Apotek Sapiah",
        "@geometry": "center"
      },
      "geometry": {
        "type": "Point",
        "coordinates": [
          117.1557688,
          -0.4995902
        ]
      },
      "id": "way/359756022"
    },
    {
      "type": "Feature",
      "properties": {
        "@id": "way/360094997",
        "access:roof": "no",
        "amenity": "clinic",
        "building": "yes",
        "building:levels": "1",
        "building:roof": "tin",
        "building:structure": "plastered",
        "building:walls": "wood",
        "capacity:persons": "40",
        "name": "Puskesmas Pembantu Senoni",
        "rooms": "5",
        "short_name": "Pustu Senoni",
        "url": "http://dinkes.kutaikartanegarakab.go.id/puskesmas.php",
        "@geometry": "center"
      },
      "geometry": {
        "type": "Point",
        "coordinates": [
          116.8308251,
          -0.3295609
        ]
      },
      "id": "way/360094997"
    },
    {
      "type": "Feature",
      "properties": {
        "@id": "way/361290584",
        "addr:full": "Jl. A.M. Sangaji",
        "amenity": "clinic",
        "building": "yes",
        "building:levels": "1",
        "capacity:persons": "100",
        "name": "Klinik Jaya Matja",
        "rooms": "2",
        "@geometry": "center"
      },
      "geometry": {
        "type": "Point",
        "coordinates": [
          117.1527234,
          -0.486887
        ]
      },
      "id": "way/361290584"
    },
    {
      "type": "Feature",
      "properties": {
        "@id": "way/361290585",
        "addr:full": "Jl. A.M. Sangaji",
        "amenity": "clinic",
        "building": "yes",
        "building:levels": "3",
        "capacity:persons": "450",
        "name": "Klinik Ramlan Parjib",
        "rooms": "10",
        "@geometry": "center"
      },
      "geometry": {
        "type": "Point",
        "coordinates": [
          117.151243,
          -0.4816981
        ]
      },
      "id": "way/361290585"
    },
    {
      "type": "Feature",
      "properties": {
        "@id": "way/361290603",
        "addr:full": "Jl. Perniagaan",
        "amenity": "pharmacy",
        "building": "yes",
        "building:levels": "1",
        "capacity:persons": "100",
        "name": "Toko Obat HK Hotama",
        "@geometry": "center"
      },
      "geometry": {
        "type": "Point",
        "coordinates": [
          117.1517701,
          -0.4835216
        ]
      },
      "id": "way/361290603"
    },
    {
      "type": "Feature",
      "properties": {
        "@id": "way/361649878",
        "addr:full": "Jl. Merapi. Kelurahan Tanah Merah",
        "amenity": "clinic",
        "building": "yes",
        "building:levels": "1",
        "capacity:persons": "30",
        "name": "POSKESDES Tanah Merah",
        "rooms": "1",
        "@geometry": "center"
      },
      "geometry": {
        "type": "Point",
        "coordinates": [
          117.2216129,
          -0.4388985
        ]
      },
      "id": "way/361649878"
    },
    {
      "type": "Feature",
      "properties": {
        "@id": "way/361649890",
        "addr:full": "Perumnas Bengkuring",
        "amenity": "clinic",
        "building": "yes",
        "building:levels": "1",
        "capacity:persons": "20",
        "name": "Posyandu Kasih Sayang",
        "rooms": "1",
        "website": "http://kecsmdutara.samarindakota.go.id/posyandu",
        "@geometry": "center"
      },
      "geometry": {
        "type": "Point",
        "coordinates": [
          117.1681217,
          -0.4229462
        ]
      },
      "id": "way/361649890"
    },
    {
      "type": "Feature",
      "properties": {
        "@id": "way/361649891",
        "addr:full": "Desa Wisata Budaya Pampang RT. 03",
        "amenity": "clinic",
        "building": "yes",
        "building:levels": "1",
        "capacity:persons": "30",
        "name": "Posyandu Melati",
        "rooms": "1",
        "website": "http://kecsmdutara.samarindakota.go.id/posyandu",
        "@geometry": "center"
      },
      "geometry": {
        "type": "Point",
        "coordinates": [
          117.2287415,
          -0.3796166
        ]
      },
      "id": "way/361649891"
    },
    {
      "type": "Feature",
      "properties": {
        "@id": "way/361649892",
        "addr:full": "Jl. Pampang. RT.2",
        "amenity": "clinic",
        "building": "yes",
        "building:levels": "1",
        "capacity:persons": "20",
        "name": "Posyandu Merpati",
        "rooms": "1",
        "website": "http://kecsmdutara.samarindakota.go.id/posyandu",
        "@geometry": "center"
      },
      "geometry": {
        "type": "Point",
        "coordinates": [
          117.2273121,
          -0.3881574
        ]
      },
      "id": "way/361649892"
    },
    {
      "type": "Feature",
      "properties": {
        "@id": "way/361649893",
        "addr:full": "Jl. Merapi. Kelurahan Tanah Merah",
        "amenity": "clinic",
        "building": "yes",
        "building:levels": "1",
        "capacity:persons": "20",
        "name": "Posyandu Seruni",
        "rooms": "1",
        "website": "http://kecsmdutara.samarindakota.go.id/posyandu",
        "@geometry": "center"
      },
      "geometry": {
        "type": "Point",
        "coordinates": [
          117.2216129,
          -0.4390017
        ]
      },
      "id": "way/361649893"
    },
    {
      "type": "Feature",
      "properties": {
        "@id": "way/361649894",
        "addr:full": "Jl. Samarinda-Bontang Km. 37 RT. 04",
        "amenity": "clinic",
        "building": "yes",
        "building:levels": "1",
        "capacity:persons": "15",
        "name": "Posyandu Taratai",
        "rooms": "1",
        "website": "http://kecsmdutara.samarindakota.go.id/posyandu",
        "@geometry": "center"
      },
      "geometry": {
        "type": "Point",
        "coordinates": [
          117.2587102,
          -0.3933377
        ]
      },
      "id": "way/361649894"
    },
    {
      "type": "Feature",
      "properties": {
        "@id": "way/361649895",
        "addr:full": "PERUMNAS BENGKURING RT. 90",
        "amenity": "clinic",
        "building": "yes",
        "building:levels": "1",
        "capacity:persons": "20",
        "healthcare": "clinic",
        "name": "Posyandu Taratai",
        "rooms": "1",
        "website": "http://kecsmdutara.samarindakota.go.id/posyandu",
        "@geometry": "center"
      },
      "geometry": {
        "type": "Point",
        "coordinates": [
          117.1683158,
          -0.4201215
        ]
      },
      "id": "way/361649895"
    },
    {
      "type": "Feature",
      "properties": {
        "@id": "way/361649896",
        "addr:full": "PERUMNAS BENGKURING BLOK E RT.89",
        "amenity": "clinic",
        "building": "yes",
        "building:levels": "1",
        "capacity:persons": "15",
        "name": "Posyandu Turi Putih",
        "rooms": "1",
        "website": "http://kecsmdutara.samarindakota.go.id/posyandu",
        "@geometry": "center"
      },
      "geometry": {
        "type": "Point",
        "coordinates": [
          117.1665799,
          -0.4190259
        ]
      },
      "id": "way/361649896"
    },
    {
      "type": "Feature",
      "properties": {
        "@id": "way/361649898",
        "addr:full": "Jl. Poros Batu Besaung",
        "amenity": "clinic",
        "building": "yes",
        "building:levels": "1",
        "capacity:persons": "30",
        "name": "Puskesmas Pembantu Batu Besaung",
        "rooms": "1",
        "short_name": "Pustu Batu Besaung",
        "@geometry": "center"
      },
      "geometry": {
        "type": "Point",
        "coordinates": [
          117.1506461,
          -0.3980558
        ]
      },
      "id": "way/361649898"
    },
    {
      "type": "Feature",
      "properties": {
        "@id": "way/361649899",
        "addr:full": "Desa Wisata Budaya Pampang RT. 03",
        "amenity": "clinic",
        "building": "yes",
        "building:levels": "1",
        "capacity:persons": "30",
        "name": "Puskesmas Pembantu Pampang",
        "rooms": "2",
        "@geometry": "center"
      },
      "geometry": {
        "type": "Point",
        "coordinates": [
          117.2287793,
          -0.3797853
        ]
      },
      "id": "way/361649899"
    },
    {
      "type": "Feature",
      "properties": {
        "@id": "way/361649900",
        "addr:full": "Jl. Samarinda-Bontang Km. 37 RT. 04",
        "amenity": "clinic",
        "building": "yes",
        "building:levels": "1",
        "capacity:persons": "10",
        "name": "Puskesmas Pembantu Sungai Lantung",
        "rooms": "1",
        "@geometry": "center"
      },
      "geometry": {
        "type": "Point",
        "coordinates": [
          117.2588823,
          -0.3915595
        ]
      },
      "id": "way/361649900"
    },
    {
      "type": "Feature",
      "properties": {
        "@id": "way/361649901",
        "addr:full": "Jl. Poros Samarinda-Bontang Kelurahan Sungai Siring",
        "amenity": "clinic",
        "building": "yes",
        "building:levels": "1",
        "capacity:persons": "50",
        "name": "Puskesmas Sungai Siring",
        "rooms": "10",
        "website": "http://kecsmdutara.samarindakota.go.id/puskesmas",
        "@geometry": "center"
      },
      "geometry": {
        "type": "Point",
        "coordinates": [
          117.2398321,
          -0.4023365
        ]
      },
      "id": "way/361649901"
    },
    {
      "type": "Feature",
      "properties": {
        "@id": "way/361649902",
        "addr:full": "Jl. Poros Samarinda-Bontang Kelurahan Sungai Siring",
        "amenity": "clinic",
        "building": "yes",
        "building:levels": "1",
        "capacity:persons": "50",
        "name": "Puskesmas Sungai Siring",
        "rooms": "10",
        "website": "http://kecsmdutara.samarindakota.go.id/puskesmas",
        "@geometry": "center"
      },
      "geometry": {
        "type": "Point",
        "coordinates": [
          117.2399007,
          -0.4025448
        ]
      },
      "id": "way/361649902"
    },
    {
      "type": "Feature",
      "properties": {
        "@id": "way/361649903",
        "addr:full": "Jl. Poros Samarinda-Bontang Kelurahan Sungai Siring",
        "amenity": "clinic",
        "building": "yes",
        "building:levels": "1",
        "capacity:persons": "50",
        "name": "Puskesmas Sungai Siring",
        "rooms": "10",
        "website": "http://kecsmdutara.samarindakota.go.id/puskesmas",
        "@geometry": "center"
      },
      "geometry": {
        "type": "Point",
        "coordinates": [
          117.2397977,
          -0.4028946
        ]
      },
      "id": "way/361649903"
    },
    {
      "type": "Feature",
      "properties": {
        "@id": "way/361649904",
        "addr:full": "Jl. Poros Samarinda-Bontang Kelurahan Sungai Siring",
        "amenity": "clinic",
        "building": "yes",
        "building:levels": "1",
        "capacity:persons": "50",
        "name": "Puskesmas Sungai Siring",
        "rooms": "10",
        "website": "http://kecsmdutara.samarindakota.go.id/puskesmas",
        "@geometry": "center"
      },
      "geometry": {
        "type": "Point",
        "coordinates": [
          117.2395248,
          -0.4028566
        ]
      },
      "id": "way/361649904"
    },
    {
      "type": "Feature",
      "properties": {
        "@id": "way/361649905",
        "addr:full": "Jl. Poros Samarinda-Bontang Kelurahan Sungai Siring",
        "amenity": "clinic",
        "building": "yes",
        "building:levels": "1",
        "capacity:persons": "50",
        "name": "Puskesmas Sungai Siring",
        "rooms": "10",
        "website": "http://kecsmdutara.samarindakota.go.id/puskesmas",
        "@geometry": "center"
      },
      "geometry": {
        "type": "Point",
        "coordinates": [
          117.2394182,
          -0.402656
        ]
      },
      "id": "way/361649905"
    },
    {
      "type": "Feature",
      "properties": {
        "@id": "way/361651090",
        "amenity": "pharmacy",
        "building": "yes",
        "name": "Apotek Anugerah Farma",
        "@geometry": "center"
      },
      "geometry": {
        "type": "Point",
        "coordinates": [
          117.1149067,
          -0.5218584
        ]
      },
      "id": "way/361651090"
    },
    {
      "type": "Feature",
      "properties": {
        "@id": "way/361835834",
        "addr:full": "Jl. Mugierjo",
        "amenity": "clinic",
        "building": "yes",
        "building:levels": "1",
        "capacity:persons": "75",
        "name": "Puskesmas Pembantu Lubuk Sawah",
        "rooms": "2",
        "short_name": "Pustu Lubuk Sawah",
        "@geometry": "center"
      },
      "geometry": {
        "type": "Point",
        "coordinates": [
          117.2114289,
          -0.4810315
        ]
      },
      "id": "way/361835834"
    },
    {
      "type": "Feature",
      "properties": {
        "@id": "way/361866527",
        "addr:full": "Jl. Camar",
        "amenity": "clinic",
        "building": "yes",
        "building:levels": "2",
        "capacity:persons": "150",
        "name": "Pappalim Reflexology",
        "rooms": "3",
        "@geometry": "center"
      },
      "geometry": {
        "type": "Point",
        "coordinates": [
          117.1539313,
          -0.4816184
        ]
      },
      "id": "way/361866527"
    },
    {
      "type": "Feature",
      "properties": {
        "@id": "way/362191577",
        "addr:full": "Jl. Yos Sudarso",
        "amenity": "pharmacy",
        "building": "yes",
        "building:levels": "3",
        "capacity:persons": "200",
        "name": "Apotek Semoga Sehat",
        "@geometry": "center"
      },
      "geometry": {
        "type": "Point",
        "coordinates": [
          117.1559315,
          -0.507763
        ]
      },
      "id": "way/362191577"
    },
    {
      "type": "Feature",
      "properties": {
        "@id": "way/362191578",
        "addr:full": "Jl. Yos Sudarso",
        "amenity": "pharmacy",
        "building": "yes",
        "building:levels": "2",
        "capacity:persons": "200",
        "name": "Apotek Yos Sudarso",
        "@geometry": "center"
      },
      "geometry": {
        "type": "Point",
        "coordinates": [
          117.1529235,
          -0.5055821
        ]
      },
      "id": "way/362191578"
    },
    {
      "type": "Feature",
      "properties": {
        "@id": "way/362191586",
        "addr:full": "Jl. Muso Salim",
        "amenity": "clinic",
        "building": "yes",
        "building:levels": "3",
        "capacity:persons": "300",
        "healthcare": "clinic",
        "name": "Klinik Gigi drg. Yuyun Rosita",
        "rooms": "3",
        "@geometry": "center"
      },
      "geometry": {
        "type": "Point",
        "coordinates": [
          117.1586738,
          -0.5012765
        ]
      },
      "id": "way/362191586"
    },
    {
      "type": "Feature",
      "properties": {
        "@id": "way/362497944",
        "addr:full": "Jl. Urip Sumoharjo",
        "amenity": "pharmacy",
        "building": "yes",
        "building:levels": "1",
        "capacity:persons": "75",
        "name": "Toko Obat Kebaktian",
        "@geometry": "center"
      },
      "geometry": {
        "type": "Point",
        "coordinates": [
          117.1624228,
          -0.492417
        ]
      },
      "id": "way/362497944"
    },
    {
      "type": "Feature",
      "properties": {
        "@id": "way/362527029",
        "addr:full": "Jl. Agus Salim",
        "amenity": "clinic",
        "building": "yes",
        "building:levels": "3",
        "capacity:persons": "50",
        "name": "Klinik Matahari",
        "rooms": "1",
        "@geometry": "center"
      },
      "geometry": {
        "type": "Point",
        "coordinates": [
          117.1518705,
          -0.4918722
        ]
      },
      "id": "way/362527029"
    },
    {
      "type": "Feature",
      "properties": {
        "@id": "way/362541076",
        "addr:full": "Jl.Panglima Batur",
        "amenity": "pharmacy",
        "building": "yes",
        "building:levels": "2",
        "capacity:persons": "10",
        "name": "Toko Obat \"Sehat\"",
        "@geometry": "center"
      },
      "geometry": {
        "type": "Point",
        "coordinates": [
          117.1511609,
          -0.502479
        ]
      },
      "id": "way/362541076"
    },
    {
      "type": "Feature",
      "properties": {
        "@id": "way/362689544",
        "addr:full": "Jl. KH. Abdullah Marisi RT 9 kelurahan Pasar Pagi",
        "amenity": "clinic",
        "building": "yes",
        "building:levels": "1",
        "capacity:persons": "100",
        "name": "Klinik Semoga Sehat",
        "rooms": "6",
        "@geometry": "center"
      },
      "geometry": {
        "type": "Point",
        "coordinates": [
          117.1480494,
          -0.5036652
        ]
      },
      "id": "way/362689544"
    },
    {
      "type": "Feature",
      "properties": {
        "@id": "way/362896588",
        "amenity": "clinic",
        "building": "yes",
        "healthcare": "clinic",
        "name": "Puskesmas Bontang Barat",
        "operator": "Ministry of Health",
        "operator:en": "Ministry of Health",
        "operator:id": "Kementerian Kesehatan",
        "operator:type": "government",
        "operator:wikidata": "Q12490745",
        "@geometry": "center"
      },
      "geometry": {
        "type": "Point",
        "coordinates": [
          117.4580113,
          0.1305102
        ]
      },
      "id": "way/362896588"
    },
    {
      "type": "Feature",
      "properties": {
        "@id": "way/362899072",
        "amenity": "clinic",
        "building": "yes",
        "name": "Puskesmas Pembantu Bontang Kuala",
        "@geometry": "center"
      },
      "geometry": {
        "type": "Point",
        "coordinates": [
          117.5164788,
          0.14061
        ]
      },
      "id": "way/362899072"
    },
    {
      "type": "Feature",
      "properties": {
        "@id": "way/362939347",
        "addr:full": "Jl. Rapak Indah",
        "amenity": "doctors",
        "building": "yes",
        "building:levels": "1",
        "capacity:persons": "10",
        "name": "Bidan Praktek Nur Azizah, Amd Keb, S.ST",
        "@geometry": "center"
      },
      "geometry": {
        "type": "Point",
        "coordinates": [
          117.1044184,
          -0.5021136
        ]
      },
      "id": "way/362939347"
    },
    {
      "type": "Feature",
      "properties": {
        "@id": "way/363059824",
        "amenity": "clinic",
        "building:levels": "1",
        "capacity:persons": "100",
        "name": "Puskesmas Bontang Lestari",
        "@geometry": "center"
      },
      "geometry": {
        "type": "Point",
        "coordinates": [
          117.4500163,
          0.0516182
        ]
      },
      "id": "way/363059824"
    },
    {
      "type": "Feature",
      "properties": {
        "@id": "way/363066237",
        "amenity": "clinic",
        "building": "yes",
        "building:levels": "1",
        "name": "Puskesmas Marang Kayu",
        "@geometry": "center"
      },
      "geometry": {
        "type": "Point",
        "coordinates": [
          117.434095,
          -0.108987
        ]
      },
      "id": "way/363066237"
    },
    {
      "type": "Feature",
      "properties": {
        "@id": "way/363088082",
        "addr:full": "Jl. Niaga Utara",
        "amenity": "pharmacy",
        "building": "yes",
        "building:levels": "3",
        "capacity:persons": "100",
        "name": "Apotik Mustang",
        "@geometry": "center"
      },
      "geometry": {
        "type": "Point",
        "coordinates": [
          117.1500755,
          -0.5025588
        ]
      },
      "id": "way/363088082"
    },
    {
      "type": "Feature",
      "properties": {
        "@id": "way/363141375",
        "addr:full": "Jl. Otto Iskandardinata",
        "amenity": "clinic",
        "building": "yes",
        "building:levels": "2",
        "capacity:persons": "130",
        "name": "Klinik Ahli Gigi Cahaya",
        "rooms": "2",
        "@geometry": "center"
      },
      "geometry": {
        "type": "Point",
        "coordinates": [
          117.1620219,
          -0.504472
        ]
      },
      "id": "way/363141375"
    },
    {
      "type": "Feature",
      "properties": {
        "@id": "way/363144792",
        "addr:full": "Jl. Otto Iskandardinata",
        "amenity": "pharmacy",
        "building": "yes",
        "building:levels": "1",
        "capacity:persons": "75",
        "name": "Apotek Hidup Sehat",
        "@geometry": "center"
      },
      "geometry": {
        "type": "Point",
        "coordinates": [
          117.1630885,
          -0.5048425
        ]
      },
      "id": "way/363144792"
    },
    {
      "type": "Feature",
      "properties": {
        "@id": "way/363187822",
        "addr:full": "Jl. Abdul Hasan",
        "amenity": "pharmacy",
        "building": "yes",
        "building:levels": "1",
        "capacity:persons": "75",
        "name": "Apotek Suka Pura",
        "@geometry": "center"
      },
      "geometry": {
        "type": "Point",
        "coordinates": [
          117.1482777,
          -0.4980883
        ]
      },
      "id": "way/363187822"
    },
    {
      "type": "Feature",
      "properties": {
        "@id": "way/363248232",
        "addr:full": "Jl. K.H. Abdul Hasan",
        "amenity": "pharmacy",
        "building": "yes",
        "building:levels": "2",
        "capacity:persons": "150",
        "name": "Apotek Murni",
        "@geometry": "center"
      },
      "geometry": {
        "type": "Point",
        "coordinates": [
          117.1495142,
          -0.4965567
        ]
      },
      "id": "way/363248232"
    },
    {
      "type": "Feature",
      "properties": {
        "@id": "way/363248269",
        "addr:full": "Jl. Pangeran Diponegoro",
        "amenity": "pharmacy",
        "building": "yes",
        "building:levels": "2",
        "capacity:persons": "150",
        "name": "Apotek Kimia Farma",
        "@geometry": "center"
      },
      "geometry": {
        "type": "Point",
        "coordinates": [
          117.1518144,
          -0.5006796
        ]
      },
      "id": "way/363248269"
    },
    {
      "type": "Feature",
      "properties": {
        "@id": "way/363299955",
        "addr:full": "Jl. Cendana",
        "amenity": "doctors",
        "building": "yes",
        "building:levels": "1",
        "capacity:persons": "15",
        "healthcare": "doctor",
        "name": "dr. Madurasmi, Sp.PA",
        "rooms": "3",
        "@geometry": "center"
      },
      "geometry": {
        "type": "Point",
        "coordinates": [
          117.1250899,
          -0.4973365
        ]
      },
      "id": "way/363299955"
    },
    {
      "type": "Feature",
      "properties": {
        "@id": "way/363313624",
        "addr:full": "Jl. Cendana",
        "amenity": "pharmacy",
        "building": "yes",
        "building:levels": "3",
        "capacity:persons": "75",
        "healthcare": "pharmacy",
        "name": "Toko Obat Cendana",
        "@geometry": "center"
      },
      "geometry": {
        "type": "Point",
        "coordinates": [
          117.1254856,
          -0.4975693
        ]
      },
      "id": "way/363313624"
    },
    {
      "type": "Feature",
      "properties": {
        "@id": "way/363325608",
        "addr:full": "Jl. S. Parman",
        "amenity": "pharmacy",
        "building": "yes",
        "building:levels": "3",
        "capacity:persons": "100",
        "name": "CV. Sumber Rejeki Alat Kesehatan",
        "@geometry": "center"
      },
      "geometry": {
        "type": "Point",
        "coordinates": [
          117.1466669,
          -0.4761192
        ]
      },
      "id": "way/363325608"
    },
    {
      "type": "Feature",
      "properties": {
        "@id": "way/363326685",
        "addr:full": "Jl. Dr. Soetomo",
        "amenity": "pharmacy",
        "building": "yes",
        "building:levels": "1",
        "capacity:persons": "50",
        "name": "Apotek Kimia Farma Cab. Dr. Soetomo",
        "@geometry": "center"
      },
      "geometry": {
        "type": "Point",
        "coordinates": [
          117.1467624,
          -0.4776389
        ]
      },
      "id": "way/363326685"
    },
    {
      "type": "Feature",
      "properties": {
        "@id": "way/363326686",
        "addr:full": "Jl. Dr. Soetomo",
        "amenity": "pharmacy",
        "building": "yes",
        "building:levels": "1",
        "capacity:persons": "35",
        "name": "Apotek Satya Prima",
        "@geometry": "center"
      },
      "geometry": {
        "type": "Point",
        "coordinates": [
          117.1467274,
          -0.4777753
        ]
      },
      "id": "way/363326686"
    },
    {
      "type": "Feature",
      "properties": {
        "@id": "way/363331677",
        "addr:full": "Jl. KH Agus Salim",
        "amenity": "clinic",
        "building": "yes",
        "building:levels": "2",
        "capacity:persons": "75",
        "name": "Laboratorium Nur Asih",
        "rooms": "5",
        "@geometry": "center"
      },
      "geometry": {
        "type": "Point",
        "coordinates": [
          117.1511524,
          -0.4938816
        ]
      },
      "id": "way/363331677"
    },
    {
      "type": "Feature",
      "properties": {
        "@id": "way/363347035",
        "addr:full": "Jl. Imam Bonjol",
        "amenity": "pharmacy",
        "building": "yes",
        "building:levels": "2",
        "capacity:persons": "150",
        "name": "Apotek Kimia Farma",
        "@geometry": "center"
      },
      "geometry": {
        "type": "Point",
        "coordinates": [
          117.153313,
          -0.499105
        ]
      },
      "id": "way/363347035"
    },
    {
      "type": "Feature",
      "properties": {
        "@id": "way/363348294",
        "addr:full": "Jl. Dewi Sartika",
        "amenity": "pharmacy",
        "building": "yes",
        "building:levels": "2",
        "capacity:persons": "175",
        "name": "Apotek Utama Farma",
        "@geometry": "center"
      },
      "geometry": {
        "type": "Point",
        "coordinates": [
          117.1559987,
          -0.4956525
        ]
      },
      "id": "way/363348294"
    },
    {
      "type": "Feature",
      "properties": {
        "@id": "way/369782030",
        "amenity": "clinic",
        "building": "yes",
        "name": "Polindes Kota Bangun I",
        "@geometry": "center"
      },
      "geometry": {
        "type": "Point",
        "coordinates": [
          116.5896707,
          -0.3508338
        ]
      },
      "id": "way/369782030"
    },
    {
      "type": "Feature",
      "properties": {
        "@id": "way/369782031",
        "amenity": "clinic",
        "building": "yes",
        "name": "Puskesmas Rimbayu",
        "@geometry": "center"
      },
      "geometry": {
        "type": "Point",
        "coordinates": [
          116.5560609,
          -0.3873935
        ]
      },
      "id": "way/369782031"
    },
    {
      "type": "Feature",
      "properties": {
        "@id": "way/371586238",
        "amenity": "clinic",
        "building": "yes",
        "name": "Puskesmas Sikui",
        "@geometry": "center"
      },
      "geometry": {
        "type": "Point",
        "coordinates": [
          115.1068142,
          -1.0808564
        ]
      },
      "id": "way/371586238"
    },
    {
      "type": "Feature",
      "properties": {
        "@id": "way/373386810",
        "amenity": "clinic",
        "building": "yes",
        "building:levels": "3",
        "building:structure": "confined_masonry",
        "capacity:persons": "100",
        "name": "Puskesmas Gunung Sari Ullu",
        "@geometry": "center"
      },
      "geometry": {
        "type": "Point",
        "coordinates": [
          116.8467451,
          -1.2611076
        ]
      },
      "id": "way/373386810"
    },
    {
      "type": "Feature",
      "properties": {
        "@id": "way/373389133",
        "addr:full": "Jl. Mangga",
        "amenity": "clinic",
        "building": "yes",
        "building:levels": "3",
        "capacity:persons": "50",
        "name": "Instansi Farmasi Kota Balikpapan",
        "rooms": "30",
        "@geometry": "center"
      },
      "geometry": {
        "type": "Point",
        "coordinates": [
          116.8386207,
          -1.2575459
        ]
      },
      "id": "way/373389133"
    },
    {
      "type": "Feature",
      "properties": {
        "@id": "way/373392687",
        "access:roof": "no",
        "addr:full": "jl. Letjen S Parman",
        "amenity": "hospital",
        "building": "yes",
        "building:levels": "3",
        "building:roof": "concrete",
        "building:structure": "unreinforced_masonry",
        "building:walls": "brick",
        "capacity:persons": "600",
        "name": "RS Bersalin Kasih Ibu",
        "operator:type": "private",
        "@geometry": "center"
      },
      "geometry": {
        "type": "Point",
        "coordinates": [
          116.8421725,
          -1.2553875
        ]
      },
      "id": "way/373392687"
    },
    {
      "type": "Feature",
      "properties": {
        "@id": "way/373392964",
        "amenity": "clinic",
        "building": "yes",
        "building:levels": "1",
        "capacity:persons": "50",
        "name": "Apotik Dana Farma",
        "rooms": "10",
        "@geometry": "center"
      },
      "geometry": {
        "type": "Point",
        "coordinates": [
          116.8389394,
          -1.2575777
        ]
      },
      "id": "way/373392964"
    },
    {
      "type": "Feature",
      "properties": {
        "@id": "way/373392969",
        "amenity": "clinic",
        "building": "yes",
        "building:levels": "2",
        "capacity:persons": "200",
        "name": "Puskesmas Mekar Sari",
        "rooms": "25",
        "@geometry": "center"
      },
      "geometry": {
        "type": "Point",
        "coordinates": [
          116.8387431,
          -1.2574195
        ]
      },
      "id": "way/373392969"
    },
    {
      "type": "Feature",
      "properties": {
        "@id": "way/373392970",
        "amenity": "clinic",
        "building": "yes",
        "building:levels": "2",
        "capacity:persons": "200",
        "name": "Puskesmas Mekar Sari",
        "rooms": "25",
        "@geometry": "center"
      },
      "geometry": {
        "type": "Point",
        "coordinates": [
          116.8387479,
          -1.2575633
        ]
      },
      "id": "way/373392970"
    },
    {
      "type": "Feature",
      "properties": {
        "@id": "way/373554494",
        "amenity": "pharmacy",
        "building": "yes",
        "name": "Apotik Kimia Farma Kilo",
        "opening_hours": "24/7",
        "operator": "Kimia Farma",
        "@geometry": "center"
      },
      "geometry": {
        "type": "Point",
        "coordinates": [
          116.8583158,
          -1.2129815
        ]
      },
      "id": "way/373554494"
    },
    {
      "type": "Feature",
      "properties": {
        "@id": "way/374378392",
        "addr:full": "Jl. Trans Kalimantan",
        "admin_level": "7",
        "amenity": "clinic",
        "building": "yes",
        "building:levels": "1",
        "capacity:persons": "60",
        "name": "Puskesmas Jambuk",
        "office": "government",
        "rooms": "8",
        "short_name": "Kantor Kampung Jambuk",
        "@geometry": "center"
      },
      "geometry": {
        "type": "Point",
        "coordinates": [
          116.3070737,
          -0.7012475
        ]
      },
      "id": "way/374378392"
    },
    {
      "type": "Feature",
      "properties": {
        "@id": "way/374379155",
        "addr:full": "Jl. Trans Kalimantan",
        "admin_level": "7",
        "amenity": "clinic",
        "building": "yes",
        "building:levels": "1",
        "capacity:persons": "60",
        "name": "Puskesmas Resak",
        "office": "government",
        "rooms": "8",
        "website": "http://www.siknasonline.depkes.go.id/laporan_puskesmas_detail_kab.php?kd_propinsi=64&kd_kabupaten=02&tahun=2014&nama_kabupaten=KAB.%20KUTAI%20BARAT",
        "@geometry": "center"
      },
      "geometry": {
        "type": "Point",
        "coordinates": [
          116.1810057,
          -0.6930931
        ]
      },
      "id": "way/374379155"
    },
    {
      "type": "Feature",
      "properties": {
        "@id": "way/374385389",
        "addr:full": "Jl. Poros Tanjung Jempang-Muara Nayan",
        "admin_level": "7",
        "amenity": "clinic",
        "building": "yes",
        "building:levels": "1",
        "capacity:persons": "60",
        "healthcare": "clinic",
        "healthcare:speciality": "general",
        "name": "Puskesmas Tanjung Isuy",
        "office": "government",
        "rooms": "8",
        "website": "http://www.siknasonline.depkes.go.id/laporan_puskesmas_detail_kab.php?kd_propinsi=64&kd_kabupaten=02&tahun=2014&nama_kabupaten=KAB.%20KUTAI%20BARAT",
        "@geometry": "center"
      },
      "geometry": {
        "type": "Point",
        "coordinates": [
          116.1392802,
          -0.5140367
        ]
      },
      "id": "way/374385389"
    },
    {
      "type": "Feature",
      "properties": {
        "@id": "way/374388287",
        "addr:city": "Balikpapan",
        "addr:full": "Jalan Jenderal Sudirman No.14, Klandasan Ilir, Balikpapan Sel., Kota Balikpapan, Kalimantan Timur",
        "amenity": "hospital",
        "healthcare": "hospital",
        "hospital:type": "D",
        "name": "RS Bhayangkara Balikpapan",
        "operator:type": "government",
        "website": "https://rsb.co.id/",
        "@geometry": "center"
      },
      "geometry": {
        "type": "Point",
        "coordinates": [
          116.8197471,
          -1.2797727
        ]
      },
      "id": "way/374388287"
    },
    {
      "type": "Feature",
      "properties": {
        "@id": "way/374389602",
        "amenity": "pharmacy",
        "dispensing": "no",
        "name": "Apotek Ellen Farma",
        "@geometry": "center"
      },
      "geometry": {
        "type": "Point",
        "coordinates": [
          116.0390445,
          -0.5833344
        ]
      },
      "id": "way/374389602"
    },
    {
      "type": "Feature",
      "properties": {
        "@id": "way/374389623",
        "addr:full": "Jl. Trans Kalimantan",
        "admin_level": "7",
        "amenity": "clinic",
        "building": "yes",
        "building:levels": "1",
        "capacity:persons": "60",
        "government": "yes",
        "name": "Puskesmas Belusuh",
        "office": "government",
        "rooms": "8",
        "website": "http://www.siknasonline.depkes.go.id/laporan_puskesmas_detail_kab.php?kd_propinsi=64&kd_kabupaten=02&tahun=2014&nama_kabupaten=KAB.%20KUTAI%20BARAT",
        "@geometry": "center"
      },
      "geometry": {
        "type": "Point",
        "coordinates": [
          115.9162072,
          -0.5418658
        ]
      },
      "id": "way/374389623"
    },
    {
      "type": "Feature",
      "properties": {
        "@id": "way/374389624",
        "addr:full": "Jl. Mulawarman RT 3",
        "alt_name": "Pustu Mancong",
        "amenity": "clinic",
        "building": "yes",
        "building:levels": "1",
        "capacity:persons": "30",
        "name": "Puskesmas Pembantu Mancong",
        "rooms": "4",
        "@geometry": "center"
      },
      "geometry": {
        "type": "Point",
        "coordinates": [
          116.079501,
          -0.5339484
        ]
      },
      "id": "way/374389624"
    },
    {
      "type": "Feature",
      "properties": {
        "@id": "way/374543049",
        "addr:full": "Jl. Sendawar Raya",
        "admin_level": "7",
        "amenity": "clinic",
        "building": "yes",
        "building:levels": "1",
        "capacity:persons": "100",
        "name": "Puskesmas Melak",
        "office": "government",
        "rooms": "12",
        "website": "http://www.siknasonline.depkes.go.id/laporan_puskesmas_detail_kab.php?kd_propinsi=64&kd_kabupaten=02&tahun=2014&nama_kabupaten=KAB.%20KUTAI%20BARAT",
        "@geometry": "center"
      },
      "geometry": {
        "type": "Point",
        "coordinates": [
          115.7952652,
          -0.2313404
        ]
      },
      "id": "way/374543049"
    },
    {
      "type": "Feature",
      "properties": {
        "@id": "way/374573663",
        "addr:full": "Jl. Perintis",
        "admin_level": "7",
        "amenity": "clinic",
        "building": "yes",
        "building:levels": "1",
        "capacity:persons": "100",
        "name": "Puskesmas Gunung Rampah",
        "office": "government",
        "rooms": "12",
        "@geometry": "center"
      },
      "geometry": {
        "type": "Point",
        "coordinates": [
          115.8884496,
          -0.1686536
        ]
      },
      "id": "way/374573663"
    },
    {
      "type": "Feature",
      "properties": {
        "@id": "way/374573664",
        "addr:full": "Jl. Jaya Pati",
        "admin_level": "7",
        "amenity": "clinic",
        "building": "yes",
        "building:levels": "1",
        "capacity:persons": "50",
        "name": "Puskesmas Pembantu Sakaq Tada",
        "office": "government",
        "rooms": "6",
        "short_name": "Pustu Sakaq Tada",
        "@geometry": "center"
      },
      "geometry": {
        "type": "Point",
        "coordinates": [
          115.8831225,
          -0.247852
        ]
      },
      "id": "way/374573664"
    },
    {
      "type": "Feature",
      "properties": {
        "@id": "way/374686823",
        "amenity": "pharmacy",
        "building": "yes",
        "name": "Apotek Al Afiyah",
        "@geometry": "center"
      },
      "geometry": {
        "type": "Point",
        "coordinates": [
          115.7591848,
          -0.276921
        ]
      },
      "id": "way/374686823"
    },
    {
      "type": "Feature",
      "properties": {
        "@id": "way/374686824",
        "amenity": "pharmacy",
        "building": "yes",
        "name": "Apotik Farras",
        "@geometry": "center"
      },
      "geometry": {
        "type": "Point",
        "coordinates": [
          115.8152594,
          -0.2353479
        ]
      },
      "id": "way/374686824"
    },
    {
      "type": "Feature",
      "properties": {
        "@id": "way/374686854",
        "amenity": "clinic",
        "name": "Klinik Kecantikan Tasjya",
        "@geometry": "center"
      },
      "geometry": {
        "type": "Point",
        "coordinates": [
          115.8248879,
          -0.2322654
        ]
      },
      "id": "way/374686854"
    },
    {
      "type": "Feature",
      "properties": {
        "@id": "way/374686855",
        "amenity": "clinic",
        "building": "yes",
        "name": "Klinik Medica Sendawar",
        "@geometry": "center"
      },
      "geometry": {
        "type": "Point",
        "coordinates": [
          115.8188927,
          -0.2347799
        ]
      },
      "id": "way/374686855"
    },
    {
      "type": "Feature",
      "properties": {
        "@id": "way/374686856",
        "addr:full": "Jl. Mohammad Hatta",
        "amenity": "clinic",
        "name": "Klinik Permata Husada",
        "@geometry": "center"
      },
      "geometry": {
        "type": "Point",
        "coordinates": [
          115.8059373,
          -0.2349668
        ]
      },
      "id": "way/374686856"
    },
    {
      "type": "Feature",
      "properties": {
        "@id": "way/374686857",
        "amenity": "clinic",
        "name": "Klinik Siaga",
        "official_name": "Klinik Siaga Sendawar",
        "@geometry": "center"
      },
      "geometry": {
        "type": "Point",
        "coordinates": [
          115.8011801,
          -0.2325603
        ]
      },
      "id": "way/374686857"
    },
    {
      "type": "Feature",
      "properties": {
        "@id": "way/374686872",
        "addr:full": "Jl. Jaya Milo",
        "amenity": "clinic",
        "building": "yes",
        "building:levels": "1",
        "capacity:persons": "30",
        "name": "Posyandu Pinang Sendawar",
        "rooms": "4",
        "@geometry": "center"
      },
      "geometry": {
        "type": "Point",
        "coordinates": [
          115.8530428,
          -0.2991467
        ]
      },
      "id": "way/374686872"
    },
    {
      "type": "Feature",
      "properties": {
        "@id": "way/374686873",
        "amenity": "clinic",
        "building": "yes",
        "name": "Posyandu Sari Rukun",
        "@geometry": "center"
      },
      "geometry": {
        "type": "Point",
        "coordinates": [
          115.7678735,
          -0.2924163
        ]
      },
      "id": "way/374686873"
    },
    {
      "type": "Feature",
      "properties": {
        "@id": "way/374715819",
        "amenity": "pharmacy",
        "name": "Apotek Aidil",
        "@geometry": "center"
      },
      "geometry": {
        "type": "Point",
        "coordinates": [
          115.6959885,
          -0.2265222
        ]
      },
      "id": "way/374715819"
    },
    {
      "type": "Feature",
      "properties": {
        "@id": "way/374715820",
        "amenity": "pharmacy",
        "name": "Apotek Angel Farma",
        "@geometry": "center"
      },
      "geometry": {
        "type": "Point",
        "coordinates": [
          115.6810989,
          -0.2357079
        ]
      },
      "id": "way/374715820"
    },
    {
      "type": "Feature",
      "properties": {
        "@id": "way/374715821",
        "amenity": "pharmacy",
        "name": "Apotek Anisa",
        "@geometry": "center"
      },
      "geometry": {
        "type": "Point",
        "coordinates": [
          115.6886126,
          -0.2319906
        ]
      },
      "id": "way/374715821"
    },
    {
      "type": "Feature",
      "properties": {
        "@id": "way/374715822",
        "amenity": "pharmacy",
        "building": "yes",
        "drive_through": "no",
        "healthcare": "pharmacy",
        "name": "Apotek Mawar",
        "@geometry": "center"
      },
      "geometry": {
        "type": "Point",
        "coordinates": [
          115.7939578,
          -0.2304251
        ]
      },
      "id": "way/374715822"
    },
    {
      "type": "Feature",
      "properties": {
        "@id": "way/374715823",
        "amenity": "pharmacy",
        "name": "Apotek Q-tha Farma",
        "@geometry": "center"
      },
      "geometry": {
        "type": "Point",
        "coordinates": [
          115.7184812,
          -0.2454663
        ]
      },
      "id": "way/374715823"
    },
    {
      "type": "Feature",
      "properties": {
        "@id": "way/374715824",
        "amenity": "pharmacy",
        "name": "Apotek Semoga Sehat",
        "@geometry": "center"
      },
      "geometry": {
        "type": "Point",
        "coordinates": [
          115.6871419,
          -0.2323729
        ]
      },
      "id": "way/374715824"
    },
    {
      "type": "Feature",
      "properties": {
        "@id": "way/374715850",
        "addr:full": "Jl. Mahakam",
        "amenity": "clinic",
        "building": "yes",
        "name": "Posyandu Mawar Mekar",
        "@geometry": "center"
      },
      "geometry": {
        "type": "Point",
        "coordinates": [
          115.8571658,
          -0.2822425
        ]
      },
      "id": "way/374715850"
    },
    {
      "type": "Feature",
      "properties": {
        "@id": "way/374715851",
        "addr:full": "Jl. Singa Nataguna",
        "admin_level": "7",
        "amenity": "clinic",
        "building": "yes",
        "building:levels": "1",
        "capacity:persons": "100",
        "healthcare": "clinic",
        "name": "Puskesmas Sekolaq Darat",
        "office": "government",
        "rooms": "12",
        "website": "http://www.siknasonline.depkes.go.id/laporan_puskesmas_detail_kab.php?kd_propinsi=64&kd_kabupaten=02&tahun=2014&nama_kabupaten=KAB.%20KUTAI%20BARAT",
        "@geometry": "center"
      },
      "geometry": {
        "type": "Point",
        "coordinates": [
          115.743436,
          -0.2738723
        ]
      },
      "id": "way/374715851"
    },
    {
      "type": "Feature",
      "properties": {
        "@id": "way/374776400",
        "addr:full": "Jl. Sultan Hasanuddin Sekolaq Darat",
        "alt_name": "RSUD Harapan Insan",
        "amenity": "hospital",
        "building:levels": "1",
        "capacity:persons": "500",
        "healthcare": "hospital",
        "hospital:type": "C",
        "name": "RSUD Harapan Insan Sendawar",
        "operator:type": "government",
        "rooms": "30",
        "short_name": "RSUD HIS",
        "@geometry": "center"
      },
      "geometry": {
        "type": "Point",
        "coordinates": [
          115.7157589,
          -0.2486849
        ]
      },
      "id": "way/374776400"
    },
    {
      "type": "Feature",
      "properties": {
        "@id": "way/374824130",
        "addr:full": "Jl.Bina Raga RT.31 No.73",
        "amenity": "clinic",
        "building": "yes",
        "building:levels": "1",
        "capacity:persons": "150",
        "name": "Puskesmas Sumber Rejo",
        "url": "http://dkk.balikpapan.go.id/index.php?option=com_content&task=section&id=9&Itemid=39",
        "@geometry": "center"
      },
      "geometry": {
        "type": "Point",
        "coordinates": [
          116.8464264,
          -1.2474392
        ]
      },
      "id": "way/374824130"
    },
    {
      "type": "Feature",
      "properties": {
        "@id": "way/374830170",
        "addr:full": "Jl. Tanjung Pura",
        "amenity": "clinic",
        "building": "yes",
        "building:levels": "1",
        "capacity:persons": "100",
        "name": "Klinik Hesti Wira Sakti",
        "rooms": "6",
        "@geometry": "center"
      },
      "geometry": {
        "type": "Point",
        "coordinates": [
          116.828074,
          -1.2731927
        ]
      },
      "id": "way/374830170"
    },
    {
      "type": "Feature",
      "properties": {
        "@id": "way/374830176",
        "addr:full": "Jl. Tanjung Pura",
        "amenity": "hospital",
        "capacity:persons": "600",
        "healthcare": "hospital",
        "hospital:type": "C",
        "name": "RST Dr Hardjanto",
        "operator:type": "private",
        "rooms": "60",
        "url": "rstbpp@balikpapan.wasantara.net.id",
        "@geometry": "center"
      },
      "geometry": {
        "type": "Point",
        "coordinates": [
          116.8288729,
          -1.2740269
        ]
      },
      "id": "way/374830176"
    },
    {
      "type": "Feature",
      "properties": {
        "@id": "way/374834766",
        "amenity": "clinic",
        "building": "yes",
        "name": "Klinik & Apotek Purai Ngeriman",
        "@geometry": "center"
      },
      "geometry": {
        "type": "Point",
        "coordinates": [
          115.686473,
          -0.2508718
        ]
      },
      "id": "way/374834766"
    },
    {
      "type": "Feature",
      "properties": {
        "@id": "way/374834767",
        "amenity": "clinic",
        "building": "yes",
        "name": "Klinik Kesehatan Kasih Karunia",
        "@geometry": "center"
      },
      "geometry": {
        "type": "Point",
        "coordinates": [
          115.6777909,
          -0.2367634
        ]
      },
      "id": "way/374834767"
    },
    {
      "type": "Feature",
      "properties": {
        "@id": "way/374834795",
        "addr:full": "Jl. RA Kartini",
        "amenity": "clinic",
        "building": "yes",
        "building:levels": "1",
        "capacity:persons": "100",
        "name": "Puskesmas Barong Tongkok",
        "rooms": "10",
        "website": "http://www.siknasonline.depkes.go.id/laporan_puskesmas_detail_kab.php?kd_propinsi=64&kd_kabupaten=02&tahun=2014&nama_kabupaten=KAB.%20KUTAI%20BARAT",
        "@geometry": "center"
      },
      "geometry": {
        "type": "Point",
        "coordinates": [
          115.6908887,
          -0.2290899
        ]
      },
      "id": "way/374834795"
    },
    {
      "type": "Feature",
      "properties": {
        "@id": "way/374834797",
        "addr:full": "Jl. Pustu RT 1",
        "amenity": "clinic",
        "building": "yes",
        "building:levels": "1",
        "capacity:persons": "50",
        "name": "Puskesmas Pembantu Engkuni",
        "rooms": "6",
        "short_name": "Pustu Engkuni",
        "@geometry": "center"
      },
      "geometry": {
        "type": "Point",
        "coordinates": [
          115.6481415,
          -0.3097108
        ]
      },
      "id": "way/374834797"
    },
    {
      "type": "Feature",
      "properties": {
        "@id": "way/374911107",
        "amenity": "clinic",
        "building": "yes",
        "building:levels": "1",
        "capacity:persons": "40",
        "name": "Puskesmas Pembantu Mencimai",
        "rooms": "5",
        "short_name": "Pustu Mencimai",
        "@geometry": "center"
      },
      "geometry": {
        "type": "Point",
        "coordinates": [
          115.6725273,
          -0.2814999
        ]
      },
      "id": "way/374911107"
    },
    {
      "type": "Feature",
      "properties": {
        "@id": "way/375335353",
        "amenity": "clinic",
        "building": "yes",
        "building:levels": "1",
        "capacity:persons": "50",
        "name": "Puskesmas Pembantu Linggang Mapan",
        "rooms": "6",
        "@geometry": "center"
      },
      "geometry": {
        "type": "Point",
        "coordinates": [
          115.6213056,
          -0.1704209
        ]
      },
      "id": "way/375335353"
    },
    {
      "type": "Feature",
      "properties": {
        "@id": "way/375574189",
        "addr:full": "Jl. Mayjen Sutoyo",
        "amenity": "pharmacy",
        "branch": "Mayjend Sutoyo",
        "brand": "Kimia Farma",
        "brand:wikidata": "Q11264892",
        "building": "yes",
        "building:levels": "1",
        "capacity:persons": "150",
        "healthcare": "pharmacy",
        "name": "Kimia Farma",
        "@geometry": "center"
      },
      "geometry": {
        "type": "Point",
        "coordinates": [
          116.846164,
          -1.2733584
        ]
      },
      "id": "way/375574189"
    },
    {
      "type": "Feature",
      "properties": {
        "@id": "way/375735457",
        "addr:full": "Jl. Mapai Linggang Bigung",
        "amenity": "clinic",
        "building": "yes",
        "building:levels": "1",
        "capacity:persons": "50",
        "name": "Klinik Pratama Stella Maris",
        "rooms": "10",
        "@geometry": "center"
      },
      "geometry": {
        "type": "Point",
        "coordinates": [
          115.6152847,
          -0.1435834
        ]
      },
      "id": "way/375735457"
    },
    {
      "type": "Feature",
      "properties": {
        "@id": "way/375735467",
        "addr:full": "Jl. Kapten Tausin",
        "admin_level": "7",
        "amenity": "clinic",
        "building": "yes",
        "building:levels": "2",
        "capacity:persons": "100",
        "healthcare": "clinic",
        "name": "Puskesmas Tering",
        "office": "government",
        "rooms": "12",
        "website": "http://www.siknasonline.depkes.go.id/laporan_puskesmas_detail_kab.php?kd_propinsi=64&kd_kabupaten=02&tahun=2014&nama_kabupaten=KAB.%20KUTAI%20BARAT",
        "@geometry": "center"
      },
      "geometry": {
        "type": "Point",
        "coordinates": [
          115.644486,
          -0.0787711
        ]
      },
      "id": "way/375735467"
    },
    {
      "type": "Feature",
      "properties": {
        "@id": "way/375735468",
        "addr:full": "Jl. Pelajar Linggang Bigung",
        "admin_level": "7",
        "amenity": "clinic",
        "building": "yes",
        "building:levels": "1",
        "capacity:persons": "100",
        "name": "Puskesmas Linggang Bigung",
        "office": "government",
        "rooms": "12",
        "website": "http://www.siknasonline.depkes.go.id/laporan_puskesmas_detail_kab.php?kd_propinsi=64&kd_kabupaten=02&tahun=2014&nama_kabupaten=KAB.%20KUTAI%20BARAT",
        "@geometry": "center"
      },
      "geometry": {
        "type": "Point",
        "coordinates": [
          115.6245818,
          -0.1454485
        ]
      },
      "id": "way/375735468"
    },
    {
      "type": "Feature",
      "properties": {
        "@id": "way/375735469",
        "addr:full": "Jl. Dr. Suwondo",
        "admin_level": "7",
        "amenity": "clinic",
        "building": "yes",
        "building:levels": "1",
        "capacity:persons": "100",
        "healthcare": "clinic",
        "name": "Puskesmas Long Iram",
        "office": "government",
        "rooms": "12",
        "website": "http://www.siknasonline.depkes.go.id/laporan_puskesmas_detail_kab.php?kd_propinsi=64&kd_kabupaten=02&tahun=2014&nama_kabupaten=KAB.%20KUTAI%20BARAT",
        "@geometry": "center"
      },
      "geometry": {
        "type": "Point",
        "coordinates": [
          115.6263171,
          -0.0176446
        ]
      },
      "id": "way/375735469"
    },
    {
      "type": "Feature",
      "properties": {
        "@id": "way/375735470",
        "amenity": "clinic",
        "building": "yes",
        "building:levels": "1",
        "capacity:persons": "40",
        "name": "Puskesmas Pembantu Bigung Baru",
        "rooms": "5",
        "short_name": "Pustu Bigung Baru",
        "@geometry": "center"
      },
      "geometry": {
        "type": "Point",
        "coordinates": [
          115.5816102,
          -0.1439482
        ]
      },
      "id": "way/375735470"
    },
    {
      "type": "Feature",
      "properties": {
        "@id": "way/375735471",
        "addr:full": "Jl. Poros Asa",
        "amenity": "clinic",
        "building": "yes",
        "building:levels": "1",
        "capacity:persons": "40",
        "name": "Puskesmas Pembantu Asa",
        "rooms": "5",
        "short_name": "Pustu Asa",
        "@geometry": "center"
      },
      "geometry": {
        "type": "Point",
        "coordinates": [
          115.6714029,
          -0.2043094
        ]
      },
      "id": "way/375735471"
    },
    {
      "type": "Feature",
      "properties": {
        "@id": "way/375735473",
        "addr:full": "Jl. Gemuhan Asa",
        "amenity": "clinic",
        "building": "yes",
        "building:levels": "1",
        "capacity:persons": "40",
        "healthcare": "clinic",
        "name": "Puskesmas Pembantu Gemuhan Asa",
        "operator": "Ministry of Health",
        "operator:en": "Ministry of Health",
        "operator:id": "Kementerian Kesehatan",
        "operator:wikidata": "Q12490745",
        "rooms": "5",
        "short_name": "Pustu Gemuhan Asa",
        "@geometry": "center"
      },
      "geometry": {
        "type": "Point",
        "coordinates": [
          115.7634129,
          -0.2038342
        ]
      },
      "id": "way/375735473"
    },
    {
      "type": "Feature",
      "properties": {
        "@id": "way/375735474",
        "addr:full": "Jl. Karya Usaha",
        "amenity": "clinic",
        "building": "yes",
        "building:levels": "1",
        "capacity:persons": "40",
        "name": "Puskesmas Pembantu Muara Mujan",
        "rooms": "5",
        "short_name": "Pustu Muara Mujan",
        "@geometry": "center"
      },
      "geometry": {
        "type": "Point",
        "coordinates": [
          115.6008135,
          -0.0547694
        ]
      },
      "id": "way/375735474"
    },
    {
      "type": "Feature",
      "properties": {
        "@id": "way/375744230",
        "addr:full": "Jl. Mangku Jaya IV",
        "admin_level": "7",
        "amenity": "clinic",
        "building": "yes",
        "building:levels": "1",
        "capacity:persons": "50",
        "name": "Klinik Rawat Inap St. Yoseph",
        "office": "government",
        "rooms": "12",
        "@geometry": "center"
      },
      "geometry": {
        "type": "Point",
        "coordinates": [
          115.634971,
          -0.1364459
        ]
      },
      "id": "way/375744230"
    },
    {
      "type": "Feature",
      "properties": {
        "@id": "way/375744233",
        "addr:full": "Jl. Dermaga Jelemuq",
        "amenity": "clinic",
        "building": "yes",
        "building:levels": "1",
        "capacity:persons": "40",
        "healthcare": "clinic",
        "name": "Puskesmas Pembantu Jelemuq",
        "rooms": "6",
        "short_name": "Pustu Jelemuq",
        "@geometry": "center"
      },
      "geometry": {
        "type": "Point",
        "coordinates": [
          115.6689947,
          -0.0691238
        ]
      },
      "id": "way/375744233"
    },
    {
      "type": "Feature",
      "properties": {
        "@id": "way/375744234",
        "amenity": "clinic",
        "building": "yes",
        "building:levels": "1",
        "capacity:persons": "40",
        "name": "Puskesmas Pembantu Linggang Kebut",
        "rooms": "5",
        "short_name": "Pustu Linggang Kebut",
        "@geometry": "center"
      },
      "geometry": {
        "type": "Point",
        "coordinates": [
          115.6414517,
          -0.1194228
        ]
      },
      "id": "way/375744234"
    },
    {
      "type": "Feature",
      "properties": {
        "@id": "way/375747468",
        "addr:full": "Jl. Habing Bang",
        "amenity": "clinic",
        "building": "yes",
        "building:levels": "1",
        "capacity:persons": "40",
        "healthcare": "clinic",
        "name": "Pos Kesehatan Desa Tering Lama",
        "rooms": "6",
        "short_name": "Poskesdes Tering Lama",
        "@geometry": "center"
      },
      "geometry": {
        "type": "Point",
        "coordinates": [
          115.6451315,
          -0.0696041
        ]
      },
      "id": "way/375747468"
    },
    {
      "type": "Feature",
      "properties": {
        "@id": "way/375781249",
        "addr:full": "Jl. Mulawarman Kampung Sukomulyo",
        "admin_level": "7",
        "amenity": "clinic",
        "building": "yes",
        "building:levels": "1",
        "capacity:persons": "40",
        "healthcare": "clinic",
        "name": "Puskesmas Pembantu Sukomulyo",
        "rooms": "6",
        "short_name": "Pustu Sukomulyo",
        "@geometry": "center"
      },
      "geometry": {
        "type": "Point",
        "coordinates": [
          115.6413463,
          -0.0062001
        ]
      },
      "id": "way/375781249"
    },
    {
      "type": "Feature",
      "properties": {
        "@id": "way/375896321",
        "addr:full": "Jl. Jaya Karti",
        "amenity": "clinic",
        "building": "yes",
        "building:levels": "1",
        "capacity:persons": "100",
        "name": "Puskesmas Dempar",
        "rooms": "10",
        "website": "http://www.siknasonline.depkes.go.id/laporan_puskesmas_detail_kab.php?kd_propinsi=64&kd_kabupaten=02&tahun=2014&nama_kabupaten=KAB.%20KUTAI%20BARAT",
        "@geometry": "center"
      },
      "geometry": {
        "type": "Point",
        "coordinates": [
          115.5153165,
          -0.3387441
        ]
      },
      "id": "way/375896321"
    },
    {
      "type": "Feature",
      "properties": {
        "@id": "way/376039538",
        "amenity": "clinic",
        "building": "yes",
        "name": "Klinik BP Harapan Kita",
        "phone": "+62 812-1457-2701",
        "@geometry": "center"
      },
      "geometry": {
        "type": "Point",
        "coordinates": [
          115.7531632,
          -0.4444009
        ]
      },
      "id": "way/376039538"
    },
    {
      "type": "Feature",
      "properties": {
        "@id": "way/376039542",
        "addr:full": "Jl. Balon",
        "amenity": "clinic",
        "building": "yes",
        "building:levels": "1",
        "capacity:persons": "20",
        "name": "Posyandu Mawar Manis",
        "rooms": "4",
        "@geometry": "center"
      },
      "geometry": {
        "type": "Point",
        "coordinates": [
          115.7587988,
          -0.4640595
        ]
      },
      "id": "way/376039542"
    },
    {
      "type": "Feature",
      "properties": {
        "@id": "way/376039544",
        "addr:full": "Jl. Trans Kalimantan",
        "amenity": "clinic",
        "building": "yes",
        "building:levels": "1",
        "capacity:persons": "100",
        "healthcare": "clinic",
        "name": "Puskesmas Lambing",
        "operator": "Ministry of Health",
        "operator:en": "Ministry of Health",
        "operator:id": "Kementerian Kesehatan",
        "operator:wikidata": "Q12490745",
        "rooms": "10",
        "@geometry": "center"
      },
      "geometry": {
        "type": "Point",
        "coordinates": [
          115.759859,
          -0.4571246
        ]
      },
      "id": "way/376039544"
    },
    {
      "type": "Feature",
      "properties": {
        "@id": "way/376075211",
        "addr:full": "Jl. Trans Kalimantan Kec. Muara Lawa",
        "amenity": "pharmacy",
        "building": "yes",
        "name": "Apotek Awi Farma",
        "@geometry": "center"
      },
      "geometry": {
        "type": "Point",
        "coordinates": [
          115.7600418,
          -0.4670055
        ]
      },
      "id": "way/376075211"
    },
    {
      "type": "Feature",
      "properties": {
        "@id": "way/376085294",
        "addr:full": "Jl. Lintas Kalteng-Kaltim",
        "amenity": "clinic",
        "building": "yes",
        "building:levels": "1",
        "capacity:persons": "30",
        "name": "Puskesmas Pembantu Randa Empas",
        "rooms": "4",
        "short_name": "Pustu Randa Empas",
        "@geometry": "center"
      },
      "geometry": {
        "type": "Point",
        "coordinates": [
          115.7513013,
          -1.0579349
        ]
      },
      "id": "way/376085294"
    },
    {
      "type": "Feature",
      "properties": {
        "@id": "way/376085295",
        "addr:full": "Jl. Lintas Kalteng-Kaltim",
        "amenity": "clinic",
        "building": "yes",
        "building:levels": "1",
        "capacity:persons": "30",
        "name": "Puskesmas Pembantu Sambung",
        "rooms": "4",
        "short_name": "Pustu Sambung",
        "@geometry": "center"
      },
      "geometry": {
        "type": "Point",
        "coordinates": [
          115.7436366,
          -1.0009812
        ]
      },
      "id": "way/376085295"
    },
    {
      "type": "Feature",
      "properties": {
        "@id": "way/376085296",
        "addr:full": "Jl. Lintas Kalteng-Kaltim",
        "amenity": "clinic",
        "building": "yes",
        "building:levels": "1",
        "capacity:persons": "30",
        "name": "Puskesmas Pembantu Tambaba",
        "rooms": "4",
        "short_name": "Pustu Tambaba",
        "@geometry": "center"
      },
      "geometry": {
        "type": "Point",
        "coordinates": [
          115.6829916,
          -1.1187102
        ]
      },
      "id": "way/376085296"
    },
    {
      "type": "Feature",
      "properties": {
        "@id": "way/376085297",
        "addr:full": "Jl. Lintas Kalteng-Kaltim",
        "amenity": "clinic",
        "building": "yes",
        "building:levels": "1",
        "capacity:persons": "30",
        "name": "Puskesmas Pembantu Tukuq",
        "rooms": "4",
        "short_name": "Pustu Tukuq",
        "@geometry": "center"
      },
      "geometry": {
        "type": "Point",
        "coordinates": [
          115.7362392,
          -1.061117
        ]
      },
      "id": "way/376085297"
    },
    {
      "type": "Feature",
      "properties": {
        "@id": "way/376238472",
        "addr:full": "Jl. Poros Muara Teweh-Puruk Cahu",
        "amenity": "clinic",
        "building": "yes",
        "building:levels": "1",
        "capacity:persons": "100",
        "name": "Puskesmas Pembantu Wonorejo",
        "rooms": "2",
        "short_name": "Pustu Wonorejo",
        "@geometry": "center"
      },
      "geometry": {
        "type": "Point",
        "coordinates": [
          114.9017771,
          -0.9242254
        ]
      },
      "id": "way/376238472"
    },
    {
      "type": "Feature",
      "properties": {
        "@id": "way/376238479",
        "amenity": "clinic",
        "building": "yes",
        "name": "Klinik Bersalin Christina",
        "@geometry": "center"
      },
      "geometry": {
        "type": "Point",
        "coordinates": [
          114.8981175,
          -0.9447354
        ]
      },
      "id": "way/376238479"
    },
    {
      "type": "Feature",
      "properties": {
        "@id": "way/376238502",
        "addr:full": "Jl. Yetro Sinseng",
        "amenity": "clinic",
        "building": "yes",
        "building:levels": "2",
        "capacity:persons": "100",
        "name": "Puskesmas Lanjas",
        "rooms": "10",
        "@geometry": "center"
      },
      "geometry": {
        "type": "Point",
        "coordinates": [
          114.8920734,
          -0.9617261
        ]
      },
      "id": "way/376238502"
    },
    {
      "type": "Feature",
      "properties": {
        "@id": "way/380186318",
        "amenity": "clinic",
        "building": "yes",
        "building:levels": "1",
        "capacity:persons": "50",
        "name": "Puskesmas Pembantu Eba Raya",
        "rooms": "4",
        "@geometry": "center"
      },
      "geometry": {
        "type": "Point",
        "coordinates": [
          115.132816,
          -2.1074562
        ]
      },
      "id": "way/380186318"
    },
    {
      "type": "Feature",
      "properties": {
        "@id": "way/380187311",
        "amenity": "clinic",
        "building": "yes",
        "name": "Puskesmas Magantis",
        "@geometry": "center"
      },
      "geometry": {
        "type": "Point",
        "coordinates": [
          115.151308,
          -2.1333756
        ]
      },
      "id": "way/380187311"
    },
    {
      "type": "Feature",
      "properties": {
        "@id": "way/380764304",
        "addr:full": "Jl. Gaya Baru",
        "amenity": "clinic",
        "building": "yes",
        "building:levels": "1",
        "capacity:persons": "100",
        "name": "Puskesmas Amuntai Selatan",
        "website": "https://www.asgar.or.id/kesehatan-health/layanan-kesehatan/daftar-puskesmas/daftar-puskesmas-di-kabupaten-hulu-sungai-utara-provinsi-kalimantan-selatan/",
        "@geometry": "center"
      },
      "geometry": {
        "type": "Point",
        "coordinates": [
          115.2135195,
          -2.4153809
        ]
      },
      "id": "way/380764304"
    },
    {
      "type": "Feature",
      "properties": {
        "@id": "way/380764316",
        "amenity": "clinic",
        "building": "yes",
        "building:levels": "1",
        "capacity:persons": "40",
        "name": "Puskesmas Pembantu Jumba",
        "@geometry": "center"
      },
      "geometry": {
        "type": "Point",
        "coordinates": [
          115.2357149,
          -2.421799
        ]
      },
      "id": "way/380764316"
    },
    {
      "type": "Feature",
      "properties": {
        "@id": "way/380764359",
        "amenity": "clinic",
        "building": "yes",
        "building:levels": "1",
        "capacity:persons": "50",
        "name": "Puskesmas Pembantu Simpang Empat",
        "@geometry": "center"
      },
      "geometry": {
        "type": "Point",
        "coordinates": [
          115.2179311,
          -2.445612
        ]
      },
      "id": "way/380764359"
    },
    {
      "type": "Feature",
      "properties": {
        "@id": "way/381955191",
        "addr:full": "Jl. Bihman Villa",
        "amenity": "clinic",
        "building": "yes",
        "building:levels": "1",
        "capacity:persons": "100",
        "name": "Puskesmas Sungai Karias",
        "rooms": "100",
        "@geometry": "center"
      },
      "geometry": {
        "type": "Point",
        "coordinates": [
          115.2641251,
          -2.4206103
        ]
      },
      "id": "way/381955191"
    },
    {
      "type": "Feature",
      "properties": {
        "@id": "way/381955234",
        "amenity": "clinic",
        "building": "yes",
        "name": "Puskesmas Lampihong",
        "@geometry": "center"
      },
      "geometry": {
        "type": "Point",
        "coordinates": [
          115.3754669,
          -2.3415204
        ]
      },
      "id": "way/381955234"
    },
    {
      "type": "Feature",
      "properties": {
        "@id": "way/381955247",
        "amenity": "clinic",
        "building": "yes",
        "name": "Puskesmas Tanah Habang",
        "@geometry": "center"
      },
      "geometry": {
        "type": "Point",
        "coordinates": [
          115.3266194,
          -2.3899608
        ]
      },
      "id": "way/381955247"
    },
    {
      "type": "Feature",
      "properties": {
        "@id": "way/381966439",
        "amenity": "clinic",
        "building": "yes",
        "building:levels": "1",
        "capacity:persons": "80",
        "name": "Puskesmas Paringin",
        "rooms": "20",
        "@geometry": "center"
      },
      "geometry": {
        "type": "Point",
        "coordinates": [
          115.461521,
          -2.3360609
        ]
      },
      "id": "way/381966439"
    },
    {
      "type": "Feature",
      "properties": {
        "@id": "way/382189008",
        "amenity": "clinic",
        "building": "yes",
        "name": "Puskesmas Banjang",
        "@geometry": "center"
      },
      "geometry": {
        "type": "Point",
        "coordinates": [
          115.3152654,
          -2.4074153
        ]
      },
      "id": "way/382189008"
    },
    {
      "type": "Feature",
      "properties": {
        "@id": "way/382255150",
        "amenity": "clinic",
        "building": "yes",
        "name": "Puskesmas Ilung",
        "@geometry": "center"
      },
      "geometry": {
        "type": "Point",
        "coordinates": [
          115.4088696,
          -2.5187186
        ]
      },
      "id": "way/382255150"
    },
    {
      "type": "Feature",
      "properties": {
        "@id": "way/382358060",
        "amenity": "clinic",
        "building": "yes",
        "healthcare": "clinic",
        "name": "Puskesmas Barabai",
        "operator": "Ministry of Health",
        "operator:en": "Ministry of Health",
        "operator:id": "Kementerian Kesehatan",
        "operator:type": "government",
        "operator:wikidata": "Q12490745",
        "@geometry": "center"
      },
      "geometry": {
        "type": "Point",
        "coordinates": [
          115.38802,
          -2.5865856
        ]
      },
      "id": "way/382358060"
    },
    {
      "type": "Feature",
      "properties": {
        "@id": "way/382382665",
        "amenity": "clinic",
        "building": "yes",
        "name": "Poskesdes Tayur",
        "@geometry": "center"
      },
      "geometry": {
        "type": "Point",
        "coordinates": [
          115.3105081,
          -2.3534211
        ]
      },
      "id": "way/382382665"
    },
    {
      "type": "Feature",
      "properties": {
        "@id": "way/382382733",
        "amenity": "clinic",
        "building": "yes",
        "name": "Puskesmas Pembantu Banua Hanyar",
        "@geometry": "center"
      },
      "geometry": {
        "type": "Point",
        "coordinates": [
          115.3411931,
          -2.5973649
        ]
      },
      "id": "way/382382733"
    },
    {
      "type": "Feature",
      "properties": {
        "@id": "way/382399970",
        "amenity": "clinic",
        "building": "yes",
        "name": "Puskesmas Batu Mandi",
        "@geometry": "center"
      },
      "geometry": {
        "type": "Point",
        "coordinates": [
          115.4241143,
          -2.427509
        ]
      },
      "id": "way/382399970"
    },
    {
      "type": "Feature",
      "properties": {
        "@id": "way/382399971",
        "addr:full": "Jl. Lingkar Timur Batu Piring Paringin Selatan",
        "amenity": "clinic",
        "building": "yes",
        "name": "Puskesmas Paringin Selatan",
        "@geometry": "center"
      },
      "geometry": {
        "type": "Point",
        "coordinates": [
          115.4754182,
          -2.3513335
        ]
      },
      "id": "way/382399971"
    },
    {
      "type": "Feature",
      "properties": {
        "@id": "way/382975330",
        "addr:full": "Jl. Poros Muara Teweh-Kandui",
        "admin_level": "6",
        "amenity": "clinic",
        "building": "yes",
        "building:levels": "1",
        "name": "Poliklinik Suaka Insan",
        "official_name": "Poliklinik Suaka Insan Kandui",
        "@geometry": "center"
      },
      "geometry": {
        "type": "Point",
        "coordinates": [
          115.1133101,
          -1.2481479
        ]
      },
      "id": "way/382975330"
    },
    {
      "type": "Feature",
      "properties": {
        "@id": "way/382975332",
        "addr:full": "Jl. Muara Teweh-Kandui",
        "admin_level": "7",
        "amenity": "clinic",
        "building": "yes",
        "building:levels": "1",
        "name": "Poskesdes Sikui",
        "@geometry": "center"
      },
      "geometry": {
        "type": "Point",
        "coordinates": [
          115.0873198,
          -1.0760769
        ]
      },
      "id": "way/382975332"
    },
    {
      "type": "Feature",
      "properties": {
        "@id": "way/382975333",
        "addr:full": "Jl. Kandui-Patas",
        "amenity": "clinic",
        "building": "yes",
        "building:levels": "1",
        "capacity:persons": "50",
        "name": "Puskesmas Bantai Bambure",
        "@geometry": "center"
      },
      "geometry": {
        "type": "Point",
        "coordinates": [
          115.1531708,
          -1.4055566
        ]
      },
      "id": "way/382975333"
    },
    {
      "type": "Feature",
      "properties": {
        "@id": "way/382975334",
        "addr:full": "Jl. Poros Muara Teweh-Kandui",
        "admin_level": "6",
        "amenity": "clinic",
        "building": "yes",
        "building:levels": "1",
        "name": "Puskesmas Kandui",
        "@geometry": "center"
      },
      "geometry": {
        "type": "Point",
        "coordinates": [
          115.1187967,
          -1.2570711
        ]
      },
      "id": "way/382975334"
    },
    {
      "type": "Feature",
      "properties": {
        "@id": "way/382975335",
        "addr:full": "Jl. Kandui-Patas",
        "admin_level": "7",
        "amenity": "clinic",
        "building": "yes",
        "building:levels": "1",
        "name": "Puskesmas Pembantu Rampa Mea",
        "short_name": "Pustu Rampa Mea",
        "@geometry": "center"
      },
      "geometry": {
        "type": "Point",
        "coordinates": [
          115.130213,
          -1.3528659
        ]
      },
      "id": "way/382975335"
    },
    {
      "type": "Feature",
      "properties": {
        "@id": "way/382975336",
        "addr:full": "Jl. Kandui-Patas KM 9",
        "admin_level": "7",
        "amenity": "clinic",
        "building": "yes",
        "building:levels": "1",
        "name": "Puskesmas Pembantu Tapen Raya",
        "short_name": "Pustu Tapen Raya",
        "@geometry": "center"
      },
      "geometry": {
        "type": "Point",
        "coordinates": [
          115.1220754,
          -1.3270299
        ]
      },
      "id": "way/382975336"
    },
    {
      "type": "Feature",
      "properties": {
        "@id": "way/383004119",
        "amenity": "clinic",
        "building": "yes",
        "building:levels": "1",
        "name": "Puskesmas Pembantu Gagutur",
        "short_name": "Pustu Gagutur",
        "@geometry": "center"
      },
      "geometry": {
        "type": "Point",
        "coordinates": [
          115.1433416,
          -1.6104109
        ]
      },
      "id": "way/383004119"
    },
    {
      "type": "Feature",
      "properties": {
        "@id": "way/383004207",
        "amenity": "clinic",
        "building": "yes",
        "building:levels": "1",
        "capacity:persons": "30",
        "name": "Puskesmas Pembantu Baruyan",
        "short_name": "Pustu Baruyan",
        "@geometry": "center"
      },
      "geometry": {
        "type": "Point",
        "coordinates": [
          115.1515685,
          -1.6609085
        ]
      },
      "id": "way/383004207"
    },
    {
      "type": "Feature",
      "properties": {
        "@id": "way/383004219",
        "amenity": "clinic",
        "building": "yes",
        "building:levels": "1",
        "name": "Puskesmas Patas I",
        "@geometry": "center"
      },
      "geometry": {
        "type": "Point",
        "coordinates": [
          115.1599851,
          -1.5286016
        ]
      },
      "id": "way/383004219"
    },
    {
      "type": "Feature",
      "properties": {
        "@id": "way/383729200",
        "amenity": "clinic",
        "building": "yes",
        "building:levels": "2",
        "capacity:persons": "Jl. A. Syakir",
        "name": "Puskesmas Sebulu I",
        "@geometry": "center"
      },
      "geometry": {
        "type": "Point",
        "coordinates": [
          117.0063271,
          -0.2726426
        ]
      },
      "id": "way/383729200"
    },
    {
      "type": "Feature",
      "properties": {
        "@id": "way/384323426",
        "amenity": "clinic",
        "building": "yes",
        "name": "Puskesmas Pembantu Kelapis",
        "short_name": "Pustu Kelapis",
        "@geometry": "center"
      },
      "geometry": {
        "type": "Point",
        "coordinates": [
          116.6647278,
          3.6336753
        ]
      },
      "id": "way/384323426"
    },
    {
      "type": "Feature",
      "properties": {
        "@id": "way/386208436",
        "amenity": "hospital",
        "emergency": "yes",
        "healthcare": "hospital",
        "name": "RS Pertamina Tanjung",
        "operator": "Pertamina",
        "@geometry": "center"
      },
      "geometry": {
        "type": "Point",
        "coordinates": [
          115.4021131,
          -2.1445763
        ]
      },
      "id": "way/386208436"
    },
    {
      "type": "Feature",
      "properties": {
        "@id": "way/386215992",
        "amenity": "hospital",
        "healthcare": "hospital",
        "name": "PUSKESMAS MURUNG PUDAK",
        "operator": "PEMKAB TABALONG",
        "@geometry": "center"
      },
      "geometry": {
        "type": "Point",
        "coordinates": [
          115.3930718,
          -2.1448524
        ]
      },
      "id": "way/386215992"
    },
    {
      "type": "Feature",
      "properties": {
        "@id": "way/388606077",
        "amenity": "clinic",
        "building": "yes",
        "name": "Puskesmas Pembantu Mendik",
        "@geometry": "center"
      },
      "geometry": {
        "type": "Point",
        "coordinates": [
          116.3151352,
          -1.450636
        ]
      },
      "id": "way/388606077"
    },
    {
      "type": "Feature",
      "properties": {
        "@id": "way/388606100",
        "amenity": "clinic",
        "building": "yes",
        "building:levels": "1",
        "capacity:persons": "100",
        "name": "Puskesmas Mendik",
        "@geometry": "center"
      },
      "geometry": {
        "type": "Point",
        "coordinates": [
          116.3048107,
          -1.4404178
        ]
      },
      "id": "way/388606100"
    },
    {
      "type": "Feature",
      "properties": {
        "@id": "way/389823610",
        "amenity": "clinic",
        "building": "yes",
        "building:levels": "1",
        "name": "Puskesmas Pembantu Mulawarman",
        "@geometry": "center"
      },
      "geometry": {
        "type": "Point",
        "coordinates": [
          117.1423926,
          -0.1903218
        ]
      },
      "id": "way/389823610"
    },
    {
      "type": "Feature",
      "properties": {
        "@id": "way/389823611",
        "amenity": "clinic",
        "building": "yes",
        "name": "Puskesmas Separi III",
        "@geometry": "center"
      },
      "geometry": {
        "type": "Point",
        "coordinates": [
          117.1196501,
          -0.2636215
        ]
      },
      "id": "way/389823611"
    },
    {
      "type": "Feature",
      "properties": {
        "@id": "way/390946188",
        "addr:full": "Jl. Loak",
        "amenity": "clinic",
        "building": "yes",
        "building:levels": "1",
        "capacity:persons": "50",
        "name": "Klinik Gigi Karya",
        "rooms": "1",
        "@geometry": "center"
      },
      "geometry": {
        "type": "Point",
        "coordinates": [
          116.825269,
          -1.2378938
        ]
      },
      "id": "way/390946188"
    },
    {
      "type": "Feature",
      "properties": {
        "@id": "way/391853486",
        "addr:full": "Jl. MT Haryono Balikpapan",
        "amenity": "clinic",
        "building": "yes",
        "building:levels": "2",
        "capacity:persons": "15",
        "healthcare": "clinic",
        "name": "Puskesmas Damai",
        "operator": "Ministry of Health",
        "operator:en": "Ministry of Health",
        "operator:type": "government",
        "rooms": "7",
        "@geometry": "center"
      },
      "geometry": {
        "type": "Point",
        "coordinates": [
          116.8595327,
          -1.2630907
        ]
      },
      "id": "way/391853486"
    },
    {
      "type": "Feature",
      "properties": {
        "@id": "way/392033111",
        "addr:full": "Jl. Wolter Monginsidi",
        "amenity": "clinic",
        "building": "yes",
        "building:levels": "1",
        "capacity:persons": "100",
        "name": "Klinik Dokter Harry Zulkifli Sugondo",
        "rooms": "3",
        "@geometry": "center"
      },
      "geometry": {
        "type": "Point",
        "coordinates": [
          116.8128763,
          -1.2212492
        ]
      },
      "id": "way/392033111"
    },
    {
      "type": "Feature",
      "properties": {
        "@id": "way/392033112",
        "addr:full": "Jl. Letjen Suprapto",
        "amenity": "clinic",
        "building": "yes",
        "building:levels": "1",
        "capacity:persons": "100",
        "healthcare": "clinic",
        "name": "Klinik Ika Pati",
        "rooms": "10",
        "@geometry": "center"
      },
      "geometry": {
        "type": "Point",
        "coordinates": [
          116.818819,
          -1.2342198
        ]
      },
      "id": "way/392033112"
    },
    {
      "type": "Feature",
      "properties": {
        "@id": "way/392033113",
        "addr:full": "Jl. Wolter Monginsidi",
        "amenity": "clinic",
        "building": "yes",
        "building:levels": "1",
        "capacity:persons": "120",
        "name": "Klinik Kesehatan Pelabuhan Kelas 2 Balikpapan",
        "rooms": "3",
        "website": "www.kkpbalikpapan.or.id",
        "@geometry": "center"
      },
      "geometry": {
        "type": "Point",
        "coordinates": [
          116.8178909,
          -1.2205563
        ]
      },
      "id": "way/392033113"
    },
    {
      "type": "Feature",
      "properties": {
        "@id": "way/392033127",
        "addr:full": "Jl. Letjen Suprapto",
        "amenity": "clinic",
        "building": "yes",
        "building:levels": "1",
        "capacity:persons": "100",
        "healthcare": "clinic",
        "name": "Puskesmas Baru Tengah",
        "operator": "Ministry of Health",
        "operator:en": "Ministry of Health",
        "operator:id": "Kementerian Kesehatan",
        "operator:type": "government",
        "operator:wikidata": "Q12490745",
        "rooms": "10",
        "@geometry": "center"
      },
      "geometry": {
        "type": "Point",
        "coordinates": [
          116.815713,
          -1.2336826
        ]
      },
      "id": "way/392033127"
    },
    {
      "type": "Feature",
      "properties": {
        "@id": "way/392033128",
        "addr:full": "Jl. Sultan Hasanuddin",
        "amenity": "clinic",
        "building": "yes",
        "building:levels": "1",
        "capacity:persons": "100",
        "name": "Puskesmas Baru Ulu",
        "rooms": "10",
        "@geometry": "center"
      },
      "geometry": {
        "type": "Point",
        "coordinates": [
          116.8167442,
          -1.2254672
        ]
      },
      "id": "way/392033128"
    },
    {
      "type": "Feature",
      "properties": {
        "@id": "way/392033129",
        "addr:full": "Jl. Wolter Monginsidi",
        "amenity": "clinic",
        "building": "yes",
        "building:levels": "2",
        "capacity:persons": "100",
        "name": "Puskesmas Baru Ulu",
        "rooms": "6",
        "@geometry": "center"
      },
      "geometry": {
        "type": "Point",
        "coordinates": [
          116.81291,
          -1.2212873
        ]
      },
      "id": "way/392033129"
    },
    {
      "type": "Feature",
      "properties": {
        "@id": "way/392383927",
        "addr:full": "Jl. Letjen Suprapto",
        "amenity": "hospital",
        "building": "yes",
        "building:levels": "2",
        "capacity:persons": "1000",
        "name": "HSSE Center Pertamina (Unit Demo Room)",
        "@geometry": "center"
      },
      "geometry": {
        "type": "Point",
        "coordinates": [
          116.8274228,
          -1.2394316
        ]
      },
      "id": "way/392383927"
    },
    {
      "type": "Feature",
      "properties": {
        "@id": "way/392383936",
        "addr:full": "Jl. Letjen Suprapto",
        "amenity": "clinic",
        "building": "yes",
        "building:levels": "1",
        "capacity:persons": "10",
        "healthcare": "clinic",
        "name": "Klinik Ahli Gigi Cahya",
        "rooms": "1",
        "@geometry": "center"
      },
      "geometry": {
        "type": "Point",
        "coordinates": [
          116.8285791,
          -1.2408409
        ]
      },
      "id": "way/392383936"
    },
    {
      "type": "Feature",
      "properties": {
        "@id": "way/392458176",
        "addr:full": "Jl. Ahmad Yani",
        "amenity": "clinic",
        "building": "yes",
        "building:levels": "2",
        "capacity:persons": "100",
        "name": "Klinik Kimia Farma",
        "rooms": "5",
        "@geometry": "center"
      },
      "geometry": {
        "type": "Point",
        "coordinates": [
          116.834913,
          -1.2462779
        ]
      },
      "id": "way/392458176"
    },
    {
      "type": "Feature",
      "properties": {
        "@id": "way/394514906",
        "addr:full": "Jl. Mayjen Sutoyo",
        "amenity": "clinic",
        "building": "yes",
        "building:levels": "3",
        "capacity:persons": "300",
        "name": "Kusuma Medical Center",
        "rooms": "10",
        "@geometry": "center"
      },
      "geometry": {
        "type": "Point",
        "coordinates": [
          116.8444742,
          -1.2690064
        ]
      },
      "id": "way/394514906"
    },
    {
      "type": "Feature",
      "properties": {
        "@id": "way/398992974",
        "addr:full": "Jl. Olahraga",
        "amenity": "clinic",
        "building": "yes",
        "building:levels": "1",
        "capacity:persons": "30",
        "name": "Puskesmas Gunung Intan",
        "@geometry": "center"
      },
      "geometry": {
        "type": "Point",
        "coordinates": [
          116.4162632,
          -1.5141517
        ]
      },
      "id": "way/398992974"
    },
    {
      "type": "Feature",
      "properties": {
        "@id": "way/398997374",
        "amenity": "clinic",
        "building": "yes",
        "building:levels": "1",
        "capacity:persons": "40",
        "name": "Polindes Mangkupum",
        "rooms": "3",
        "@geometry": "center"
      },
      "geometry": {
        "type": "Point",
        "coordinates": [
          115.5978956,
          -1.9525642
        ]
      },
      "id": "way/398997374"
    },
    {
      "type": "Feature",
      "properties": {
        "@id": "way/399001063",
        "amenity": "clinic",
        "building": "yes",
        "building:levels": "1",
        "name": "Puskesmas Pembantu Bukit Merdeka",
        "short_name": "Pustu Bukit Merdeka",
        "@geometry": "center"
      },
      "geometry": {
        "type": "Point",
        "coordinates": [
          117.0137937,
          -0.9173839
        ]
      },
      "id": "way/399001063"
    },
    {
      "type": "Feature",
      "properties": {
        "@id": "way/399569345",
        "amenity": "clinic",
        "building": "yes",
        "name": "Puskesmas Muara Harus",
        "@geometry": "center"
      },
      "geometry": {
        "type": "Point",
        "coordinates": [
          115.3235909,
          -2.2486637
        ]
      },
      "id": "way/399569345"
    },
    {
      "type": "Feature",
      "properties": {
        "@id": "way/399569346",
        "amenity": "clinic",
        "building": "yes",
        "building:levels": "1",
        "capacity:persons": "20",
        "name": "Puskesmas Pembantu Padangin",
        "rooms": "3",
        "short_name": "Pustu Padangin",
        "@geometry": "center"
      },
      "geometry": {
        "type": "Point",
        "coordinates": [
          115.3457963,
          -2.2354319
        ]
      },
      "id": "way/399569346"
    },
    {
      "type": "Feature",
      "properties": {
        "@id": "way/399569347",
        "amenity": "clinic",
        "building": "yes",
        "name": "Puskesmas Upau",
        "@geometry": "center"
      },
      "geometry": {
        "type": "Point",
        "coordinates": [
          115.6167482,
          -2.0746212
        ]
      },
      "id": "way/399569347"
    },
    {
      "type": "Feature",
      "properties": {
        "@id": "way/400611321",
        "amenity": "clinic",
        "building": "yes",
        "name": "Poskesdes Hayup",
        "@geometry": "center"
      },
      "geometry": {
        "type": "Point",
        "coordinates": [
          115.5240578,
          -1.9793199
        ]
      },
      "id": "way/400611321"
    },
    {
      "type": "Feature",
      "properties": {
        "@id": "way/400611322",
        "amenity": "clinic",
        "building": "yes",
        "name": "Puskesmas Bintang Ara",
        "@geometry": "center"
      },
      "geometry": {
        "type": "Point",
        "coordinates": [
          115.4447377,
          -1.9709871
        ]
      },
      "id": "way/400611322"
    },
    {
      "type": "Feature",
      "properties": {
        "@id": "way/400611323",
        "amenity": "clinic",
        "building": "yes",
        "healthcare": "clinic",
        "name": "Puskesmas Haruai",
        "not:operator:wikidata": "Q12490745",
        "@geometry": "center"
      },
      "geometry": {
        "type": "Point",
        "coordinates": [
          115.5097055,
          -2.0157413
        ]
      },
      "id": "way/400611323"
    },
    {
      "type": "Feature",
      "properties": {
        "@id": "way/400611324",
        "amenity": "clinic",
        "building": "yes",
        "name": "Puskesmas Muara Uya",
        "@geometry": "center"
      },
      "geometry": {
        "type": "Point",
        "coordinates": [
          115.599356,
          -1.8867638
        ]
      },
      "id": "way/400611324"
    },
    {
      "type": "Feature",
      "properties": {
        "@id": "way/402820764",
        "amenity": "clinic",
        "building": "yes",
        "name": "Polindes Bilas",
        "@geometry": "center"
      },
      "geometry": {
        "type": "Point",
        "coordinates": [
          115.5543336,
          -2.1070451
        ]
      },
      "id": "way/402820764"
    },
    {
      "type": "Feature",
      "properties": {
        "@id": "way/402820765",
        "amenity": "clinic",
        "building": "yes",
        "name": "Puskesmas Pembantu Masingai",
        "short_name": "Pustu Masingai",
        "@geometry": "center"
      },
      "geometry": {
        "type": "Point",
        "coordinates": [
          115.5509391,
          -2.1080762
        ]
      },
      "id": "way/402820765"
    },
    {
      "type": "Feature",
      "properties": {
        "@id": "way/403804696",
        "amenity": "clinic",
        "building": "yes",
        "name": "Poskesdes Pihaung",
        "@geometry": "center"
      },
      "geometry": {
        "type": "Point",
        "coordinates": [
          115.2497416,
          -2.3793536
        ]
      },
      "id": "way/403804696"
    },
    {
      "type": "Feature",
      "properties": {
        "@id": "way/403804697",
        "amenity": "clinic",
        "building": "yes",
        "name": "Poskesdes Sungai Binuang",
        "@geometry": "center"
      },
      "geometry": {
        "type": "Point",
        "coordinates": [
          115.259302,
          -2.3655486
        ]
      },
      "id": "way/403804697"
    },
    {
      "type": "Feature",
      "properties": {
        "@id": "way/403865325",
        "amenity": "clinic",
        "building": "yes",
        "name": "Puskesmas Haur Gading",
        "@geometry": "center"
      },
      "geometry": {
        "type": "Point",
        "coordinates": [
          115.2487029,
          -2.3799154
        ]
      },
      "id": "way/403865325"
    },
    {
      "type": "Feature",
      "properties": {
        "@id": "way/403865326",
        "amenity": "clinic",
        "building": "yes",
        "name": "Puskesmas Pembantu Palimbang Gusti",
        "short_name": "Pustu Palimbang Gusti",
        "@geometry": "center"
      },
      "geometry": {
        "type": "Point",
        "coordinates": [
          115.238017,
          -2.3996655
        ]
      },
      "id": "way/403865326"
    },
    {
      "type": "Feature",
      "properties": {
        "@id": "way/403865327",
        "amenity": "clinic",
        "building": "yes",
        "name": "Puskesmas Pembantu Waringin",
        "short_name": "Pustu Waringin",
        "@geometry": "center"
      },
      "geometry": {
        "type": "Point",
        "coordinates": [
          115.2463076,
          -2.367322
        ]
      },
      "id": "way/403865327"
    },
    {
      "type": "Feature",
      "properties": {
        "@id": "way/406438507",
        "amenity": "clinic",
        "building": "yes",
        "name": "Puskesmas Batu Tangga",
        "@geometry": "center"
      },
      "geometry": {
        "type": "Point",
        "coordinates": [
          115.5319132,
          -2.5272765
        ]
      },
      "id": "way/406438507"
    },
    {
      "type": "Feature",
      "properties": {
        "@id": "way/407831913",
        "addr:city": "Kutai Kartanegara",
        "addr:housenumber": "1",
        "addr:postcode": "75572",
        "addr:street": "Jalan Ratu Agung No.1, Tlk. Dalam, Kec. Tenggarong Seberang, Kabupaten Kutai Kartanegara, Kalimantan Timur",
        "amenity": "hospital",
        "description": "Rumah Sakit Rujukan Penanganan Corona Covid-19",
        "emergency": "yes",
        "healthcare": "hospital",
        "healthcare:speciality": "general",
        "hospital:type": "public",
        "name": "RSUD Aji Muhammad Parikesit",
        "note": "Kontak (0541) 661015",
        "operator": "Pemerintah Kabupaten Kutai Kartanegara",
        "operator:type": "government",
        "@geometry": "center"
      },
      "geometry": {
        "type": "Point",
        "coordinates": [
          117.0136927,
          -0.4386804
        ]
      },
      "id": "way/407831913"
    },
    {
      "type": "Feature",
      "properties": {
        "@id": "way/410547765",
        "amenity": "clinic",
        "building": "yes",
        "name": "Poskesdes Ulin",
        "@geometry": "center"
      },
      "geometry": {
        "type": "Point",
        "coordinates": [
          115.2219745,
          -2.7911236
        ]
      },
      "id": "way/410547765"
    },
    {
      "type": "Feature",
      "properties": {
        "@id": "way/410547766",
        "amenity": "clinic",
        "building": "yes",
        "name": "Puskesmas Pembantu Hantarukung",
        "short_name": "Pustu Hantarukung",
        "@geometry": "center"
      },
      "geometry": {
        "type": "Point",
        "coordinates": [
          115.2107879,
          -2.797497
        ]
      },
      "id": "way/410547766"
    },
    {
      "type": "Feature",
      "properties": {
        "@id": "way/411377239",
        "amenity": "clinic",
        "building": "yes",
        "name": "Puskesmas Pembantu Semangko",
        "short_name": "Pustu Semangko",
        "@geometry": "center"
      },
      "geometry": {
        "type": "Point",
        "coordinates": [
          117.4592916,
          -0.0866663
        ]
      },
      "id": "way/411377239"
    },
    {
      "type": "Feature",
      "properties": {
        "@id": "way/412314339",
        "addr:full": "Jl. HAMM Riffadin",
        "alt_name": "RSUD IA Moeis",
        "amenity": "hospital",
        "capacity:persons": "500",
        "healthcare": "hospital",
        "hospital:type": "C",
        "name": "RSUD I.A. Moeis",
        "name:en": "I.A. Moeis Hospital",
        "operator:type": "government",
        "@geometry": "center"
      },
      "geometry": {
        "type": "Point",
        "coordinates": [
          117.1105683,
          -0.5586711
        ]
      },
      "id": "way/412314339"
    },
    {
      "type": "Feature",
      "properties": {
        "@id": "way/413337422",
        "amenity": "clinic",
        "building": "yes",
        "name": "Puskesmas Pembantu Jembayan Dalam",
        "@geometry": "center"
      },
      "geometry": {
        "type": "Point",
        "coordinates": [
          116.9463878,
          -0.5643359
        ]
      },
      "id": "way/413337422"
    },
    {
      "type": "Feature",
      "properties": {
        "@id": "way/416519170",
        "amenity": "clinic",
        "building": "yes",
        "healthcare": "clinic",
        "name": "Puskesmas Wildan",
        "@geometry": "center"
      },
      "geometry": {
        "type": "Point",
        "coordinates": [
          114.572816,
          -3.3263403
        ]
      },
      "id": "way/416519170"
    },
    {
      "type": "Feature",
      "properties": {
        "@id": "way/416519203",
        "amenity": "clinic",
        "check_date": "2024-03-03",
        "healthcare": "clinic",
        "name": "Puskesmas Banjarmasin Indah",
        "name:id": "Puskesmas Banjarmasin Indah",
        "operator": "Ministry of Health",
        "operator:en": "Ministry of Health",
        "operator:id": "Kementerian Kesehatan",
        "operator:type": "government",
        "operator:wikidata": "Q12490745",
        "@geometry": "center"
      },
      "geometry": {
        "type": "Point",
        "coordinates": [
          114.5646257,
          -3.3308724
        ]
      },
      "id": "way/416519203"
    },
    {
      "type": "Feature",
      "properties": {
        "@id": "way/416532856",
        "addr:city": "Banjarmasin",
        "addr:country": "ID",
        "addr:full": "Jalan Rantauan Darat, Kelayan Sel, Kec. Banjarmasin Sel, Kota Banjarmasin, Kalimantan Selatan 70234",
        "addr:housenumber": "4",
        "addr:postcode": "70234",
        "addr:street": "Jalan Rantauan Darat",
        "alt_name": "RS Susu;RSUD Susu;RS Sultan Suriansyah",
        "amenity": "hospital",
        "beds": "21",
        "check_date": "2024-03-03",
        "emergency": "yes",
        "healthcare": "hospital",
        "healthcare:speciality": "maternity;surgery;rehabilitation;neurology;psychiatry;otolaryngology;paediatrics;dentistry;nutri;nutrition;radiology;pathology;anatomy_pathology",
        "name": "RSUD Sultan Suriansyah Banjarmasin",
        "name:id": "RSUD Sultan Suriansyah Banjarmasin",
        "official_name": "RS UMUM DAERAH SULTAN SURIANSYAH BANJARMASIN",
        "operator:type": "government/for_profit",
        "phone": "+62 511 678 2000;+62 812 8866 6684",
        "ref": "6371156",
        "website": "https://rsudss.banjarmasinkota.go.id",
        "wheelchair": "yes",
        "@geometry": "center"
      },
      "geometry": {
        "type": "Point",
        "coordinates": [
          114.5850963,
          -3.3329945
        ]
      },
      "id": "way/416532856"
    },
    {
      "type": "Feature",
      "properties": {
        "@id": "way/416631864",
        "amenity": "clinic",
        "building": "yes",
        "name": "Puskesmas Pembantu Sungai Bawang",
        "short_name": "Pustu Sungai Bawang",
        "@geometry": "center"
      },
      "geometry": {
        "type": "Point",
        "coordinates": [
          117.244029,
          -0.3524321
        ]
      },
      "id": "way/416631864"
    },
    {
      "type": "Feature",
      "properties": {
        "@id": "way/418866222",
        "amenity": "clinic",
        "building": "yes",
        "name": "Puskesmas Pembantu Separi",
        "short_name": "Pustu Separi",
        "@geometry": "center"
      },
      "geometry": {
        "type": "Point",
        "coordinates": [
          117.067239,
          -0.3117582
        ]
      },
      "id": "way/418866222"
    },
    {
      "type": "Feature",
      "properties": {
        "@id": "way/419160688",
        "addr:city": "Kotawaringin Barat",
        "addr:housenumber": "17",
        "addr:street": "Jl. Sutan Syahrir",
        "amenity": "hospital",
        "emergency": "yes",
        "healthcare": "hospital",
        "healthcare:speciality": "general",
        "name": "RSUD Sultan Imanudin Pangkalanbun",
        "@geometry": "center"
      },
      "geometry": {
        "type": "Point",
        "coordinates": [
          111.6315054,
          -2.6917316
        ]
      },
      "id": "way/419160688"
    },
    {
      "type": "Feature",
      "properties": {
        "@id": "way/420444856",
        "addr:city": "Balikpapan",
        "addr:postcode": "76115",
        "addr:street": "Jl. Marsma Iswahyudi",
        "amenity": "hospital",
        "healthcare": "hospital",
        "name": "Puskesmas Sepinggan",
        "@geometry": "center"
      },
      "geometry": {
        "type": "Point",
        "coordinates": [
          116.9078353,
          -1.2584246
        ]
      },
      "id": "way/420444856"
    },
    {
      "type": "Feature",
      "properties": {
        "@id": "way/420449271",
        "amenity": "hospital",
        "healthcare": "hospital",
        "name": "Puskesmas Natai Palingkau",
        "@geometry": "center"
      },
      "geometry": {
        "type": "Point",
        "coordinates": [
          111.6637839,
          -2.6691822
        ]
      },
      "id": "way/420449271"
    },
    {
      "type": "Feature",
      "properties": {
        "@id": "way/421201158",
        "amenity": "clinic",
        "building": "yes",
        "healthcare": "clinic",
        "name": "Puskesmas Madurejo",
        "not:operator:wikidata": "Q12490745",
        "@geometry": "center"
      },
      "geometry": {
        "type": "Point",
        "coordinates": [
          111.6448965,
          -2.7006303
        ]
      },
      "id": "way/421201158"
    },
    {
      "type": "Feature",
      "properties": {
        "@id": "way/421921308",
        "amenity": "clinic",
        "building": "yes",
        "healthcare": "clinic",
        "name": "Puskesmas Beruntung Raya",
        "@geometry": "center"
      },
      "geometry": {
        "type": "Point",
        "coordinates": [
          114.6005062,
          -3.3578751
        ]
      },
      "id": "way/421921308"
    },
    {
      "type": "Feature",
      "properties": {
        "@id": "way/421921309",
        "amenity": "clinic",
        "building": "yes",
        "healthcare": "clinic",
        "name": "Puskesmas Pembantu Basirih Selatan",
        "operator": "Ministry of Health",
        "operator:en": "Ministry of Health",
        "operator:id": "Kementerian Kesehatan",
        "operator:type": "government",
        "operator:wikidata": "Q12490745",
        "short_name": "Pustu Basirih Selatan",
        "@geometry": "center"
      },
      "geometry": {
        "type": "Point",
        "coordinates": [
          114.5739315,
          -3.3423509
        ]
      },
      "id": "way/421921309"
    },
    {
      "type": "Feature",
      "properties": {
        "@id": "way/421943898",
        "amenity": "clinic",
        "building": "yes",
        "healthcare": "clinic",
        "name": "Poskesdes Barunai Baru",
        "@geometry": "center"
      },
      "geometry": {
        "type": "Point",
        "coordinates": [
          114.5064355,
          -3.1547101
        ]
      },
      "id": "way/421943898"
    },
    {
      "type": "Feature",
      "properties": {
        "@id": "way/421943899",
        "amenity": "clinic",
        "building": "yes",
        "name": "Puskesmas Anjir Muara",
        "@geometry": "center"
      },
      "geometry": {
        "type": "Point",
        "coordinates": [
          114.5457334,
          -3.1975422
        ]
      },
      "id": "way/421943899"
    },
    {
      "type": "Feature",
      "properties": {
        "@id": "way/421943900",
        "amenity": "clinic",
        "building": "yes",
        "healthcare": "clinic",
        "name": "Puskesmas Berangas",
        "operator": "Ministry of Health",
        "operator:en": "Ministry of Health",
        "operator:id": "Kementerian Kesehatan",
        "operator:type": "government",
        "operator:wikidata": "Q12490745",
        "@geometry": "center"
      },
      "geometry": {
        "type": "Point",
        "coordinates": [
          114.5650986,
          -3.2519782
        ]
      },
      "id": "way/421943900"
    },
    {
      "type": "Feature",
      "properties": {
        "@id": "way/422204624",
        "amenity": "clinic",
        "building": "yes",
        "healthcare": "clinic",
        "name": "Puskesmas Barimba",
        "operator": "Ministry of Health",
        "operator:en": "Ministry of Health",
        "operator:id": "Kementerian Kesehatan",
        "operator:type": "government",
        "operator:wikidata": "Q12490745",
        "@geometry": "center"
      },
      "geometry": {
        "type": "Point",
        "coordinates": [
          114.4096244,
          -3.0097038
        ]
      },
      "id": "way/422204624"
    },
    {
      "type": "Feature",
      "properties": {
        "@id": "way/422325112",
        "amenity": "clinic",
        "building": "yes",
        "name": "Puskesmas Jabiren",
        "@geometry": "center"
      },
      "geometry": {
        "type": "Point",
        "coordinates": [
          114.1900465,
          -2.5193335
        ]
      },
      "id": "way/422325112"
    },
    {
      "type": "Feature",
      "properties": {
        "@id": "way/422325113",
        "amenity": "clinic",
        "building": "yes",
        "name": "Puskesmas Pembantu Garung",
        "short_name": "Pustu Garung",
        "@geometry": "center"
      },
      "geometry": {
        "type": "Point",
        "coordinates": [
          114.2194583,
          -2.6476622
        ]
      },
      "id": "way/422325113"
    },
    {
      "type": "Feature",
      "properties": {
        "@id": "way/422325114",
        "amenity": "hospital",
        "healthcare": "hospital",
        "name": "RSUD Pulang Pisau",
        "@geometry": "center"
      },
      "geometry": {
        "type": "Point",
        "coordinates": [
          114.2655542,
          -2.7938225
        ]
      },
      "id": "way/422325114"
    },
    {
      "type": "Feature",
      "properties": {
        "@id": "way/422583468",
        "amenity": "hospital",
        "emergency": "yes",
        "healthcare": "hospital",
        "name": "Bintulu Medical Center",
        "name:en": "Bintulu Medical Center",
        "wheelchair": "yes",
        "@geometry": "center"
      },
      "geometry": {
        "type": "Point",
        "coordinates": [
          113.0565424,
          3.2005105
        ]
      },
      "id": "way/422583468"
    },
    {
      "type": "Feature",
      "properties": {
        "@id": "way/422917464",
        "amenity": "clinic",
        "building": "yes",
        "healthcare": "clinic",
        "name": "Red Crescent",
        "@geometry": "center"
      },
      "geometry": {
        "type": "Point",
        "coordinates": [
          112.9381159,
          2.0154574
        ]
      },
      "id": "way/422917464"
    },
    {
      "type": "Feature",
      "properties": {
        "@id": "way/423060021",
        "amenity": "clinic",
        "building": "yes",
        "healthcare": "clinic",
        "name": "Puskesmas Bukit Hindu",
        "operator": "Ministry of Health",
        "operator:en": "Ministry of Health",
        "operator:id": "Kementerian Kesehatan",
        "operator:type": "government",
        "operator:wikidata": "Q12490745",
        "@geometry": "center"
      },
      "geometry": {
        "type": "Point",
        "coordinates": [
          113.9092555,
          -2.2055088
        ]
      },
      "id": "way/423060021"
    },
    {
      "type": "Feature",
      "properties": {
        "@id": "way/423060022",
        "amenity": "clinic",
        "building": "yes",
        "name": "Puskesmas Pembantu Pahandut Seberang",
        "short_name": "Pustu Pahandut Seberang",
        "@geometry": "center"
      },
      "geometry": {
        "type": "Point",
        "coordinates": [
          113.9377631,
          -2.198362
        ]
      },
      "id": "way/423060022"
    },
    {
      "type": "Feature",
      "properties": {
        "@id": "way/423060024",
        "amenity": "hospital",
        "name": "RSUD Kelas D Palangka Raya",
        "old_name": "Puskesmas Kalampangan",
        "@geometry": "center"
      },
      "geometry": {
        "type": "Point",
        "coordinates": [
          114.0137098,
          -2.2809238
        ]
      },
      "id": "way/423060024"
    },
    {
      "type": "Feature",
      "properties": {
        "@id": "way/423071479",
        "amenity": "clinic",
        "building": "yes",
        "name": "Poskesdes Sigi",
        "@geometry": "center"
      },
      "geometry": {
        "type": "Point",
        "coordinates": [
          113.9459817,
          -2.0312451
        ]
      },
      "id": "way/423071479"
    },
    {
      "type": "Feature",
      "properties": {
        "@id": "way/423252353",
        "amenity": "hospital",
        "healthcare": "hospital",
        "name": "RSUD Jaraga Sasameh",
        "@geometry": "center"
      },
      "geometry": {
        "type": "Point",
        "coordinates": [
          114.8323025,
          -1.7243171
        ]
      },
      "id": "way/423252353"
    },
    {
      "type": "Feature",
      "properties": {
        "@id": "way/423266899",
        "amenity": "clinic",
        "building": "yes",
        "name": "Puskesmas Pembantu Sungai Durait Tengah",
        "short_name": "Pustu Sungai Durait Tengah",
        "@geometry": "center"
      },
      "geometry": {
        "type": "Point",
        "coordinates": [
          115.1642778,
          -2.534275
        ]
      },
      "id": "way/423266899"
    },
    {
      "type": "Feature",
      "properties": {
        "@id": "way/423293320",
        "amenity": "clinic",
        "building": "yes",
        "name": "Puskesmas Pembantu Baruh Jaya",
        "short_name": "Pustu Baruh Jaya",
        "@geometry": "center"
      },
      "geometry": {
        "type": "Point",
        "coordinates": [
          115.0786781,
          -2.6282275
        ]
      },
      "id": "way/423293320"
    },
    {
      "type": "Feature",
      "properties": {
        "@id": "way/423293322",
        "amenity": "clinic",
        "building": "yes",
        "building:levels": "1",
        "name": "Puskesmas Pembantu Sungai Pinang",
        "short_name": "Pustu Sungai Pinang",
        "@geometry": "center"
      },
      "geometry": {
        "type": "Point",
        "coordinates": [
          115.0992327,
          -2.6352007
        ]
      },
      "id": "way/423293322"
    },
    {
      "type": "Feature",
      "properties": {
        "@id": "way/423526731",
        "amenity": "clinic",
        "building": "yes",
        "name": "Puskesmas Pembantu Kandolo",
        "short_name": "Pustu Kandolo",
        "@geometry": "center"
      },
      "geometry": {
        "type": "Point",
        "coordinates": [
          117.4776214,
          0.298423
        ]
      },
      "id": "way/423526731"
    },
    {
      "type": "Feature",
      "properties": {
        "@id": "way/432043921",
        "amenity": "clinic",
        "building": "yes",
        "name": "Puskesmas Pembantu Berambai",
        "short_name": "Pustu Berambai",
        "@geometry": "center"
      },
      "geometry": {
        "type": "Point",
        "coordinates": [
          117.1762008,
          -0.3546186
        ]
      },
      "id": "way/432043921"
    },
    {
      "type": "Feature",
      "properties": {
        "@id": "way/437235729",
        "amenity": "clinic",
        "building": "yes",
        "healthcare": "clinic",
        "name": "Puskesmas Manggar",
        "operator": "Ministry of Health",
        "operator:en": "Ministry of Health",
        "operator:id": "Kementerian Kesehatan",
        "operator:type": "government",
        "operator:wikidata": "Q12490745",
        "@geometry": "center"
      },
      "geometry": {
        "type": "Point",
        "coordinates": [
          116.9410932,
          -1.2424773
        ]
      },
      "id": "way/437235729"
    },
    {
      "type": "Feature",
      "properties": {
        "@id": "way/446141491",
        "addr:city": "Kuala Kapuas",
        "addr:housenumber": "16",
        "addr:postcode": "73514",
        "addr:street": "Jl. Tambun Bungai ",
        "amenity": "hospital",
        "beds": "141",
        "contact:phone": "+6251321653",
        "dispensing": "yes",
        "electricity": "other",
        "emergency": "yes",
        "health_amenity:type": "dialysis;emergency_department;imaging_equipment;intensive_care_unit;laboratory;operating_theater;ultrasound;x_ray",
        "healthcare": "birthing_centre;blood_donation;clinic;dentist;doctor;hospital;laboratory;pharmacy;physiotherapist;rehabilitation",
        "healthcare:speciality": "blood_check;child_psychiatry;clinical_pathology;dermatovenereology;diagnostic_radiology;emergency;general;gynaecology;intensive;internal;microbiology;neurology;paediatrics;psychiatry;pulmonology;radiology;surgery",
        "insurance:health": "private;public",
        "name": "RSUD dr. H. Soemarno Sosroatmodjo",
        "opening_hours": "24/7",
        "operational_status": "operational",
        "operator:type": "government",
        "staff_count:doctors": "41",
        "url": "https://rsud-soemarno.go.id/",
        "water_source": "powered_pump",
        "wheelchair": "yes",
        "@geometry": "center"
      },
      "geometry": {
        "type": "Point",
        "coordinates": [
          114.3895955,
          -3.0093787
        ]
      },
      "id": "way/446141491"
    },
    {
      "type": "Feature",
      "properties": {
        "@id": "way/447945621",
        "amenity": "clinic",
        "building": "yes",
        "name": "Puskesmas Pembantu Bendang Raya",
        "short_name": "Pustu Bendang Raya",
        "@geometry": "center"
      },
      "geometry": {
        "type": "Point",
        "coordinates": [
          116.914518,
          -0.3713605
        ]
      },
      "id": "way/447945621"
    },
    {
      "type": "Feature",
      "properties": {
        "@id": "way/448804940",
        "amenity": "clinic",
        "building": "yes",
        "building:levels": "1",
        "name": "Polindes Salo Cella",
        "office": "government",
        "@geometry": "center"
      },
      "geometry": {
        "type": "Point",
        "coordinates": [
          117.3464921,
          -0.2383078
        ]
      },
      "id": "way/448804940"
    },
    {
      "type": "Feature",
      "properties": {
        "@id": "way/472571953",
        "amenity": "clinic",
        "building": "yes",
        "healthcare": "clinic",
        "name": "Puskesmas Bukuan",
        "operator": "Ministry of Health",
        "operator:en": "Ministry of Health",
        "operator:id": "Kementerian Kesehatan",
        "operator:type": "government",
        "operator:wikidata": "Q12490745",
        "@geometry": "center"
      },
      "geometry": {
        "type": "Point",
        "coordinates": [
          117.2008504,
          -0.5755426
        ]
      },
      "id": "way/472571953"
    },
    {
      "type": "Feature",
      "properties": {
        "@id": "way/479991641",
        "amenity": "clinic",
        "building": "yes",
        "name": "Poskesdes Kapul",
        "@geometry": "center"
      },
      "geometry": {
        "type": "Point",
        "coordinates": [
          115.6600315,
          -2.2575912
        ]
      },
      "id": "way/479991641"
    },
    {
      "type": "Feature",
      "properties": {
        "@id": "way/479991671",
        "amenity": "clinic",
        "building": "yes",
        "building:levels": "1",
        "capacity:persons": "50",
        "name": "Puskesmas Uren",
        "@geometry": "center"
      },
      "geometry": {
        "type": "Point",
        "coordinates": [
          115.7201204,
          -2.3408411
        ]
      },
      "id": "way/479991671"
    },
    {
      "type": "Feature",
      "properties": {
        "@id": "way/483872288",
        "amenity": "clinic",
        "building": "yes",
        "name": "Puskesmas Pasar Sabtu",
        "@geometry": "center"
      },
      "geometry": {
        "type": "Point",
        "coordinates": [
          115.1829187,
          -2.4348429
        ]
      },
      "id": "way/483872288"
    },
    {
      "type": "Feature",
      "properties": {
        "@id": "way/493303750",
        "amenity": "hospital",
        "healthcare": "hospital",
        "name": "Apotik Al-Farma",
        "@geometry": "center"
      },
      "geometry": {
        "type": "Point",
        "coordinates": [
          119.3066951,
          -3.4103765
        ]
      },
      "id": "way/493303750"
    },
    {
      "type": "Feature",
      "properties": {
        "@id": "way/504970690",
        "addr:city": "Miri",
        "addr:postcode": "98000",
        "addr:street": "Jalan Temenggong Oyong Lawai Jau",
        "amenity": "clinic",
        "building": "yes",
        "building:levels": "2",
        "healthcare": "clinic",
        "name": "Klinik Kesihatan Ibu dan Anak, Miri",
        "opening_hours": "Mo-Th 08:00-13:00,14:00-17:00; Fr 08:00-11:45,14:15-17:00",
        "@geometry": "center"
      },
      "geometry": {
        "type": "Point",
        "coordinates": [
          113.9728783,
          4.3766034
        ]
      },
      "id": "way/504970690"
    },
    {
      "type": "Feature",
      "properties": {
        "@id": "way/504995401",
        "amenity": "pharmacy",
        "building": "yes",
        "healthcare": "pharmacy",
        "name": "Apotek Kimia Farma Sumber Rejo",
        "@geometry": "center"
      },
      "geometry": {
        "type": "Point",
        "coordinates": [
          116.8467068,
          -1.2414088
        ]
      },
      "id": "way/504995401"
    },
    {
      "type": "Feature",
      "properties": {
        "@id": "way/505712823",
        "amenity": "hospital",
        "healthcare": "hospital",
        "name": "Rumah Sakit Umum Daerah dr. Abdul Rivai",
        "@geometry": "center"
      },
      "geometry": {
        "type": "Point",
        "coordinates": [
          117.4920695,
          2.1468703
        ]
      },
      "id": "way/505712823"
    },
    {
      "type": "Feature",
      "properties": {
        "@id": "way/505741771",
        "addr:city": "Balikpapan",
        "addr:full": "Jalan MT Haryono Dalam V Nomor 7",
        "addr:street": "Jalan M.T. Haryono",
        "amenity": "clinic",
        "building": "yes",
        "healthcare": "clinic",
        "name": "Laboratorium Klinik Pramita",
        "operator:type": "private",
        "source": "https://www.pramita.co.id/",
        "@geometry": "center"
      },
      "geometry": {
        "type": "Point",
        "coordinates": [
          116.8696313,
          -1.2521014
        ]
      },
      "id": "way/505741771"
    },
    {
      "type": "Feature",
      "properties": {
        "@id": "way/505874169",
        "amenity": "pharmacy",
        "branch": "Gunung Bahagia",
        "brand": "Kimia Farma",
        "brand:wikidata": "Q11264892",
        "building": "residential",
        "healthcare": "pharmacy",
        "name": "Kimia Farma",
        "@geometry": "center"
      },
      "geometry": {
        "type": "Point",
        "coordinates": [
          116.8812761,
          -1.241908
        ]
      },
      "id": "way/505874169"
    },
    {
      "type": "Feature",
      "properties": {
        "@id": "way/505874593",
        "amenity": "hospital",
        "building": "yes",
        "healthcare": "hospital",
        "name": "Puskesmas Gunung Bahagia",
        "@geometry": "center"
      },
      "geometry": {
        "type": "Point",
        "coordinates": [
          116.8834289,
          -1.2424219
        ]
      },
      "id": "way/505874593"
    },
    {
      "type": "Feature",
      "properties": {
        "@id": "way/508449215",
        "amenity": "clinic",
        "healthcare": "clinic",
        "mapillary": "222142235911305",
        "@geometry": "center"
      },
      "geometry": {
        "type": "Point",
        "coordinates": [
          110.1094317,
          1.695712
        ]
      },
      "id": "way/508449215"
    },
    {
      "type": "Feature",
      "properties": {
        "@id": "way/514391141",
        "amenity": "clinic",
        "building": "yes",
        "name": "Puskesmas Pembantu Sumber Sari",
        "short_name": "Pustu Sumber Sari",
        "@geometry": "center"
      },
      "geometry": {
        "type": "Point",
        "coordinates": [
          116.4274444,
          -1.5609035
        ]
      },
      "id": "way/514391141"
    },
    {
      "type": "Feature",
      "properties": {
        "@id": "way/514391152",
        "amenity": "clinic",
        "building": "yes",
        "name": "Puskesmas Sebakung Jaya",
        "@geometry": "center"
      },
      "geometry": {
        "type": "Point",
        "coordinates": [
          116.4620244,
          -1.5416723
        ]
      },
      "id": "way/514391152"
    },
    {
      "type": "Feature",
      "properties": {
        "@id": "way/515008667",
        "amenity": "clinic",
        "building": "yes",
        "name": "Puskesmas Pembantu Samurangau",
        "short_name": "Pustu Samurangau",
        "@geometry": "center"
      },
      "geometry": {
        "type": "Point",
        "coordinates": [
          115.9339906,
          -1.9051075
        ]
      },
      "id": "way/515008667"
    },
    {
      "type": "Feature",
      "properties": {
        "@id": "way/515168223",
        "amenity": "clinic",
        "building": "yes",
        "name": "Puskesmas Semoi II",
        "@geometry": "center"
      },
      "geometry": {
        "type": "Point",
        "coordinates": [
          116.8908856,
          -0.9528885
        ]
      },
      "id": "way/515168223"
    },
    {
      "type": "Feature",
      "properties": {
        "@id": "way/515261021",
        "amenity": "pharmacy",
        "building": "yes",
        "name": "Apotek Kimia Farma Sultan Alimudin",
        "@geometry": "center"
      },
      "geometry": {
        "type": "Point",
        "coordinates": [
          117.1652066,
          -0.5118093
        ]
      },
      "id": "way/515261021"
    },
    {
      "type": "Feature",
      "properties": {
        "@id": "way/520075398",
        "amenity": "hospital",
        "healthcare": "hospital",
        "healthcare:speciality": "perubatan_am;pediatrik;pembedahan_am;kebidanan_dan_sakit_puan_(o&g);ortopedik;radiologi;anestesiologi;psikiatri",
        "name": "Hospital Sri Aman II",
        "operator": "Kementerian Kesihatan Malaysia",
        "operator:short": "KKM",
        "operator:type": "government",
        "operator:wikidata": "Q4294352",
        "@geometry": "center"
      },
      "geometry": {
        "type": "Point",
        "coordinates": [
          111.4556766,
          1.2274481
        ]
      },
      "id": "way/520075398"
    },
    {
      "type": "Feature",
      "properties": {
        "@id": "way/543223311",
        "amenity": "clinic",
        "building": "yes",
        "healthcare": "clinic",
        "name": "Poliklinik Kesehatan 06.09.01 Bontang",
        "@geometry": "center"
      },
      "geometry": {
        "type": "Point",
        "coordinates": [
          117.4932002,
          0.1389102
        ]
      },
      "id": "way/543223311"
    },
    {
      "type": "Feature",
      "properties": {
        "@id": "way/543223348",
        "amenity": "clinic",
        "building": "yes",
        "name": "Posyandu Bontang Kuala",
        "@geometry": "center"
      },
      "geometry": {
        "type": "Point",
        "coordinates": [
          117.5163615,
          0.1404097
        ]
      },
      "id": "way/543223348"
    },
    {
      "type": "Feature",
      "properties": {
        "@id": "way/543223382",
        "addr:city": "Bontang",
        "amenity": "pharmacy",
        "building": "pharmacy",
        "name": "Sambera Apotek",
        "@geometry": "center"
      },
      "geometry": {
        "type": "Point",
        "coordinates": [
          117.4992489,
          0.1358878
        ]
      },
      "id": "way/543223382"
    },
    {
      "type": "Feature",
      "properties": {
        "@id": "way/551294769",
        "addr:city": "Banjarmasin",
        "addr:full": "Jalan Brig. Jend. H. Hasan Basri KM 2 No. 1, Alalak Utara, Kec. Banjarmasin Utara, Kota Banjarmasin, Kalimantan Selatan 70234",
        "addr:housenumber": "1",
        "addr:postcode": "70234",
        "addr:street": "Jalan Brigjen Hasan Basri",
        "alt_name": "Rumah Sakit Umum Daerah Ansari Saleh",
        "amenity": "hospital",
        "beds": "299",
        "check_date": "2024-03-03",
        "description": "RS_RUJUKAN_PROVINSI",
        "emergency": "yes",
        "healthcare": "hospital",
        "healthcare:speciality": "general",
        "name": "RSUD Dr. H. Moch. Ansari Saleh",
        "name:id": "RSUD Dr. H. Moch. Ansari Saleh",
        "official_name": "RS UMUM DAERAH DR. H. MOCH. ANSARI SALEH",
        "old_name": "RSJP Banjarmasin",
        "operator:type": "government",
        "phone": "+62 511 6710 000",
        "ref": "6371072",
        "short_name": "RS Ansari Saleh;MAS",
        "start_date": "1950",
        "website": "https://rsas.kalselprov.go.id/",
        "wikidata": "Q19731633",
        "wikipedia": "id:RSUD dr. H. M. Ansari Saleh",
        "@geometry": "center"
      },
      "geometry": {
        "type": "Point",
        "coordinates": [
          114.5876159,
          -3.2781855
        ]
      },
      "id": "way/551294769"
    },
    {
      "type": "Feature",
      "properties": {
        "@id": "way/551442390",
        "amenity": "clinic",
        "name": "Puskesmas Alalak Tengah",
        "@geometry": "center"
      },
      "geometry": {
        "type": "Point",
        "coordinates": [
          114.5758934,
          -3.2796374
        ]
      },
      "id": "way/551442390"
    },
    {
      "type": "Feature",
      "properties": {
        "@id": "way/556179389",
        "amenity": "pharmacy",
        "building": "yes",
        "name": "Apotek Kartika Medika",
        "@geometry": "center"
      },
      "geometry": {
        "type": "Point",
        "coordinates": [
          117.5330388,
          0.4993915
        ]
      },
      "id": "way/556179389"
    },
    {
      "type": "Feature",
      "properties": {
        "@id": "way/556179419",
        "amenity": "hospital",
        "building:levels": "2",
        "capacity:persons": "200",
        "healthcare": "hospital",
        "hospital:type": "C",
        "name": "RS Pertamedika Aulia",
        "operator:type": "private",
        "@geometry": "center"
      },
      "geometry": {
        "type": "Point",
        "coordinates": [
          117.5376136,
          0.4998618
        ]
      },
      "id": "way/556179419"
    },
    {
      "type": "Feature",
      "properties": {
        "@id": "way/556179421",
        "amenity": "clinic",
        "building": "yes",
        "name": "Klinik Poskes TNI",
        "@geometry": "center"
      },
      "geometry": {
        "type": "Point",
        "coordinates": [
          117.5376795,
          0.4993089
        ]
      },
      "id": "way/556179421"
    },
    {
      "type": "Feature",
      "properties": {
        "@id": "way/556633174",
        "amenity": "hospital",
        "building:levels": "2",
        "healthcare": "hospital",
        "hospital:type": "C",
        "name": "RS Islam Bontang",
        "operator:type": "private",
        "@geometry": "center"
      },
      "geometry": {
        "type": "Point",
        "coordinates": [
          117.4651066,
          0.1385847
        ]
      },
      "id": "way/556633174"
    },
    {
      "type": "Feature",
      "properties": {
        "@id": "way/556633191",
        "amenity": "pharmacy",
        "brand": "Kimia Farma",
        "brand:wikidata": "Q11264892",
        "building": "yes",
        "healthcare": "pharmacy",
        "name": "Kimia Farma",
        "@geometry": "center"
      },
      "geometry": {
        "type": "Point",
        "coordinates": [
          117.4659296,
          0.1377103
        ]
      },
      "id": "way/556633191"
    },
    {
      "type": "Feature",
      "properties": {
        "@id": "way/556633223",
        "amenity": "pharmacy",
        "building": "yes",
        "healthcare": "pharmacy",
        "name": "Apotek Karunia 1",
        "@geometry": "center"
      },
      "geometry": {
        "type": "Point",
        "coordinates": [
          117.4698236,
          0.1359718
        ]
      },
      "id": "way/556633223"
    },
    {
      "type": "Feature",
      "properties": {
        "@id": "way/556633304",
        "addr:city": "Kota Bontang",
        "addr:full": "Jalan Letjend R. Suprapto No 22, Bontang Baru, Kecamatan Bontang Utara",
        "addr:postcode": "75311",
        "amenity": "hospital",
        "building:levels": "3",
        "contact:fax": "+62 548 23275",
        "contact:phone": "+62 548 25050",
        "healthcare": "hospital",
        "hospital:type": "C",
        "name": "RS Amalia Bontang",
        "operator:type": "private",
        "@geometry": "center"
      },
      "geometry": {
        "type": "Point",
        "coordinates": [
          117.4911919,
          0.1349552
        ]
      },
      "id": "way/556633304"
    },
    {
      "type": "Feature",
      "properties": {
        "@id": "way/556633313",
        "amenity": "pharmacy",
        "building": "yes",
        "healthcare": "pharmacy",
        "name": "Apotek Oxygen",
        "@geometry": "center"
      },
      "geometry": {
        "type": "Point",
        "coordinates": [
          117.4909962,
          0.1348329
        ]
      },
      "id": "way/556633313"
    },
    {
      "type": "Feature",
      "properties": {
        "@id": "way/556633347",
        "amenity": "clinic",
        "building": "yes",
        "healthcare": "clinic",
        "name": "Klinik Rahman Suvi Training",
        "@geometry": "center"
      },
      "geometry": {
        "type": "Point",
        "coordinates": [
          117.4923696,
          0.1379228
        ]
      },
      "id": "way/556633347"
    },
    {
      "type": "Feature",
      "properties": {
        "@id": "way/556931248",
        "addr:full": "RT 2, Dusun 2, Desa Pegatan Besar",
        "amenity": "clinic",
        "building": "yes",
        "name": "Pustu Pegatan Besar",
        "@geometry": "center"
      },
      "geometry": {
        "type": "Point",
        "coordinates": [
          114.6060303,
          -3.8092066
        ]
      },
      "id": "way/556931248"
    },
    {
      "type": "Feature",
      "properties": {
        "@id": "way/556935978",
        "addr:full": "RT 10, Dusun 3, Desa Pegatan Besar",
        "amenity": "clinic",
        "building": "yes",
        "name": "Polindes Pegatan Besar",
        "@geometry": "center"
      },
      "geometry": {
        "type": "Point",
        "coordinates": [
          114.6048772,
          -3.8036475
        ]
      },
      "id": "way/556935978"
    },
    {
      "type": "Feature",
      "properties": {
        "@id": "way/557002240",
        "amenity": "pharmacy",
        "building": "yes",
        "healthcare": "pharmacy",
        "name": "Apotek Bunda",
        "@geometry": "center"
      },
      "geometry": {
        "type": "Point",
        "coordinates": [
          117.4882923,
          0.1245175
        ]
      },
      "id": "way/557002240"
    },
    {
      "type": "Feature",
      "properties": {
        "@id": "way/557186083",
        "amenity": "clinic",
        "building": "yes",
        "healthcare": "clinic",
        "name": "Puskesmas Bontang Utara 1",
        "operator": "Ministry of Health",
        "operator:en": "Ministry of Health",
        "operator:id": "Kementerian Kesehatan",
        "operator:type": "government",
        "operator:wikidata": "Q12490745",
        "@geometry": "center"
      },
      "geometry": {
        "type": "Point",
        "coordinates": [
          117.4901627,
          0.132032
        ]
      },
      "id": "way/557186083"
    },
    {
      "type": "Feature",
      "properties": {
        "@id": "way/557186134",
        "amenity": "clinic",
        "building": "yes",
        "healthcare": "clinic",
        "name": "Klinik Satelit Bontang",
        "@geometry": "center"
      },
      "geometry": {
        "type": "Point",
        "coordinates": [
          117.4824695,
          0.1289873
        ]
      },
      "id": "way/557186134"
    },
    {
      "type": "Feature",
      "properties": {
        "@id": "way/557186151",
        "amenity": "clinic",
        "building": "yes",
        "healthcare": "clinic",
        "name": "Klinik Pegawai Kota Bontang",
        "@geometry": "center"
      },
      "geometry": {
        "type": "Point",
        "coordinates": [
          117.4901494,
          0.1322881
        ]
      },
      "id": "way/557186151"
    },
    {
      "type": "Feature",
      "properties": {
        "@id": "way/557186165",
        "amenity": "pharmacy",
        "building": "yes",
        "healthcare": "pharmacy",
        "name": "Apotek Karunia 3",
        "@geometry": "center"
      },
      "geometry": {
        "type": "Point",
        "coordinates": [
          117.4892107,
          0.1322031
        ]
      },
      "id": "way/557186165"
    },
    {
      "type": "Feature",
      "properties": {
        "@id": "way/557186178",
        "amenity": "pharmacy",
        "brand": "Kimia Farma",
        "brand:wikidata": "Q11264892",
        "building": "yes",
        "healthcare": "pharmacy",
        "name": "Kimia Farma",
        "@geometry": "center"
      },
      "geometry": {
        "type": "Point",
        "coordinates": [
          117.4885991,
          0.1325825
        ]
      },
      "id": "way/557186178"
    },
    {
      "type": "Feature",
      "properties": {
        "@id": "way/557186331",
        "amenity": "clinic",
        "building": "yes",
        "building:levels": "2",
        "capacity:persons": "200",
        "healthcare": "clinic",
        "name": "Puskesmas Bontang Selatan 2",
        "operator": "Ministry of Health",
        "operator:en": "Ministry of Health",
        "operator:id": "Kementerian Kesehatan",
        "operator:type": "government",
        "operator:wikidata": "Q12490745",
        "@geometry": "center"
      },
      "geometry": {
        "type": "Point",
        "coordinates": [
          117.4788774,
          0.1169231
        ]
      },
      "id": "way/557186331"
    },
    {
      "type": "Feature",
      "properties": {
        "@id": "way/557186336",
        "amenity": "pharmacy",
        "building": "yes",
        "healthcare": "pharmacy",
        "name": "Apotek Asy-Syifa",
        "@geometry": "center"
      },
      "geometry": {
        "type": "Point",
        "coordinates": [
          117.4851364,
          0.1187626
        ]
      },
      "id": "way/557186336"
    },
    {
      "type": "Feature",
      "properties": {
        "@id": "way/557186346",
        "amenity": "clinic",
        "building": "yes",
        "building:levels": "1",
        "capacity:persons": "50",
        "healthcare": "clinic",
        "name": "Puskesmas Bontang Selatan 1",
        "operator": "Ministry of Health",
        "operator:en": "Ministry of Health",
        "operator:id": "Kementerian Kesehatan",
        "operator:type": "government",
        "operator:wikidata": "Q12490745",
        "@geometry": "center"
      },
      "geometry": {
        "type": "Point",
        "coordinates": [
          117.4878739,
          0.1163003
        ]
      },
      "id": "way/557186346"
    },
    {
      "type": "Feature",
      "properties": {
        "@id": "way/558550805",
        "amenity": "pharmacy",
        "building": "yes",
        "name": "Apotek Tiga Putra",
        "@geometry": "center"
      },
      "geometry": {
        "type": "Point",
        "coordinates": [
          117.5339169,
          0.5034002
        ]
      },
      "id": "way/558550805"
    },
    {
      "type": "Feature",
      "properties": {
        "@id": "way/558550827",
        "amenity": "hospital",
        "building:levels": "3",
        "healthcare": "hospital",
        "hospital:type": "D",
        "name": "RS Meloy",
        "operator:type": "private",
        "phone": "+62 54-924222",
        "@geometry": "center"
      },
      "geometry": {
        "type": "Point",
        "coordinates": [
          117.5349183,
          0.5047389
        ]
      },
      "id": "way/558550827"
    },
    {
      "type": "Feature",
      "properties": {
        "@id": "way/558959933",
        "amenity": "pharmacy",
        "building": "yes",
        "name": "Enola Farma",
        "@geometry": "center"
      },
      "geometry": {
        "type": "Point",
        "coordinates": [
          117.5366709,
          0.5122309
        ]
      },
      "id": "way/558959933"
    },
    {
      "type": "Feature",
      "properties": {
        "@id": "way/558960124",
        "amenity": "pharmacy",
        "building": "yes",
        "name": "Apotek Griya Farma",
        "@geometry": "center"
      },
      "geometry": {
        "type": "Point",
        "coordinates": [
          117.5420823,
          0.5149196
        ]
      },
      "id": "way/558960124"
    },
    {
      "type": "Feature",
      "properties": {
        "@id": "way/559158010",
        "amenity": "clinic",
        "building": "yes",
        "name": "Poskesdes Singa Gembara",
        "@geometry": "center"
      },
      "geometry": {
        "type": "Point",
        "coordinates": [
          117.5270184,
          0.5369844
        ]
      },
      "id": "way/559158010"
    },
    {
      "type": "Feature",
      "properties": {
        "@id": "way/560654900",
        "addr:street": "Jalan Propinsi",
        "amenity": "clinic",
        "area": "yes",
        "healthcare": "clinic",
        "healthcare:speciality": "general",
        "name": "Puskesmas Penajam",
        "name:en": "Penajam Clinic",
        "operator:type": "public",
        "@geometry": "center"
      },
      "geometry": {
        "type": "Point",
        "coordinates": [
          116.7720489,
          -1.2528351
        ]
      },
      "id": "way/560654900"
    },
    {
      "type": "Feature",
      "properties": {
        "@id": "way/561920080",
        "amenity": "clinic",
        "building": "yes",
        "building:levels": "1",
        "name": "Puskesmas Pembantu Sentuk",
        "short_name": "Pustu Sentuk",
        "@geometry": "center"
      },
      "geometry": {
        "type": "Point",
        "coordinates": [
          116.8874237,
          -0.6019433
        ]
      },
      "id": "way/561920080"
    },
    {
      "type": "Feature",
      "properties": {
        "@id": "way/561920088",
        "amenity": "clinic",
        "building": "yes",
        "building:levels": "1",
        "capacity:persons": "30",
        "name": "Puskesmas Pembantu Lung Anai",
        "short_name": "Pustu Lung Anai",
        "@geometry": "center"
      },
      "geometry": {
        "type": "Point",
        "coordinates": [
          116.8921395,
          -0.6116058
        ]
      },
      "id": "way/561920088"
    },
    {
      "type": "Feature",
      "properties": {
        "@id": "way/561939960",
        "amenity": "clinic",
        "building": "yes",
        "building:levels": "1",
        "capacity:persons": "20",
        "name": "Puskesmas Pembantu Bagok",
        "short_name": "Pustu Bagok",
        "@geometry": "center"
      },
      "geometry": {
        "type": "Point",
        "coordinates": [
          115.2736599,
          -2.2153201
        ]
      },
      "id": "way/561939960"
    },
    {
      "type": "Feature",
      "properties": {
        "@id": "way/561948384",
        "amenity": "clinic",
        "building": "yes",
        "name": "Klinik Pratama Banjarbaru",
        "@geometry": "center"
      },
      "geometry": {
        "type": "Point",
        "coordinates": [
          114.8271949,
          -3.4424644
        ]
      },
      "id": "way/561948384"
    },
    {
      "type": "Feature",
      "properties": {
        "@id": "way/561960966",
        "amenity": "clinic",
        "building": "yes",
        "name": "Puskesmas Aranio",
        "@geometry": "center"
      },
      "geometry": {
        "type": "Point",
        "coordinates": [
          114.9995077,
          -3.5129329
        ]
      },
      "id": "way/561960966"
    },
    {
      "type": "Feature",
      "properties": {
        "@id": "way/562153394",
        "amenity": "clinic",
        "building": "yes",
        "name": "Puskesmas Nanga Tayap",
        "@geometry": "center"
      },
      "geometry": {
        "type": "Point",
        "coordinates": [
          110.5658176,
          -1.5265495
        ]
      },
      "id": "way/562153394"
    },
    {
      "type": "Feature",
      "properties": {
        "@id": "way/564560566",
        "addr:full": "Jalan Wisata Batu Lima RT 1 RW 1",
        "amenity": "clinic",
        "building": "yes",
        "name": "Polindes",
        "@geometry": "center"
      },
      "geometry": {
        "type": "Point",
        "coordinates": [
          114.6299607,
          -3.9630697
        ]
      },
      "id": "way/564560566"
    },
    {
      "type": "Feature",
      "properties": {
        "@id": "way/564567573",
        "amenity": "clinic",
        "building": "yes",
        "name": "POSYANDU",
        "@geometry": "center"
      },
      "geometry": {
        "type": "Point",
        "coordinates": [
          114.6149023,
          -3.7624646
        ]
      },
      "id": "way/564567573"
    },
    {
      "type": "Feature",
      "properties": {
        "@id": "way/564567602",
        "amenity": "clinic",
        "building": "yes",
        "name": "PUSTU BIDAN DESA TABANIO",
        "@geometry": "center"
      },
      "geometry": {
        "type": "Point",
        "coordinates": [
          114.6146487,
          -3.761819
        ]
      },
      "id": "way/564567602"
    },
    {
      "type": "Feature",
      "properties": {
        "@id": "way/564593974",
        "amenity": "clinic",
        "building": "yes",
        "name": "PUSTU",
        "@geometry": "center"
      },
      "geometry": {
        "type": "Point",
        "coordinates": [
          114.6187889,
          -3.7601962
        ]
      },
      "id": "way/564593974"
    },
    {
      "type": "Feature",
      "properties": {
        "@id": "way/564610733",
        "addr:full": "Jalan A. Yani RT 5 Dusun 2 Kintapura",
        "amenity": "clinic",
        "building": "yes",
        "healthcare": "clinic",
        "name": "UGD Puskesmas Kintap",
        "operator:type": "government",
        "@geometry": "center"
      },
      "geometry": {
        "type": "Point",
        "coordinates": [
          115.207222,
          -3.8647738
        ]
      },
      "id": "way/564610733"
    },
    {
      "type": "Feature",
      "properties": {
        "@id": "way/564870654",
        "addr:full": "Jalan A. Yani RT 3 Dusun 2 Kintapura",
        "amenity": "clinic",
        "building": "yes",
        "healthcare": "clinic",
        "name": "Puskesmas Kintap",
        "@geometry": "center"
      },
      "geometry": {
        "type": "Point",
        "coordinates": [
          115.2077463,
          -3.8646212
        ]
      },
      "id": "way/564870654"
    },
    {
      "type": "Feature",
      "properties": {
        "@id": "way/565035290",
        "amenity": "clinic",
        "building": "yes",
        "healthcare": "clinic",
        "name": "Klinik Sehat Dhuafa",
        "@geometry": "center"
      },
      "geometry": {
        "type": "Point",
        "coordinates": [
          117.477598,
          0.1708755
        ]
      },
      "id": "way/565035290"
    },
    {
      "type": "Feature",
      "properties": {
        "@id": "way/565035311",
        "amenity": "pharmacy",
        "building": "yes",
        "healthcare": "pharmacy",
        "name": "Apotek Rizqi",
        "@geometry": "center"
      },
      "geometry": {
        "type": "Point",
        "coordinates": [
          117.4750961,
          0.1707611
        ]
      },
      "id": "way/565035311"
    },
    {
      "type": "Feature",
      "properties": {
        "@id": "way/565035321",
        "amenity": "pharmacy",
        "building": "yes",
        "healthcare": "pharmacy",
        "name": "Apotek Kurnia 4",
        "@geometry": "center"
      },
      "geometry": {
        "type": "Point",
        "coordinates": [
          117.473078,
          0.1709416
        ]
      },
      "id": "way/565035321"
    },
    {
      "type": "Feature",
      "properties": {
        "@id": "way/565035449",
        "amenity": "clinic",
        "building": "yes",
        "building:levels": "1",
        "capacity:persons": "40",
        "name": "Puskesmas Pembantu Guntung",
        "short_name": "Pustu Guntung",
        "@geometry": "center"
      },
      "geometry": {
        "type": "Point",
        "coordinates": [
          117.4767336,
          0.1906856
        ]
      },
      "id": "way/565035449"
    },
    {
      "type": "Feature",
      "properties": {
        "@id": "way/565210264",
        "amenity": "clinic",
        "building": "yes",
        "name": "Pustu Takisung",
        "@geometry": "center"
      },
      "geometry": {
        "type": "Point",
        "coordinates": [
          114.6104325,
          -3.8706674
        ]
      },
      "id": "way/565210264"
    },
    {
      "type": "Feature",
      "properties": {
        "@id": "way/565753181",
        "amenity": "clinic",
        "building": "yes",
        "healthcare": "clinic",
        "name": "Klinik Satelit 3 RSPKT",
        "@geometry": "center"
      },
      "geometry": {
        "type": "Point",
        "coordinates": [
          117.4595681,
          0.1398049
        ]
      },
      "id": "way/565753181"
    },
    {
      "type": "Feature",
      "properties": {
        "@id": "way/567428753",
        "amenity": "pharmacy",
        "building": "yes",
        "healthcare": "pharmacy",
        "name": "Apotek Mulfa Medika",
        "@geometry": "center"
      },
      "geometry": {
        "type": "Point",
        "coordinates": [
          117.4817853,
          0.1152734
        ]
      },
      "id": "way/567428753"
    },
    {
      "type": "Feature",
      "properties": {
        "@id": "way/567428757",
        "amenity": "pharmacy",
        "building": "yes",
        "healthcare": "pharmacy",
        "name": "Toko Obat Jemy",
        "@geometry": "center"
      },
      "geometry": {
        "type": "Point",
        "coordinates": [
          117.4814069,
          0.1145383
        ]
      },
      "id": "way/567428757"
    },
    {
      "type": "Feature",
      "properties": {
        "@id": "way/567428759",
        "amenity": "pharmacy",
        "building": "yes",
        "healthcare": "pharmacy",
        "name": "Toko Obat Mahakam Permai",
        "@geometry": "center"
      },
      "geometry": {
        "type": "Point",
        "coordinates": [
          117.4817455,
          0.1143348
        ]
      },
      "id": "way/567428759"
    },
    {
      "type": "Feature",
      "properties": {
        "@id": "way/567428870",
        "amenity": "clinic",
        "building": "yes",
        "healthcare": "clinic",
        "name": "Klinik Pisangan",
        "@geometry": "center"
      },
      "geometry": {
        "type": "Point",
        "coordinates": [
          117.481915,
          0.127504
        ]
      },
      "id": "way/567428870"
    },
    {
      "type": "Feature",
      "properties": {
        "@id": "way/567428927",
        "amenity": "pharmacy",
        "building": "yes",
        "healthcare": "pharmacy",
        "name": "Toko Obat Angkasa",
        "@geometry": "center"
      },
      "geometry": {
        "type": "Point",
        "coordinates": [
          117.4795833,
          0.1169866
        ]
      },
      "id": "way/567428927"
    },
    {
      "type": "Feature",
      "properties": {
        "@id": "way/567428962",
        "amenity": "clinic",
        "building": "yes",
        "healthcare": "clinic",
        "hospital:type": "D",
        "name": "RS Bersalin An'am",
        "operator:type": "private",
        "phone": "+62 54-821565",
        "@geometry": "center"
      },
      "geometry": {
        "type": "Point",
        "coordinates": [
          117.4816115,
          0.1169652
        ]
      },
      "id": "way/567428962"
    },
    {
      "type": "Feature",
      "properties": {
        "@id": "way/567428991",
        "amenity": "pharmacy",
        "building": "yes",
        "healthcare": "pharmacy",
        "name": "Apotek Ainia Rasyifa",
        "@geometry": "center"
      },
      "geometry": {
        "type": "Point",
        "coordinates": [
          117.4845409,
          0.117814
        ]
      },
      "id": "way/567428991"
    },
    {
      "type": "Feature",
      "properties": {
        "@id": "way/568676042",
        "addr:full": "Jl. Yos Sudarso III No.1 Sengata",
        "amenity": "hospital",
        "healthcare": "hospital",
        "hospital:type": "D",
        "name": "RS Medika Sangatta",
        "operator:type": "private",
        "phone": "+62 54-923417",
        "@geometry": "center"
      },
      "geometry": {
        "type": "Point",
        "coordinates": [
          117.5280375,
          0.5230778
        ]
      },
      "id": "way/568676042"
    },
    {
      "type": "Feature",
      "properties": {
        "@id": "way/568676044",
        "amenity": "pharmacy",
        "building": "yes",
        "name": "Apotek Medika Farma 2",
        "@geometry": "center"
      },
      "geometry": {
        "type": "Point",
        "coordinates": [
          117.5277205,
          0.5243037
        ]
      },
      "id": "way/568676044"
    },
    {
      "type": "Feature",
      "properties": {
        "@id": "way/568676058",
        "amenity": "clinic",
        "building": "yes",
        "name": "Puskesmas Pembantu Kabo Jaya",
        "@geometry": "center"
      },
      "geometry": {
        "type": "Point",
        "coordinates": [
          117.4872528,
          0.5310249
        ]
      },
      "id": "way/568676058"
    },
    {
      "type": "Feature",
      "properties": {
        "@id": "way/568676105",
        "amenity": "pharmacy",
        "building": "yes",
        "name": "Apotek Medika Farma",
        "@geometry": "center"
      },
      "geometry": {
        "type": "Point",
        "coordinates": [
          117.5362095,
          0.5134331
        ]
      },
      "id": "way/568676105"
    },
    {
      "type": "Feature",
      "properties": {
        "@id": "way/568676145",
        "amenity": "pharmacy",
        "building": "yes",
        "name": "Apotek Prima Husada",
        "@geometry": "center"
      },
      "geometry": {
        "type": "Point",
        "coordinates": [
          117.5348274,
          0.5164637
        ]
      },
      "id": "way/568676145"
    },
    {
      "type": "Feature",
      "properties": {
        "@id": "way/568676147",
        "amenity": "hospital",
        "healthcare": "hospital",
        "healthcare:speciality": "maternity;paediatrics",
        "hospital:type": "D",
        "name": "RSIA Cahaya Sangatta",
        "operator:type": "private",
        "@geometry": "center"
      },
      "geometry": {
        "type": "Point",
        "coordinates": [
          117.5350579,
          0.5169506
        ]
      },
      "id": "way/568676147"
    },
    {
      "type": "Feature",
      "properties": {
        "@id": "way/568676200",
        "amenity": "pharmacy",
        "building": "yes",
        "name": "Apotek Khrisna Farma",
        "@geometry": "center"
      },
      "geometry": {
        "type": "Point",
        "coordinates": [
          117.5304382,
          0.5203542
        ]
      },
      "id": "way/568676200"
    },
    {
      "type": "Feature",
      "properties": {
        "@id": "way/568676229",
        "amenity": "clinic",
        "building": "yes",
        "building:levels": "1",
        "capacity:persons": "200",
        "name": "Puskesmas Teluk Lingga",
        "@geometry": "center"
      },
      "geometry": {
        "type": "Point",
        "coordinates": [
          117.5279225,
          0.5234286
        ]
      },
      "id": "way/568676229"
    },
    {
      "type": "Feature",
      "properties": {
        "@id": "way/568676237",
        "amenity": "pharmacy",
        "building": "yes",
        "name": "Apotek Sangatta Farma",
        "@geometry": "center"
      },
      "geometry": {
        "type": "Point",
        "coordinates": [
          117.5276473,
          0.5247883
        ]
      },
      "id": "way/568676237"
    },
    {
      "type": "Feature",
      "properties": {
        "@id": "way/568676251",
        "amenity": "pharmacy",
        "building": "yes",
        "name": "Apotek PMI Farma",
        "@geometry": "center"
      },
      "geometry": {
        "type": "Point",
        "coordinates": [
          117.5272336,
          0.5270032
        ]
      },
      "id": "way/568676251"
    },
    {
      "type": "Feature",
      "properties": {
        "@id": "way/568676267",
        "amenity": "clinic",
        "building": "yes",
        "building:levels": "2",
        "capacity:persons": "200",
        "name": "Klinik Pelita Kasih",
        "phone": "+62 549 21236",
        "@geometry": "center"
      },
      "geometry": {
        "type": "Point",
        "coordinates": [
          117.5275017,
          0.5296494
        ]
      },
      "id": "way/568676267"
    },
    {
      "type": "Feature",
      "properties": {
        "@id": "way/568676273",
        "amenity": "pharmacy",
        "building": "yes",
        "name": "Apotek Medika Farma 3",
        "@geometry": "center"
      },
      "geometry": {
        "type": "Point",
        "coordinates": [
          117.5273529,
          0.5305696
        ]
      },
      "id": "way/568676273"
    },
    {
      "type": "Feature",
      "properties": {
        "@id": "way/568676281",
        "amenity": "pharmacy",
        "building": "yes",
        "name": "Apotek Enola1 Farma",
        "@geometry": "center"
      },
      "geometry": {
        "type": "Point",
        "coordinates": [
          117.5270082,
          0.5321354
        ]
      },
      "id": "way/568676281"
    },
    {
      "type": "Feature",
      "properties": {
        "@id": "way/568676381",
        "amenity": "clinic",
        "building": "yes",
        "name": "Klinik Media Prasetya 1",
        "@geometry": "center"
      },
      "geometry": {
        "type": "Point",
        "coordinates": [
          117.5208401,
          0.5332059
        ]
      },
      "id": "way/568676381"
    },
    {
      "type": "Feature",
      "properties": {
        "@id": "way/568748355",
        "amenity": "clinic",
        "building": "yes",
        "healthcare": "clinic",
        "name": "KLINIK POLRESTA PALANGKA RAYA",
        "@geometry": "center"
      },
      "geometry": {
        "type": "Point",
        "coordinates": [
          113.8967203,
          -2.1864233
        ]
      },
      "id": "way/568748355"
    },
    {
      "type": "Feature",
      "properties": {
        "@id": "way/568981108",
        "amenity": "pharmacy",
        "building": "yes",
        "name": "Apotek Shinta Dewi",
        "@geometry": "center"
      },
      "geometry": {
        "type": "Point",
        "coordinates": [
          117.5330841,
          0.5014708
        ]
      },
      "id": "way/568981108"
    },
    {
      "type": "Feature",
      "properties": {
        "@id": "way/568981130",
        "amenity": "pharmacy",
        "building": "yes",
        "name": "Toko Obat Margo Waluyo",
        "@geometry": "center"
      },
      "geometry": {
        "type": "Point",
        "coordinates": [
          117.5341625,
          0.5049713
        ]
      },
      "id": "way/568981130"
    },
    {
      "type": "Feature",
      "properties": {
        "@id": "way/569313322",
        "amenity": "clinic",
        "building": "yes",
        "name": "Klinik Media Prasetya 2",
        "@geometry": "center"
      },
      "geometry": {
        "type": "Point",
        "coordinates": [
          117.5328529,
          0.4920951
        ]
      },
      "id": "way/569313322"
    },
    {
      "type": "Feature",
      "properties": {
        "@id": "way/569334466",
        "amenity": "clinic",
        "building": "yes",
        "name": "Puskesmas Anjir Serapat",
        "@geometry": "center"
      },
      "geometry": {
        "type": "Point",
        "coordinates": [
          114.4439044,
          -3.0823167
        ]
      },
      "id": "way/569334466"
    },
    {
      "type": "Feature",
      "properties": {
        "@id": "way/569334467",
        "amenity": "clinic",
        "building": "yes",
        "healthcare": "clinic",
        "name": "Puskesmas Pembantu Anjir Mambulau Barat",
        "operator": "Ministry of Health",
        "operator:en": "Ministry of Health",
        "operator:id": "Kementerian Kesehatan",
        "operator:type": "government",
        "operator:wikidata": "Q12490745",
        "short_name": "Pustu Anjir Mambulau Barat",
        "@geometry": "center"
      },
      "geometry": {
        "type": "Point",
        "coordinates": [
          114.4166299,
          -3.051646
        ]
      },
      "id": "way/569334467"
    },
    {
      "type": "Feature",
      "properties": {
        "@id": "way/569663404",
        "amenity": "clinic",
        "building": "yes",
        "name": "Puskesmas Pembantu Bekoso",
        "short_name": "Pustu Bekoso",
        "@geometry": "center"
      },
      "geometry": {
        "type": "Point",
        "coordinates": [
          116.1007921,
          -1.9404926
        ]
      },
      "id": "way/569663404"
    },
    {
      "type": "Feature",
      "properties": {
        "@id": "way/569663422",
        "amenity": "clinic",
        "building": "yes",
        "name": "Puskesmas Pembantu Sungai Tuak",
        "short_name": "Pustu Sungai Tuak",
        "@geometry": "center"
      },
      "geometry": {
        "type": "Point",
        "coordinates": [
          116.2034651,
          -1.9200704
        ]
      },
      "id": "way/569663422"
    },
    {
      "type": "Feature",
      "properties": {
        "@id": "way/569663462",
        "amenity": "clinic",
        "building": "yes",
        "name": "Puskesmas Pembantu Senaken",
        "short_name": "Pustu Senaken",
        "@geometry": "center"
      },
      "geometry": {
        "type": "Point",
        "coordinates": [
          116.2093556,
          -1.8987641
        ]
      },
      "id": "way/569663462"
    },
    {
      "type": "Feature",
      "properties": {
        "@id": "way/573024725",
        "amenity": "clinic",
        "building": "yes",
        "healthcare": "clinic",
        "name": "Dokter Sihar Donald",
        "@geometry": "center"
      },
      "geometry": {
        "type": "Point",
        "coordinates": [
          109.3704178,
          -0.0278997
        ]
      },
      "id": "way/573024725"
    },
    {
      "type": "Feature",
      "properties": {
        "@id": "way/573030687",
        "amenity": "clinic",
        "building": "yes",
        "healthcare": "clinic",
        "name": "Puskesmas Pembantu Kanduangan",
        "operator": "Ministry of Health",
        "operator:en": "Ministry of Health",
        "operator:id": "Kementerian Kesehatan",
        "operator:type": "government",
        "operator:wikidata": "Q12490745",
        "@geometry": "center"
      },
      "geometry": {
        "type": "Point",
        "coordinates": [
          117.3937913,
          4.2036606
        ]
      },
      "id": "way/573030687"
    },
    {
      "type": "Feature",
      "properties": {
        "@id": "way/573067106",
        "amenity": "clinic",
        "building": "yes",
        "healthcare": "clinic",
        "name": "Puskesmas Pembantu Tabur Lestari",
        "operator": "Ministry of Health",
        "operator:en": "Ministry of Health",
        "operator:id": "Kementerian Kesehatan",
        "operator:type": "government",
        "operator:wikidata": "Q12490745",
        "@geometry": "center"
      },
      "geometry": {
        "type": "Point",
        "coordinates": [
          117.2639056,
          4.1547386
        ]
      },
      "id": "way/573067106"
    },
    {
      "type": "Feature",
      "properties": {
        "@id": "way/573196695",
        "amenity": "clinic",
        "building": "yes",
        "name": "Dokter Hewan Ig Sugiman Yusriadi",
        "@geometry": "center"
      },
      "geometry": {
        "type": "Point",
        "coordinates": [
          117.1612856,
          -0.4940189
        ]
      },
      "id": "way/573196695"
    },
    {
      "type": "Feature",
      "properties": {
        "@id": "way/573325153",
        "amenity": "pharmacy",
        "healthcare": "pharmacy",
        "name": "Apotik Kencana",
        "@geometry": "center"
      },
      "geometry": {
        "type": "Point",
        "coordinates": [
          109.3419846,
          -0.0348533
        ]
      },
      "id": "way/573325153"
    },
    {
      "type": "Feature",
      "properties": {
        "@id": "way/573336775",
        "addr:full": "Jalan Lok Serapang RT 22",
        "amenity": "clinic",
        "building": "yes",
        "name": "Peskesmas Pembantu",
        "@geometry": "center"
      },
      "geometry": {
        "type": "Point",
        "coordinates": [
          114.7331847,
          -3.785254
        ]
      },
      "id": "way/573336775"
    },
    {
      "type": "Feature",
      "properties": {
        "@id": "way/573336949",
        "access:roof": "no",
        "addr:full": "RT 14 Desa Karang Taruna",
        "amenity": "clinic",
        "building": "yes",
        "building:levels": "1",
        "building:roof": "tile",
        "building:walls": "brick",
        "name": "Poskesdes Karang Taruna",
        "@geometry": "center"
      },
      "geometry": {
        "type": "Point",
        "coordinates": [
          114.735053,
          -3.8060122
        ]
      },
      "id": "way/573336949"
    },
    {
      "type": "Feature",
      "properties": {
        "@id": "way/573412620",
        "addr:city": "Pontianak",
        "addr:full": "Jalan Merdeka Barat Nomor 689",
        "amenity": "clinic",
        "building": "clinic",
        "name": "Klinik Pratama Pacificus BOS",
        "operator:type": "private",
        "@geometry": "center"
      },
      "geometry": {
        "type": "Point",
        "coordinates": [
          109.3294021,
          -0.0194404
        ]
      },
      "id": "way/573412620"
    },
    {
      "type": "Feature",
      "properties": {
        "@id": "way/573412685",
        "addr:city": "Pontianak",
        "addr:full": "Jalan Merdeka Barat Nomor 193 B",
        "amenity": "clinic",
        "building": "yes",
        "name": "Paraktek Umum dr. Buddy S",
        "operator:type": "community",
        "@geometry": "center"
      },
      "geometry": {
        "type": "Point",
        "coordinates": [
          109.3294351,
          -0.0203662
        ]
      },
      "id": "way/573412685"
    },
    {
      "type": "Feature",
      "properties": {
        "@id": "way/573461883",
        "addr:full": "Jl. Bajuin Raya Rt 09 Dusun 01",
        "amenity": "clinic",
        "building": "yes",
        "building:roof": "tin",
        "building:structure": "reinforced_masonry",
        "building:walls": "brick",
        "name": "Posyandu Desa Bajuin",
        "@geometry": "center"
      },
      "geometry": {
        "type": "Point",
        "coordinates": [
          114.8195076,
          -3.778347
        ]
      },
      "id": "way/573461883"
    },
    {
      "type": "Feature",
      "properties": {
        "@id": "way/573654153",
        "amenity": "clinic",
        "building": "yes",
        "name": "Puskesdes Sungai Jelai",
        "@geometry": "center"
      },
      "geometry": {
        "type": "Point",
        "coordinates": [
          114.744512,
          -3.7085077
        ]
      },
      "id": "way/573654153"
    },
    {
      "type": "Feature",
      "properties": {
        "@id": "way/573694134",
        "addr:city": "Kapuas",
        "addr:district": "Mantangai",
        "addr:housename": "Poskesdes",
        "addr:housenumber": "001",
        "addr:postcode": "73553",
        "addr:province": "Kalimantan Tengah",
        "addr:street": "Jalan Poskesdes",
        "addr:subdistrict": "Mantangai Hilir",
        "amenity": "clinic",
        "building": "yes",
        "healthcare": "clinic",
        "healthcare:speciality": "general",
        "name": "Poskesdes",
        "operator": "Ministry of Health",
        "operator:en": "Ministry of Health",
        "operator:id": "Kementerian Kesehatan",
        "operator:type": "government",
        "operator:wikidata": "Q12490745",
        "@geometry": "center"
      },
      "geometry": {
        "type": "Point",
        "coordinates": [
          114.4895229,
          -2.5200431
        ]
      },
      "id": "way/573694134"
    },
    {
      "type": "Feature",
      "properties": {
        "@id": "way/573789594",
        "amenity": "clinic",
        "building": "yes",
        "building:levels": "1",
        "healthcare": "clinic",
        "height": "4",
        "name": "Klinik Amira",
        "@geometry": "center"
      },
      "geometry": {
        "type": "Point",
        "coordinates": [
          108.9810274,
          0.8991386
        ]
      },
      "id": "way/573789594"
    },
    {
      "type": "Feature",
      "properties": {
        "@id": "way/573812585",
        "amenity": "clinic",
        "building": "yes",
        "healthcare": "clinic",
        "healthcare:speciality": "maternity",
        "name": "Polindes Berangas Timur",
        "operator": "Juslianti",
        "@geometry": "center"
      },
      "geometry": {
        "type": "Point",
        "coordinates": [
          114.5758181,
          -3.2675757
        ]
      },
      "id": "way/573812585"
    },
    {
      "type": "Feature",
      "properties": {
        "@id": "way/574110456",
        "amenity": "pharmacy",
        "building": "yes",
        "healthcare": "pharmacy",
        "name": "Apotek Kimia Farma",
        "@geometry": "center"
      },
      "geometry": {
        "type": "Point",
        "coordinates": [
          109.3687666,
          -0.0272955
        ]
      },
      "id": "way/574110456"
    },
    {
      "type": "Feature",
      "properties": {
        "@id": "way/574124627",
        "amenity": "clinic",
        "building": "yes",
        "healthcare": "clinic",
        "name": "Klinik Risa Medika Klinik Gigi Risa Apotik Risa Farma",
        "@geometry": "center"
      },
      "geometry": {
        "type": "Point",
        "coordinates": [
          117.1321152,
          -0.4721837
        ]
      },
      "id": "way/574124627"
    },
    {
      "type": "Feature",
      "properties": {
        "@id": "way/574126452",
        "amenity": "pharmacy",
        "branch": "Juanda",
        "brand": "Kimia Farma",
        "brand:wikidata": "Q11264892",
        "building": "yes",
        "healthcare": "pharmacy",
        "name": "Kimia Farma",
        "@geometry": "center"
      },
      "geometry": {
        "type": "Point",
        "coordinates": [
          117.1315925,
          -0.4828393
        ]
      },
      "id": "way/574126452"
    },
    {
      "type": "Feature",
      "properties": {
        "@id": "way/574179549",
        "amenity": "clinic",
        "building": "yes",
        "healthcare": "clinic",
        "name": "Puskesmas Harapan Baru",
        "@geometry": "center"
      },
      "geometry": {
        "type": "Point",
        "coordinates": [
          117.104771,
          -0.5429323
        ]
      },
      "id": "way/574179549"
    },
    {
      "type": "Feature",
      "properties": {
        "@id": "way/574229627",
        "amenity": "clinic",
        "building": "yes",
        "name": "Puskesmas Pulau Kupang",
        "@geometry": "center"
      },
      "geometry": {
        "type": "Point",
        "coordinates": [
          114.3569041,
          -3.0846473
        ]
      },
      "id": "way/574229627"
    },
    {
      "type": "Feature",
      "properties": {
        "@id": "way/574258654",
        "amenity": "clinic",
        "building": "yes",
        "healthcare": "clinic",
        "name": "Klinik Nur Asih",
        "@geometry": "center"
      },
      "geometry": {
        "type": "Point",
        "coordinates": [
          117.1279656,
          -0.4721648
        ]
      },
      "id": "way/574258654"
    },
    {
      "type": "Feature",
      "properties": {
        "@id": "way/574390661",
        "amenity": "pharmacy",
        "branch": "Timbau",
        "brand": "Kimia Farma",
        "brand:wikidata": "Q11264892",
        "building": "yes",
        "healthcare": "pharmacy",
        "name": "Kimia Farma",
        "@geometry": "center"
      },
      "geometry": {
        "type": "Point",
        "coordinates": [
          116.9967175,
          -0.4359057
        ]
      },
      "id": "way/574390661"
    },
    {
      "type": "Feature",
      "properties": {
        "@id": "way/574441332",
        "amenity": "hospital",
        "emergency": "no",
        "healthcare": "hospital",
        "name": "POSKES Kodim 1009",
        "@geometry": "center"
      },
      "geometry": {
        "type": "Point",
        "coordinates": [
          114.7709104,
          -3.7983742
        ]
      },
      "id": "way/574441332"
    },
    {
      "type": "Feature",
      "properties": {
        "@id": "way/574492875",
        "amenity": "pharmacy",
        "building": "yes",
        "name": "KLINIIK BERSALIN I BUNDA",
        "operator:type": "private",
        "@geometry": "center"
      },
      "geometry": {
        "type": "Point",
        "coordinates": [
          114.7850603,
          -3.815103
        ]
      },
      "id": "way/574492875"
    },
    {
      "type": "Feature",
      "properties": {
        "@id": "way/574573241",
        "amenity": "clinic",
        "building": "yes",
        "healthcare": "clinic",
        "name": "Klinik Aminah Amin",
        "@geometry": "center"
      },
      "geometry": {
        "type": "Point",
        "coordinates": [
          117.1671979,
          -0.4869884
        ]
      },
      "id": "way/574573241"
    },
    {
      "type": "Feature",
      "properties": {
        "@id": "way/574662702",
        "amenity": "pharmacy",
        "building": "yes",
        "healthcare": "pharmacy",
        "name": "Apotek MIM",
        "@geometry": "center"
      },
      "geometry": {
        "type": "Point",
        "coordinates": [
          117.1276297,
          -0.5155158
        ]
      },
      "id": "way/574662702"
    },
    {
      "type": "Feature",
      "properties": {
        "@id": "way/574662713",
        "amenity": "pharmacy",
        "building": "yes",
        "healthcare": "pharmacy",
        "name": "Apotek Kimia Farma Bung Tomo",
        "@geometry": "center"
      },
      "geometry": {
        "type": "Point",
        "coordinates": [
          117.1278791,
          -0.5149553
        ]
      },
      "id": "way/574662713"
    },
    {
      "type": "Feature",
      "properties": {
        "@id": "way/574689596",
        "amenity": "hospital",
        "healthcare": "hospital",
        "@geometry": "center"
      },
      "geometry": {
        "type": "Point",
        "coordinates": [
          113.9118189,
          -2.2200811
        ]
      },
      "id": "way/574689596"
    },
    {
      "type": "Feature",
      "properties": {
        "@id": "way/574748990",
        "amenity": "clinic",
        "building": "yes",
        "name": "Harapan Bersama General Hospital",
        "@geometry": "center"
      },
      "geometry": {
        "type": "Point",
        "coordinates": [
          108.9921951,
          0.9042905
        ]
      },
      "id": "way/574748990"
    },
    {
      "type": "Feature",
      "properties": {
        "@id": "way/574765590",
        "amenity": "clinic",
        "building": "yes",
        "healthcare": "clinic",
        "name": "Posyandu Anak",
        "@geometry": "center"
      },
      "geometry": {
        "type": "Point",
        "coordinates": [
          117.1693309,
          -0.4211303
        ]
      },
      "id": "way/574765590"
    },
    {
      "type": "Feature",
      "properties": {
        "@id": "way/574774737",
        "amenity": "clinic",
        "building": "yes",
        "healthcare": "clinic",
        "name": "Rehabilitasi Medik Singkawang",
        "@geometry": "center"
      },
      "geometry": {
        "type": "Point",
        "coordinates": [
          108.9838977,
          0.9080504
        ]
      },
      "id": "way/574774737"
    },
    {
      "type": "Feature",
      "properties": {
        "@id": "way/574774841",
        "amenity": "pharmacy",
        "brand": "Kimia Farma",
        "brand:wikidata": "Q11264892",
        "building": "yes",
        "building:levels": "1",
        "healthcare": "pharmacy",
        "height": "4",
        "name": "Kimia Farma",
        "@geometry": "center"
      },
      "geometry": {
        "type": "Point",
        "coordinates": [
          108.9839025,
          0.9035366
        ]
      },
      "id": "way/574774841"
    },
    {
      "type": "Feature",
      "properties": {
        "@id": "way/574775070",
        "amenity": "pharmacy",
        "building": "yes",
        "building:levels": "2",
        "healthcare": "pharmacy",
        "height": "8",
        "@geometry": "center"
      },
      "geometry": {
        "type": "Point",
        "coordinates": [
          108.9777677,
          0.9061631
        ]
      },
      "id": "way/574775070"
    },
    {
      "type": "Feature",
      "properties": {
        "@id": "way/574790871",
        "addr:full": "RT 06 RW 02 Desa Galam, Bajuin",
        "amenity": "clinic",
        "building": "yes",
        "name": "POLINDES",
        "@geometry": "center"
      },
      "geometry": {
        "type": "Point",
        "coordinates": [
          114.8307266,
          -3.8031131
        ]
      },
      "id": "way/574790871"
    },
    {
      "type": "Feature",
      "properties": {
        "@id": "way/574798546",
        "amenity": "clinic",
        "building": "yes",
        "healthcare": "clinic",
        "name": "Praktek Bidan Yayuk Sr",
        "@geometry": "center"
      },
      "geometry": {
        "type": "Point",
        "coordinates": [
          117.1649345,
          -0.4929688
        ]
      },
      "id": "way/574798546"
    },
    {
      "type": "Feature",
      "properties": {
        "@id": "way/574802704",
        "addr:full": "Jalan Air Terjun RT 02 Dusun 1",
        "amenity": "clinic",
        "building": "yes",
        "name": "Polindes",
        "@geometry": "center"
      },
      "geometry": {
        "type": "Point",
        "coordinates": [
          114.8312168,
          -3.7727891
        ]
      },
      "id": "way/574802704"
    },
    {
      "type": "Feature",
      "properties": {
        "@id": "way/574901666",
        "amenity": "clinic",
        "building": "yes",
        "healthcare": "clinic",
        "name": "Poliklinik Univ. Palangka Raya",
        "operator": "Universitas Palangka Raya",
        "operator:type": "university",
        "@geometry": "center"
      },
      "geometry": {
        "type": "Point",
        "coordinates": [
          113.9050189,
          -2.2122178
        ]
      },
      "id": "way/574901666"
    },
    {
      "type": "Feature",
      "properties": {
        "@id": "way/574940386",
        "amenity": "doctors",
        "building": "yes",
        "building:levels": "2",
        "healthcare": "doctor",
        "height": "8",
        "opening_hours": "Mo-Fr 16:00-21:00",
        "@geometry": "center"
      },
      "geometry": {
        "type": "Point",
        "coordinates": [
          108.9881152,
          0.9087342
        ]
      },
      "id": "way/574940386"
    },
    {
      "type": "Feature",
      "properties": {
        "@id": "way/574960877",
        "amenity": "doctors",
        "building": "yes",
        "building:levels": "2",
        "healthcare": "doctor",
        "healthcare:speciality": "dermatology",
        "height": "8",
        "opening_hours": "Mo-Sa 08:00-20:00",
        "@geometry": "center"
      },
      "geometry": {
        "type": "Point",
        "coordinates": [
          108.9926426,
          0.9090061
        ]
      },
      "id": "way/574960877"
    },
    {
      "type": "Feature",
      "properties": {
        "@id": "way/575039895",
        "amenity": "pharmacy",
        "building": "yes",
        "building:levels": "1",
        "healthcare": "pharmacy",
        "height": "6",
        "@geometry": "center"
      },
      "geometry": {
        "type": "Point",
        "coordinates": [
          108.9862959,
          0.9230469
        ]
      },
      "id": "way/575039895"
    },
    {
      "type": "Feature",
      "properties": {
        "@id": "way/575083683",
        "amenity": "clinic",
        "building": "yes",
        "building:levels": "2",
        "healthcare": "clinic",
        "height": "8",
        "name": "Praktek Umum",
        "@geometry": "center"
      },
      "geometry": {
        "type": "Point",
        "coordinates": [
          108.9911079,
          0.9091348
        ]
      },
      "id": "way/575083683"
    },
    {
      "type": "Feature",
      "properties": {
        "@id": "way/575097231",
        "amenity": "pharmacy",
        "building": "yes",
        "healthcare": "pharmacy",
        "name": "Apotek XS Mart",
        "@geometry": "center"
      },
      "geometry": {
        "type": "Point",
        "coordinates": [
          117.1125429,
          -0.4974833
        ]
      },
      "id": "way/575097231"
    },
    {
      "type": "Feature",
      "properties": {
        "@id": "way/575097646",
        "amenity": "pharmacy",
        "building": "yes",
        "healthcare": "pharmacy",
        "name": "Apotek Kinaya",
        "@geometry": "center"
      },
      "geometry": {
        "type": "Point",
        "coordinates": [
          117.1131448,
          -0.4948009
        ]
      },
      "id": "way/575097646"
    },
    {
      "type": "Feature",
      "properties": {
        "@id": "way/575115744",
        "amenity": "clinic",
        "building": "yes",
        "name": "Poskesdes Belandean Dalam",
        "@geometry": "center"
      },
      "geometry": {
        "type": "Point",
        "coordinates": [
          114.5911226,
          -3.1911614
        ]
      },
      "id": "way/575115744"
    },
    {
      "type": "Feature",
      "properties": {
        "@id": "way/575118704",
        "amenity": "clinic",
        "building": "yes",
        "building:levels": "1",
        "healthcare": "clinic",
        "height": "4",
        "@geometry": "center"
      },
      "geometry": {
        "type": "Point",
        "coordinates": [
          108.9861119,
          0.911874
        ]
      },
      "id": "way/575118704"
    },
    {
      "type": "Feature",
      "properties": {
        "@id": "way/575118707",
        "amenity": "doctors",
        "building": "yes",
        "healthcare": "doctor",
        "healthcare:speciality": "dermatology",
        "@geometry": "center"
      },
      "geometry": {
        "type": "Point",
        "coordinates": [
          108.9861411,
          0.9119704
        ]
      },
      "id": "way/575118707"
    },
    {
      "type": "Feature",
      "properties": {
        "@id": "way/575186379",
        "amenity": "pharmacy",
        "building": "yes",
        "dispensing": "yes",
        "healthcare": "pharmacy",
        "name": "Apotek Makmur 2",
        "@geometry": "center"
      },
      "geometry": {
        "type": "Point",
        "coordinates": [
          109.3420643,
          -0.0366625
        ]
      },
      "id": "way/575186379"
    },
    {
      "type": "Feature",
      "properties": {
        "@id": "way/575256169",
        "amenity": "pharmacy",
        "branch": "KH Abul Hasan",
        "brand": "Kimia Farma",
        "brand:wikidata": "Q11264892",
        "building": "yes",
        "healthcare": "pharmacy",
        "name": "Kimia Farma",
        "@geometry": "center"
      },
      "geometry": {
        "type": "Point",
        "coordinates": [
          117.1493543,
          -0.4967608
        ]
      },
      "id": "way/575256169"
    },
    {
      "type": "Feature",
      "properties": {
        "@id": "way/575283112",
        "addr:full": "Jalan KS. Tubun No.14, Akcaya, Kec. Pontianak Sel., Kota Pontianak, Kalimantan Barat 78121",
        "amenity": "hospital",
        "area": "yes",
        "name": "RS Bhayangkara Anton Soedjarwo Pontianak",
        "@geometry": "center"
      },
      "geometry": {
        "type": "Point",
        "coordinates": [
          109.3339178,
          -0.0407754
        ]
      },
      "id": "way/575283112"
    },
    {
      "type": "Feature",
      "properties": {
        "@id": "way/575491384",
        "addr:full": "RT 5 RW 2 Telaga, Jalan Pelaihari - Takisung",
        "amenity": "doctors",
        "building": "yes",
        "name": "Klinik Umum",
        "@geometry": "center"
      },
      "geometry": {
        "type": "Point",
        "coordinates": [
          114.7285959,
          -3.8212744
        ]
      },
      "id": "way/575491384"
    },
    {
      "type": "Feature",
      "properties": {
        "@id": "way/575501975",
        "addr:full": "Jalan Tambun Bungai No. 17, Palangkaraya, Kalimantan Tengah",
        "amenity": "pharmacy",
        "building": "pharmacy",
        "healthcare": "pharmacy",
        "name": "Apotek Medika",
        "@geometry": "center"
      },
      "geometry": {
        "type": "Point",
        "coordinates": [
          113.9237552,
          -2.2104507
        ]
      },
      "id": "way/575501975"
    },
    {
      "type": "Feature",
      "properties": {
        "@id": "way/575501978",
        "addr:full": "Jalan Tambun Bungai No. 19, Palangkaraya, Kalimantan Tengah",
        "amenity": "pharmacy",
        "brand": "Kimia Farma",
        "brand:wikidata": "Q11264892",
        "building": "pharmacy",
        "healthcare": "pharmacy",
        "name": "Kimia Farma",
        "@geometry": "center"
      },
      "geometry": {
        "type": "Point",
        "coordinates": [
          113.9236446,
          -2.2105941
        ]
      },
      "id": "way/575501978"
    },
    {
      "type": "Feature",
      "properties": {
        "@id": "way/575580067",
        "amenity": "clinic",
        "building": "yes",
        "healthcare": "clinic",
        "name": "Klinik Ramlah Parjib 2",
        "@geometry": "center"
      },
      "geometry": {
        "type": "Point",
        "coordinates": [
          117.1538388,
          -0.4855164
        ]
      },
      "id": "way/575580067"
    },
    {
      "type": "Feature",
      "properties": {
        "@id": "way/575581625",
        "amenity": "clinic",
        "building": "yes",
        "healthcare": "clinic",
        "name": "Klinik Media Farma",
        "@geometry": "center"
      },
      "geometry": {
        "type": "Point",
        "coordinates": [
          117.1581484,
          -0.4905416
        ]
      },
      "id": "way/575581625"
    },
    {
      "type": "Feature",
      "properties": {
        "@id": "way/575630717",
        "addr:full": "Jl. Air Terjun Rt 04 Dusun 02",
        "amenity": "clinic",
        "building": "yes",
        "building:roof": "tin",
        "building:structure": "reinforced_masonry",
        "building:walls": "brick",
        "name": "PUSTU Desa Bajuin",
        "@geometry": "center"
      },
      "geometry": {
        "type": "Point",
        "coordinates": [
          114.8269155,
          -3.7746064
        ]
      },
      "id": "way/575630717"
    },
    {
      "type": "Feature",
      "properties": {
        "@id": "way/575639939",
        "access:roof": "yes",
        "amenity": "pharmacy",
        "building": "yes",
        "building:levels": "2",
        "building:material": "bata",
        "healthcare": "pharmacy",
        "name": "Apotek Shakila",
        "roof:material": "Beton",
        "@geometry": "center"
      },
      "geometry": {
        "type": "Point",
        "coordinates": [
          114.5903186,
          -3.2920809
        ]
      },
      "id": "way/575639939"
    },
    {
      "type": "Feature",
      "properties": {
        "@id": "way/575649755",
        "amenity": "clinic",
        "building": "yes",
        "name": "Puskesmas Mandastana",
        "@geometry": "center"
      },
      "geometry": {
        "type": "Point",
        "coordinates": [
          114.6604504,
          -3.1812351
        ]
      },
      "id": "way/575649755"
    },
    {
      "type": "Feature",
      "properties": {
        "@id": "way/575743798",
        "addr:full": "Jl. Sundawa RT.12, Dusun 3, Sungai Riam",
        "amenity": "clinic",
        "building": "yes",
        "building:levels": "1",
        "capacity": "300",
        "name": "Puskesmas Sungai Riam",
        "@geometry": "center"
      },
      "geometry": {
        "type": "Point",
        "coordinates": [
          114.7289761,
          -3.900511
        ]
      },
      "id": "way/575743798"
    },
    {
      "type": "Feature",
      "properties": {
        "@id": "way/575750252",
        "addr:city": "Pontianak",
        "addr:full": "Jalan Siam No. 153",
        "amenity": "hospital",
        "building": "hospital",
        "healthcare": "hospital",
        "name": "RS Kharitas Bhakti",
        "operator:type": "private",
        "website": "https://kharitasbhakti.co.id/",
        "@geometry": "center"
      },
      "geometry": {
        "type": "Point",
        "coordinates": [
          109.340515,
          -0.030893
        ]
      },
      "id": "way/575750252"
    },
    {
      "type": "Feature",
      "properties": {
        "@id": "way/575769889",
        "amenity": "clinic",
        "building": "yes",
        "name": "Puskesdes Bahandang",
        "@geometry": "center"
      },
      "geometry": {
        "type": "Point",
        "coordinates": [
          114.7358845,
          -3.2070237
        ]
      },
      "id": "way/575769889"
    },
    {
      "type": "Feature",
      "properties": {
        "@id": "way/575779983",
        "addr:full": "Jalan Pelabuhan Telaga Giri RT 4 RW 2 Benua Raya",
        "amenity": "clinic",
        "building": "yes",
        "name": "Posyandu RW 2",
        "@geometry": "center"
      },
      "geometry": {
        "type": "Point",
        "coordinates": [
          114.7012287,
          -3.6154732
        ]
      },
      "id": "way/575779983"
    },
    {
      "type": "Feature",
      "properties": {
        "@id": "way/575817499",
        "addr:full": "Jalan Pelabuhan Telaga Giri RT 4 RW 2 Benua Raya",
        "amenity": "clinic",
        "building": "yes",
        "name": "Puskesdes",
        "@geometry": "center"
      },
      "geometry": {
        "type": "Point",
        "coordinates": [
          114.7008455,
          -3.6156873
        ]
      },
      "id": "way/575817499"
    },
    {
      "type": "Feature",
      "properties": {
        "@id": "way/575985455",
        "amenity": "clinic",
        "building": "yes",
        "healthcare": "clinic",
        "name": "Klinik PPK 1 Denkesyah Samarinda",
        "@geometry": "center"
      },
      "geometry": {
        "type": "Point",
        "coordinates": [
          117.142541,
          -0.4988491
        ]
      },
      "id": "way/575985455"
    },
    {
      "type": "Feature",
      "properties": {
        "@id": "way/575986625",
        "amenity": "clinic",
        "building": "yes",
        "name": "Puskesmas Pembantu Maluhu",
        "short_name": "Pustu Maluhu",
        "@geometry": "center"
      },
      "geometry": {
        "type": "Point",
        "coordinates": [
          116.9609919,
          -0.4125962
        ]
      },
      "id": "way/575986625"
    },
    {
      "type": "Feature",
      "properties": {
        "@id": "way/576129607",
        "addr:full": "RT 12 Dusun Bangunrejo. Desa Damit",
        "amenity": "clinic",
        "building": "yes",
        "name": "Polindes Dea Rahayu",
        "@geometry": "center"
      },
      "geometry": {
        "type": "Point",
        "coordinates": [
          114.9111209,
          -3.8970765
        ]
      },
      "id": "way/576129607"
    },
    {
      "type": "Feature",
      "properties": {
        "@id": "way/576354647",
        "addr:full": "Dusun Riam Pinang RT 24 Desa Tanjung",
        "amenity": "clinic",
        "building": "yes",
        "name": "Puskesmas Pembantu Desa Tanjung",
        "@geometry": "center"
      },
      "geometry": {
        "type": "Point",
        "coordinates": [
          114.9239367,
          -3.6749967
        ]
      },
      "id": "way/576354647"
    },
    {
      "type": "Feature",
      "properties": {
        "@id": "way/576372840",
        "amenity": "clinic",
        "building": "yes",
        "healthcare": "clinic",
        "name": "Puskesmas Trauma Center",
        "@geometry": "center"
      },
      "geometry": {
        "type": "Point",
        "coordinates": [
          117.0875319,
          -0.5663468
        ]
      },
      "id": "way/576372840"
    },
    {
      "type": "Feature",
      "properties": {
        "@id": "way/576513282",
        "amenity": "clinic",
        "building": "yes",
        "name": "Polindes Batiali",
        "@geometry": "center"
      },
      "geometry": {
        "type": "Point",
        "coordinates": [
          114.7007445,
          -3.833085
        ]
      },
      "id": "way/576513282"
    },
    {
      "type": "Feature",
      "properties": {
        "@id": "way/576646959",
        "amenity": "clinic",
        "building": "yes",
        "healthcare": "clinic",
        "name": "Puskesmas Sembakung",
        "@geometry": "center"
      },
      "geometry": {
        "type": "Point",
        "coordinates": [
          117.0473191,
          3.8545181
        ]
      },
      "id": "way/576646959"
    },
    {
      "type": "Feature",
      "properties": {
        "@id": "way/576731258",
        "amenity": "pharmacy",
        "branch": "Antasari",
        "brand": "Kimia Farma",
        "brand:wikidata": "Q11264892",
        "building": "yes",
        "healthcare": "pharmacy",
        "name": "Kimia Farma",
        "@geometry": "center"
      },
      "geometry": {
        "type": "Point",
        "coordinates": [
          117.1271257,
          -0.4926574
        ]
      },
      "id": "way/576731258"
    },
    {
      "type": "Feature",
      "properties": {
        "@id": "way/576731873",
        "amenity": "clinic",
        "building": "yes",
        "healthcare": "clinic",
        "name": "Klinik Umum &  Bersalin Mitra Gustianan",
        "@geometry": "center"
      },
      "geometry": {
        "type": "Point",
        "coordinates": [
          117.1264692,
          -0.4909267
        ]
      },
      "id": "way/576731873"
    },
    {
      "type": "Feature",
      "properties": {
        "@id": "way/576732164",
        "amenity": "pharmacy",
        "building": "yes",
        "name": "Stokist Tiens 729",
        "@geometry": "center"
      },
      "geometry": {
        "type": "Point",
        "coordinates": [
          117.1261648,
          -0.500577
        ]
      },
      "id": "way/576732164"
    },
    {
      "type": "Feature",
      "properties": {
        "@id": "way/576790181",
        "amenity": "clinic",
        "building": "yes",
        "healthcare": "clinic",
        "name": "Puskesmas Muara Rapak",
        "@geometry": "center"
      },
      "geometry": {
        "type": "Point",
        "coordinates": [
          116.8350875,
          -1.2406034
        ]
      },
      "id": "way/576790181"
    },
    {
      "type": "Feature",
      "properties": {
        "@id": "way/577150893",
        "amenity": "clinic",
        "building": "yes",
        "name": "Puskesmas Jejangkit",
        "@geometry": "center"
      },
      "geometry": {
        "type": "Point",
        "coordinates": [
          114.7706355,
          -3.177375
        ]
      },
      "id": "way/577150893"
    },
    {
      "type": "Feature",
      "properties": {
        "@id": "way/577217108",
        "amenity": "pharmacy",
        "branch": "Gunung Merbabu",
        "brand": "Kimia Farma",
        "brand:wikidata": "Q11264892",
        "building": "yes",
        "healthcare": "pharmacy",
        "name": "Kimia Farma",
        "@geometry": "center"
      },
      "geometry": {
        "type": "Point",
        "coordinates": [
          117.1358093,
          -0.498839
        ]
      },
      "id": "way/577217108"
    },
    {
      "type": "Feature",
      "properties": {
        "@id": "way/577249457",
        "amenity": "clinic",
        "building": "yes",
        "healthcare": "clinic",
        "name": "Klinik Dan Rumah Bersalin Hasanah",
        "@geometry": "center"
      },
      "geometry": {
        "type": "Point",
        "coordinates": [
          117.1459724,
          -0.5179502
        ]
      },
      "id": "way/577249457"
    },
    {
      "type": "Feature",
      "properties": {
        "@id": "way/577312750",
        "amenity": "clinic",
        "building": "yes",
        "name": "POLINDES",
        "@geometry": "center"
      },
      "geometry": {
        "type": "Point",
        "coordinates": [
          114.7771532,
          -3.762996
        ]
      },
      "id": "way/577312750"
    },
    {
      "type": "Feature",
      "properties": {
        "@id": "way/577330539",
        "amenity": "pharmacy",
        "building": "yes",
        "healthcare": "pharmacy",
        "name": "Apotek Farmacare",
        "@geometry": "center"
      },
      "geometry": {
        "type": "Point",
        "coordinates": [
          117.1362271,
          -0.4990033
        ]
      },
      "id": "way/577330539"
    },
    {
      "type": "Feature",
      "properties": {
        "@id": "way/577330622",
        "amenity": "hospital",
        "building": "hospital",
        "healthcare": "hospital",
        "name": "Paviliun Santo Gabriel RS Dirgahayu",
        "@geometry": "center"
      },
      "geometry": {
        "type": "Point",
        "coordinates": [
          117.1367617,
          -0.497219
        ]
      },
      "id": "way/577330622"
    },
    {
      "type": "Feature",
      "properties": {
        "@id": "way/577335022",
        "amenity": "clinic",
        "building": "yes",
        "healthcare": "clinic",
        "name": "Klinik Kumala",
        "@geometry": "center"
      },
      "geometry": {
        "type": "Point",
        "coordinates": [
          117.1273121,
          -0.4912922
        ]
      },
      "id": "way/577335022"
    },
    {
      "type": "Feature",
      "properties": {
        "@id": "way/577335198",
        "amenity": "pharmacy",
        "building": "yes",
        "healthcare": "pharmacy",
        "name": "Apotek T3",
        "@geometry": "center"
      },
      "geometry": {
        "type": "Point",
        "coordinates": [
          117.1316264,
          -0.4899283
        ]
      },
      "id": "way/577335198"
    },
    {
      "type": "Feature",
      "properties": {
        "@id": "way/577335425",
        "amenity": "clinic",
        "building": "yes",
        "healthcare": "clinic",
        "name": "Bidan Ekawaty Teluk Lerong Ilir",
        "@geometry": "center"
      },
      "geometry": {
        "type": "Point",
        "coordinates": [
          117.1310182,
          -0.4928969
        ]
      },
      "id": "way/577335425"
    },
    {
      "type": "Feature",
      "properties": {
        "@id": "way/577416017",
        "amenity": "clinic",
        "building": "yes",
        "healthcare": "clinic",
        "name": "Posyandu Bunga Tulip",
        "operator": "Posyandu",
        "operator:wikidata": "Q12506263",
        "@geometry": "center"
      },
      "geometry": {
        "type": "Point",
        "coordinates": [
          117.1737964,
          -0.4564783
        ]
      },
      "id": "way/577416017"
    },
    {
      "type": "Feature",
      "properties": {
        "@id": "way/577473742",
        "amenity": "pharmacy",
        "brand": "Kimia Farma",
        "brand:wikidata": "Q11264892",
        "building": "yes",
        "dispensing": "yes",
        "healthcare": "pharmacy",
        "name": "Kimia Farma",
        "@geometry": "center"
      },
      "geometry": {
        "type": "Point",
        "coordinates": [
          114.5830928,
          -3.3078539
        ]
      },
      "id": "way/577473742"
    },
    {
      "type": "Feature",
      "properties": {
        "@id": "way/577481923",
        "amenity": "pharmacy",
        "building": "yes",
        "name": "Apotek Nur Akbar",
        "@geometry": "center"
      },
      "geometry": {
        "type": "Point",
        "coordinates": [
          117.1451091,
          -0.4784395
        ]
      },
      "id": "way/577481923"
    },
    {
      "type": "Feature",
      "properties": {
        "@id": "way/577506425",
        "amenity": "clinic",
        "building": "yes",
        "healthcare": "clinic",
        "name": "Klinik Ibnu Artanabil",
        "@geometry": "center"
      },
      "geometry": {
        "type": "Point",
        "coordinates": [
          117.1788609,
          -0.4783793
        ]
      },
      "id": "way/577506425"
    },
    {
      "type": "Feature",
      "properties": {
        "@id": "way/577622050",
        "amenity": "pharmacy",
        "building": "yes",
        "healthcare": "pharmacy",
        "name": "Apotek Kurniawan",
        "@geometry": "center"
      },
      "geometry": {
        "type": "Point",
        "coordinates": [
          117.1521189,
          -0.4635483
        ]
      },
      "id": "way/577622050"
    },
    {
      "type": "Feature",
      "properties": {
        "@id": "way/577622328",
        "amenity": "clinic",
        "building": "yes",
        "healthcare": "clinic",
        "name": "Biro Psikologi Mata Hati Samarinda",
        "@geometry": "center"
      },
      "geometry": {
        "type": "Point",
        "coordinates": [
          117.1562551,
          -0.465151
        ]
      },
      "id": "way/577622328"
    },
    {
      "type": "Feature",
      "properties": {
        "@id": "way/577622487",
        "amenity": "clinic",
        "building": "yes",
        "healthcare": "clinic",
        "name": "Klinik Utama Psikiatri Apotek Famro",
        "@geometry": "center"
      },
      "geometry": {
        "type": "Point",
        "coordinates": [
          117.156521,
          -0.46267
        ]
      },
      "id": "way/577622487"
    },
    {
      "type": "Feature",
      "properties": {
        "@id": "way/577622996",
        "amenity": "clinic",
        "building": "yes",
        "healthcare": "clinic",
        "name": "Praktek Dokter Umum Bersama M Yamin",
        "@geometry": "center"
      },
      "geometry": {
        "type": "Point",
        "coordinates": [
          117.1484863,
          -0.4662602
        ]
      },
      "id": "way/577622996"
    },
    {
      "type": "Feature",
      "properties": {
        "@id": "way/577659699",
        "amenity": "clinic",
        "building": "yes",
        "name": "Puskesmas Pembantu Tubuhan",
        "@geometry": "center"
      },
      "geometry": {
        "type": "Point",
        "coordinates": [
          116.4141115,
          -0.1361599
        ]
      },
      "id": "way/577659699"
    },
    {
      "type": "Feature",
      "properties": {
        "@id": "way/577770265",
        "amenity": "clinic",
        "building": "yes",
        "healthcare": "clinic",
        "layer": "1",
        "name": "Puskesmas Gadang Hanyar",
        "operator": "Ministry of Health",
        "operator:en": "Ministry of Health",
        "operator:id": "Kementerian Kesehatan",
        "operator:wikidata": "Q12490745",
        "stilts": "yes",
        "@geometry": "center"
      },
      "geometry": {
        "type": "Point",
        "coordinates": [
          114.6019335,
          -3.3269098
        ]
      },
      "id": "way/577770265"
    },
    {
      "type": "Feature",
      "properties": {
        "@id": "way/577827418",
        "amenity": "pharmacy",
        "brand": "Kimia Farma",
        "brand:wikidata": "Q11264892",
        "building": "yes",
        "dispensing": "yes",
        "healthcare": "pharmacy",
        "name": "Kimia Farma",
        "@geometry": "center"
      },
      "geometry": {
        "type": "Point",
        "coordinates": [
          114.5898875,
          -3.3131701
        ]
      },
      "id": "way/577827418"
    },
    {
      "type": "Feature",
      "properties": {
        "@id": "way/577917030",
        "amenity": "clinic",
        "building": "yes",
        "building:levels": "4",
        "healthcare": "clinic",
        "name": "Puskesmas Mamburungan",
        "operator": "Ministry of Health",
        "operator:en": "Ministry of Health",
        "operator:id": "Kementerian Kesehatan",
        "operator:type": "government",
        "operator:wikidata": "Q12490745",
        "@geometry": "center"
      },
      "geometry": {
        "type": "Point",
        "coordinates": [
          117.6270436,
          3.2919548
        ]
      },
      "id": "way/577917030"
    },
    {
      "type": "Feature",
      "properties": {
        "@id": "way/577923322",
        "amenity": "clinic",
        "building": "yes",
        "healthcare": "clinic",
        "name": "Puskesmas Perawatan Klandasan Ilir",
        "operator": "Ministry of Health",
        "operator:en": "Ministry of Health",
        "operator:id": "Kementerian Kesehatan",
        "operator:wikidata": "Q12490745",
        "@geometry": "center"
      },
      "geometry": {
        "type": "Point",
        "coordinates": [
          116.8442565,
          -1.2761648
        ]
      },
      "id": "way/577923322"
    },
    {
      "type": "Feature",
      "properties": {
        "@id": "way/577929109",
        "amenity": "pharmacy",
        "branch": "Markoni",
        "brand": "Kimia Farma",
        "brand:wikidata": "Q11264892",
        "building": "yes",
        "healthcare": "pharmacy",
        "name": "Kimia Farma",
        "@geometry": "center"
      },
      "geometry": {
        "type": "Point",
        "coordinates": [
          116.8479009,
          -1.275208
        ]
      },
      "id": "way/577929109"
    },
    {
      "type": "Feature",
      "properties": {
        "@id": "way/578087956",
        "amenity": "clinic",
        "building": "yes",
        "healthcare": "clinic",
        "name": "Puskesmas Graha Indah",
        "operator": "Ministry of Health",
        "operator:en": "Ministry of Health",
        "operator:id": "Kementerian Kesehatan",
        "operator:type": "government",
        "operator:wikidata": "Q12490745",
        "@geometry": "center"
      },
      "geometry": {
        "type": "Point",
        "coordinates": [
          116.8513771,
          -1.1974528
        ]
      },
      "id": "way/578087956"
    },
    {
      "type": "Feature",
      "properties": {
        "@id": "way/578107418",
        "amenity": "pharmacy",
        "building": "yes",
        "healthcare": "pharmacy",
        "name": "Apotek Kimia Farma Batakan",
        "@geometry": "center"
      },
      "geometry": {
        "type": "Point",
        "coordinates": [
          116.9230343,
          -1.2568952
        ]
      },
      "id": "way/578107418"
    },
    {
      "type": "Feature",
      "properties": {
        "@id": "way/578157633",
        "amenity": "doctors",
        "building": "yes",
        "healthcare": "midwife",
        "@geometry": "center"
      },
      "geometry": {
        "type": "Point",
        "coordinates": [
          114.5819659,
          -3.3204735
        ]
      },
      "id": "way/578157633"
    },
    {
      "type": "Feature",
      "properties": {
        "@id": "way/578208841",
        "addr:full": "JL JAFRI ZAMZAM NO 56 RT 33 BANJARMASIN",
        "amenity": "hospital",
        "beds": "19",
        "building": "hospital",
        "building:levels": "4",
        "healthcare": "hospital",
        "name": "Rumah Sakit Khusus Ibu dan Anak Annisa",
        "phone": "+62 511 4364375",
        "ref": "6371155",
        "rooms": "33",
        "short_name": "RSKIA Annisa",
        "website": "https://annisa.co.id/",
        "@geometry": "center"
      },
      "geometry": {
        "type": "Point",
        "coordinates": [
          114.5714834,
          -3.3072291
        ]
      },
      "id": "way/578208841"
    },
    {
      "type": "Feature",
      "properties": {
        "@id": "way/578275627",
        "amenity": "pharmacy",
        "brand": "Kimia Farma",
        "brand:wikidata": "Q11264892",
        "building": "yes",
        "dispensing": "yes",
        "healthcare": "pharmacy",
        "name": "Kimia Farma",
        "@geometry": "center"
      },
      "geometry": {
        "type": "Point",
        "coordinates": [
          114.585148,
          -3.3234472
        ]
      },
      "id": "way/578275627"
    },
    {
      "type": "Feature",
      "properties": {
        "@id": "way/578276551",
        "amenity": "doctors",
        "building": "yes",
        "healthcare": "doctor",
        "@geometry": "center"
      },
      "geometry": {
        "type": "Point",
        "coordinates": [
          114.5842256,
          -3.3171515
        ]
      },
      "id": "way/578276551"
    },
    {
      "type": "Feature",
      "properties": {
        "@id": "way/578292996",
        "amenity": "doctors",
        "building": "yes",
        "healthcare": "doctor",
        "healthcare:speciality": "general",
        "name": "Praktek Dokter Agung",
        "@geometry": "center"
      },
      "geometry": {
        "type": "Point",
        "coordinates": [
          117.1829378,
          -0.5737343
        ]
      },
      "id": "way/578292996"
    },
    {
      "type": "Feature",
      "properties": {
        "@id": "way/578320860",
        "amenity": "clinic",
        "building": "yes",
        "healthcare": "clinic",
        "name": "Puskesmas Batu Benawa",
        "@geometry": "center"
      },
      "geometry": {
        "type": "Point",
        "coordinates": [
          115.421004,
          -2.6234602
        ]
      },
      "id": "way/578320860"
    },
    {
      "type": "Feature",
      "properties": {
        "@id": "way/578365693",
        "amenity": "clinic",
        "building": "yes",
        "name": "Pustu Handil Suruk",
        "@geometry": "center"
      },
      "geometry": {
        "type": "Point",
        "coordinates": [
          114.6148306,
          -3.546523
        ]
      },
      "id": "way/578365693"
    },
    {
      "type": "Feature",
      "properties": {
        "@id": "way/578414768",
        "amenity": "hospital",
        "building": "yes",
        "healthcare": "hospital",
        "name": "Klinik Utama Rawat Inap Ibu Dan Anak Mahkota Bunda Gadang",
        "@geometry": "center"
      },
      "geometry": {
        "type": "Point",
        "coordinates": [
          114.5956815,
          -3.3150589
        ]
      },
      "id": "way/578414768"
    },
    {
      "type": "Feature",
      "properties": {
        "@id": "way/578635183",
        "amenity": "clinic",
        "building": "yes",
        "healthcare": "clinic",
        "name": "Puskesmas Sei Mesa",
        "operator": "Ministry of Health",
        "operator:en": "Ministry of Health",
        "operator:id": "Kementerian Kesehatan",
        "operator:wikidata": "Q12490745",
        "@geometry": "center"
      },
      "geometry": {
        "type": "Point",
        "coordinates": [
          114.5978252,
          -3.3134134
        ]
      },
      "id": "way/578635183"
    },
    {
      "type": "Feature",
      "properties": {
        "@id": "way/578746502",
        "amenity": "clinic",
        "building": "yes",
        "healthcare": "clinic",
        "healthcare:speciality": "general",
        "name": "Puskesmas Pembantu Berangas Timur",
        "operator": "H. Mukhlis",
        "@geometry": "center"
      },
      "geometry": {
        "type": "Point",
        "coordinates": [
          114.5766062,
          -3.2692394
        ]
      },
      "id": "way/578746502"
    },
    {
      "type": "Feature",
      "properties": {
        "@id": "way/578962710",
        "amenity": "clinic",
        "building": "yes",
        "healthcare": "clinic",
        "name": "apotek rakyat",
        "@geometry": "center"
      },
      "geometry": {
        "type": "Point",
        "coordinates": [
          114.5923738,
          -3.3230914
        ]
      },
      "id": "way/578962710"
    },
    {
      "type": "Feature",
      "properties": {
        "@id": "way/579087344",
        "amenity": "pharmacy",
        "building": "yes",
        "healthcare": "pharmacy",
        "name": "Apotek Akbar",
        "@geometry": "center"
      },
      "geometry": {
        "type": "Point",
        "coordinates": [
          116.9901099,
          -0.4161765
        ]
      },
      "id": "way/579087344"
    },
    {
      "type": "Feature",
      "properties": {
        "@id": "way/579138166",
        "amenity": "clinic",
        "building": "yes",
        "name": "Puskesmas Tandilang",
        "@geometry": "center"
      },
      "geometry": {
        "type": "Point",
        "coordinates": [
          115.5419347,
          -2.5798285
        ]
      },
      "id": "way/579138166"
    },
    {
      "type": "Feature",
      "properties": {
        "@id": "way/579242508",
        "amenity": "clinic",
        "building": "yes",
        "healthcare": "clinic",
        "name": "Puskesmas Lok Batu",
        "operator": "Ministry of Health",
        "operator:en": "Ministry of Health",
        "operator:id": "Kementerian Kesehatan",
        "operator:type": "government",
        "operator:wikidata": "Q12490745",
        "@geometry": "center"
      },
      "geometry": {
        "type": "Point",
        "coordinates": [
          115.499735,
          -2.4623853
        ]
      },
      "id": "way/579242508"
    },
    {
      "type": "Feature",
      "properties": {
        "@id": "way/579282344",
        "amenity": "clinic",
        "building": "yes",
        "name": "Poskesdes Buntu Pilanduk",
        "@geometry": "center"
      },
      "geometry": {
        "type": "Point",
        "coordinates": [
          115.6861861,
          -2.3163944
        ]
      },
      "id": "way/579282344"
    },
    {
      "type": "Feature",
      "properties": {
        "@id": "way/579303490",
        "addr:full": "RT 3 Dusun 1",
        "amenity": "clinic",
        "building": "yes",
        "name": "Puskesmas Pembantu Desa Bumi Jaya",
        "operator:type": "government",
        "@geometry": "center"
      },
      "geometry": {
        "type": "Point",
        "coordinates": [
          114.7988768,
          -3.8280793
        ]
      },
      "id": "way/579303490"
    },
    {
      "type": "Feature",
      "properties": {
        "@id": "way/579305905",
        "addr:full": "Jl. Kramat RT. 03/ RW. 01, Tirta Jaya",
        "amenity": "doctors",
        "building": "yes",
        "building:levels": "1",
        "capacity": "20",
        "name": "Klinik Ibunda",
        "@geometry": "center"
      },
      "geometry": {
        "type": "Point",
        "coordinates": [
          114.8181936,
          -3.7985508
        ]
      },
      "id": "way/579305905"
    },
    {
      "type": "Feature",
      "properties": {
        "@id": "way/579306319",
        "addr:full": "RT 10A Dusun 4",
        "amenity": "clinic",
        "building": "yes",
        "name": "Polindes Desa Bumi Jaya",
        "@geometry": "center"
      },
      "geometry": {
        "type": "Point",
        "coordinates": [
          114.8069261,
          -3.8203388
        ]
      },
      "id": "way/579306319"
    },
    {
      "type": "Feature",
      "properties": {
        "@id": "way/579324696",
        "addr:full": "Jalan Supirman RT 01 Dusun 1",
        "amenity": "clinic",
        "building": "yes",
        "name": "Posyandu",
        "@geometry": "center"
      },
      "geometry": {
        "type": "Point",
        "coordinates": [
          114.8032371,
          -3.7865141
        ]
      },
      "id": "way/579324696"
    },
    {
      "type": "Feature",
      "properties": {
        "@id": "way/579324969",
        "addr:full": "Jl. Swadaya RT.11/ RW.02, Tirta Jaya",
        "amenity": "clinic",
        "building": "yes",
        "building:levels": "1",
        "capacity": "25",
        "name": "Polindes Tirta Jaya",
        "@geometry": "center"
      },
      "geometry": {
        "type": "Point",
        "coordinates": [
          114.8062142,
          -3.8022455
        ]
      },
      "id": "way/579324969"
    },
    {
      "type": "Feature",
      "properties": {
        "@id": "way/579410018",
        "addr:city": "Ketapang",
        "addr:full": "Sampit, Delta Pawan, Kabupaten Ketapang, Kalimantan Barat 78811",
        "amenity": "clinic",
        "building": "clinic",
        "healthcare": "clinic",
        "name": "Klinik Dr.Darmadi M.Kes Sp.A",
        "operator:type": "private",
        "@geometry": "center"
      },
      "geometry": {
        "type": "Point",
        "coordinates": [
          109.9677624,
          -1.8335535
        ]
      },
      "id": "way/579410018"
    },
    {
      "type": "Feature",
      "properties": {
        "@id": "way/579415747",
        "addr:full": "Jalan A. Yani RT 3 RW 1 Pabahanan",
        "amenity": "clinic",
        "building": "yes",
        "name": "PUSTU PABAHANAN",
        "@geometry": "center"
      },
      "geometry": {
        "type": "Point",
        "coordinates": [
          114.7735014,
          -3.7750483
        ]
      },
      "id": "way/579415747"
    },
    {
      "type": "Feature",
      "properties": {
        "@id": "way/579423292",
        "amenity": "clinic",
        "building": "yes",
        "name": "PUSKESMAS KEL. SARANG HALANG",
        "operator:type": "government",
        "@geometry": "center"
      },
      "geometry": {
        "type": "Point",
        "coordinates": [
          114.7807677,
          -3.8169139
        ]
      },
      "id": "way/579423292"
    },
    {
      "type": "Feature",
      "properties": {
        "@id": "way/579533785",
        "addr:city": "Batu Ampar",
        "amenity": "hospital",
        "healthcare": "hospital",
        "name": "Puskesmas Tajau Pecah",
        "@geometry": "center"
      },
      "geometry": {
        "type": "Point",
        "coordinates": [
          114.8236548,
          -3.884175
        ]
      },
      "id": "way/579533785"
    },
    {
      "type": "Feature",
      "properties": {
        "@id": "way/579537864",
        "addr:full": "Gang Hijrah, RT 3 RW 2 Gunung Raja",
        "amenity": "clinic",
        "building": "yes",
        "name": "Posyandu Desa Gunung Raja",
        "@geometry": "center"
      },
      "geometry": {
        "type": "Point",
        "coordinates": [
          114.7036509,
          -3.6419921
        ]
      },
      "id": "way/579537864"
    },
    {
      "type": "Feature",
      "properties": {
        "@id": "way/579746444",
        "addr:full": "Jalan Pelaihari - Takisung RT 2 RW 2 Telaga, Pelaihari",
        "amenity": "clinic",
        "building": "yes",
        "name": "PUSTU",
        "@geometry": "center"
      },
      "geometry": {
        "type": "Point",
        "coordinates": [
          114.7204466,
          -3.8216418
        ]
      },
      "id": "way/579746444"
    },
    {
      "type": "Feature",
      "properties": {
        "@id": "way/579868160",
        "addr:full": "Jl. A. Yani Rt 01/01",
        "amenity": "clinic",
        "building": "yes",
        "building:levels": "1",
        "building:roof": "tin",
        "building:structure": "reinforced_masonry",
        "building:walls": "brick",
        "name": "Puskesmas Bati-Bati",
        "@geometry": "center"
      },
      "geometry": {
        "type": "Point",
        "coordinates": [
          114.7040968,
          -3.5982969
        ]
      },
      "id": "way/579868160"
    },
    {
      "type": "Feature",
      "properties": {
        "@id": "way/579869356",
        "amenity": "clinic",
        "building": "yes",
        "name": "Klinik Dr. Aulia Rachman",
        "@geometry": "center"
      },
      "geometry": {
        "type": "Point",
        "coordinates": [
          114.7044056,
          -3.597663
        ]
      },
      "id": "way/579869356"
    },
    {
      "type": "Feature",
      "properties": {
        "@id": "way/579988288",
        "amenity": "clinic",
        "building": "yes",
        "name": "Puskesmas Sungai Cuka",
        "@geometry": "center"
      },
      "geometry": {
        "type": "Point",
        "coordinates": [
          115.3318773,
          -3.8405862
        ]
      },
      "id": "way/579988288"
    },
    {
      "type": "Feature",
      "properties": {
        "@id": "way/580038060",
        "amenity": "clinic",
        "building": "yes",
        "name": "Posyandu Sungai Cuka",
        "@geometry": "center"
      },
      "geometry": {
        "type": "Point",
        "coordinates": [
          115.3448493,
          -3.8248221
        ]
      },
      "id": "way/580038060"
    },
    {
      "type": "Feature",
      "properties": {
        "@id": "way/580170791",
        "addr:full": "Jl. Bondong Rt 04 Dusun 02",
        "amenity": "clinic",
        "building": "yes",
        "building:roof": "tile",
        "building:structure": "reinforced_masonry",
        "building:walls": "brick",
        "name": "Polindes Guntung Besar",
        "@geometry": "center"
      },
      "geometry": {
        "type": "Point",
        "coordinates": [
          114.6944006,
          -3.8112506
        ]
      },
      "id": "way/580170791"
    },
    {
      "type": "Feature",
      "properties": {
        "@id": "way/580306258",
        "amenity": "clinic",
        "building": "yes",
        "healthcare": "clinic",
        "name": "Klinik Endra Bersama Lok Tuan",
        "@geometry": "center"
      },
      "geometry": {
        "type": "Point",
        "coordinates": [
          117.4692488,
          0.1698571
        ]
      },
      "id": "way/580306258"
    },
    {
      "type": "Feature",
      "properties": {
        "@id": "way/580306394",
        "amenity": "clinic",
        "building": "yes",
        "healthcare": "clinic",
        "name": "Puskesmas Bontang Utara 2",
        "operator": "Ministry of Health",
        "operator:en": "Ministry of Health",
        "operator:id": "Kementerian Kesehatan",
        "operator:wikidata": "Q12490745",
        "@geometry": "center"
      },
      "geometry": {
        "type": "Point",
        "coordinates": [
          117.4665235,
          0.1692925
        ]
      },
      "id": "way/580306394"
    },
    {
      "type": "Feature",
      "properties": {
        "@id": "way/580558866",
        "addr:full": "Jalan Panjratan Rt 09 Rw 03",
        "amenity": "clinic",
        "building": "yes",
        "building:roof": "tin",
        "building:structure": "plastered",
        "building:walls": "wood",
        "name": "Posyandu Kenangan",
        "@geometry": "center"
      },
      "geometry": {
        "type": "Point",
        "coordinates": [
          114.6930067,
          -3.7748452
        ]
      },
      "id": "way/580558866"
    },
    {
      "type": "Feature",
      "properties": {
        "@id": "way/580665315",
        "amenity": "clinic",
        "building": "yes",
        "name": "Puskesmas Pembantu Intin",
        "short_name": "Pustu Intin",
        "@geometry": "center"
      },
      "geometry": {
        "type": "Point",
        "coordinates": [
          116.7401401,
          3.7739741
        ]
      },
      "id": "way/580665315"
    },
    {
      "type": "Feature",
      "properties": {
        "@id": "way/580808460",
        "addr:full": "Jl. Pelombokan Rt 03 dusun 02",
        "amenity": "clinic",
        "building": "yes",
        "name": "Polindes Pamalongan",
        "@geometry": "center"
      },
      "geometry": {
        "type": "Point",
        "coordinates": [
          114.8800882,
          -3.8295423
        ]
      },
      "id": "way/580808460"
    },
    {
      "type": "Feature",
      "properties": {
        "@id": "way/580882948",
        "amenity": "clinic",
        "building": "yes",
        "name": "Puskesmas Muara Wis",
        "@geometry": "center"
      },
      "geometry": {
        "type": "Point",
        "coordinates": [
          116.4842824,
          -0.3157468
        ]
      },
      "id": "way/580882948"
    },
    {
      "type": "Feature",
      "properties": {
        "@id": "way/580884269",
        "amenity": "pharmacy",
        "building": "yes",
        "building:levels": "2",
        "healthcare": "pharmacy",
        "height": "8",
        "@geometry": "center"
      },
      "geometry": {
        "type": "Point",
        "coordinates": [
          108.9848367,
          0.9133267
        ]
      },
      "id": "way/580884269"
    },
    {
      "type": "Feature",
      "properties": {
        "@id": "way/581132919",
        "addr:full": "Jalan Panjaratan Rt 01 Rw 01",
        "amenity": "clinic",
        "building": "yes",
        "building:roof": "tin",
        "building:structure": "plastered",
        "building:walls": "wood",
        "name": "Pustu Desa Panjaratan",
        "@geometry": "center"
      },
      "geometry": {
        "type": "Point",
        "coordinates": [
          114.6953934,
          -3.7799512
        ]
      },
      "id": "way/581132919"
    },
    {
      "type": "Feature",
      "properties": {
        "@id": "way/581181857",
        "amenity": "hospital",
        "healthcare": "hospital",
        "name": "PUSKESMAS SANUR",
        "@geometry": "center"
      },
      "geometry": {
        "type": "Point",
        "coordinates": [
          116.9827384,
          4.0412789
        ]
      },
      "id": "way/581181857"
    },
    {
      "type": "Feature",
      "properties": {
        "@id": "way/581181858",
        "amenity": "hospital",
        "healthcare": "hospital",
        "name": "UGD SANUR",
        "@geometry": "center"
      },
      "geometry": {
        "type": "Point",
        "coordinates": [
          116.9828576,
          4.041841
        ]
      },
      "id": "way/581181858"
    },
    {
      "type": "Feature",
      "properties": {
        "@id": "way/581205883",
        "amenity": "clinic",
        "building": "yes",
        "name": "Puskesmas Lumar",
        "@geometry": "center"
      },
      "geometry": {
        "type": "Point",
        "coordinates": [
          109.4766557,
          0.9419804
        ]
      },
      "id": "way/581205883"
    },
    {
      "type": "Feature",
      "properties": {
        "@id": "way/581247845",
        "amenity": "clinic",
        "building": "yes",
        "name": "Puskesmas Gunung Samarinda",
        "@geometry": "center"
      },
      "geometry": {
        "type": "Point",
        "coordinates": [
          116.8434081,
          -1.2347305
        ]
      },
      "id": "way/581247845"
    },
    {
      "type": "Feature",
      "properties": {
        "@id": "way/581279888",
        "amenity": "clinic",
        "building": "yes",
        "healthcare": "clinic",
        "name": "Klinik Hj. Ninik Kustiani 2",
        "@geometry": "center"
      },
      "geometry": {
        "type": "Point",
        "coordinates": [
          117.1362524,
          -0.5292126
        ]
      },
      "id": "way/581279888"
    },
    {
      "type": "Feature",
      "properties": {
        "@id": "way/581296829",
        "amenity": "clinic",
        "building": "yes",
        "name": "Puskesmas Teluk Batang",
        "@geometry": "center"
      },
      "geometry": {
        "type": "Point",
        "coordinates": [
          109.7806178,
          -1.0048226
        ]
      },
      "id": "way/581296829"
    },
    {
      "type": "Feature",
      "properties": {
        "@id": "way/581480227",
        "amenity": "clinic",
        "building": "yes",
        "name": "Puskesmas Pembantu Tumbang Rungan",
        "short_name": "Pustu Tumbang Rungan",
        "@geometry": "center"
      },
      "geometry": {
        "type": "Point",
        "coordinates": [
          113.9244781,
          -2.1703898
        ]
      },
      "id": "way/581480227"
    },
    {
      "type": "Feature",
      "properties": {
        "@id": "way/581528140",
        "amenity": "clinic",
        "building": "yes",
        "name": "Poskesdes Malo Jelayan",
        "@geometry": "center"
      },
      "geometry": {
        "type": "Point",
        "coordinates": [
          109.5444685,
          0.7945548
        ]
      },
      "id": "way/581528140"
    },
    {
      "type": "Feature",
      "properties": {
        "@id": "way/581608499",
        "addr:full": "RT 08 Dusun Bangunrejo, Desa Damit",
        "amenity": "clinic",
        "building": "yes",
        "name": "Puskesmas Desa Damit",
        "@geometry": "center"
      },
      "geometry": {
        "type": "Point",
        "coordinates": [
          114.9191109,
          -3.8994779
        ]
      },
      "id": "way/581608499"
    },
    {
      "type": "Feature",
      "properties": {
        "@id": "way/581827563",
        "addr:full": "Jl. Desa Martadah RT.02, RW.01, Desa Martadah",
        "amenity": "doctors",
        "building": "yes",
        "building:levels": "1",
        "capacity": "10",
        "name": "Bidan",
        "@geometry": "center"
      },
      "geometry": {
        "type": "Point",
        "coordinates": [
          114.7737336,
          -3.6366413
        ]
      },
      "id": "way/581827563"
    },
    {
      "type": "Feature",
      "properties": {
        "@id": "way/581864928",
        "amenity": "clinic",
        "building": "yes",
        "name": "POSYANDU DUSUN I",
        "@geometry": "center"
      },
      "geometry": {
        "type": "Point",
        "coordinates": [
          114.8387459,
          -3.7029736
        ]
      },
      "id": "way/581864928"
    },
    {
      "type": "Feature",
      "properties": {
        "@id": "way/581864931",
        "amenity": "doctors",
        "building": "yes",
        "name": "POLINDES DUSUN I",
        "@geometry": "center"
      },
      "geometry": {
        "type": "Point",
        "coordinates": [
          114.8387718,
          -3.7028151
        ]
      },
      "id": "way/581864931"
    },
    {
      "type": "Feature",
      "properties": {
        "@id": "way/581865932",
        "addr:full": "Tanjung 3A RT 9 Desa Tanjung",
        "amenity": "clinic",
        "building": "yes",
        "name": "Pos Yandu Melati",
        "@geometry": "center"
      },
      "geometry": {
        "type": "Point",
        "coordinates": [
          114.8596132,
          -3.7101543
        ]
      },
      "id": "way/581865932"
    },
    {
      "type": "Feature",
      "properties": {
        "@id": "way/581866259",
        "addr:full": "Tanjung Kampung RT 4 Desa Tanjung",
        "amenity": "clinic",
        "building": "yes",
        "name": "Posyandu Mawar 1",
        "@geometry": "center"
      },
      "geometry": {
        "type": "Point",
        "coordinates": [
          114.8633029,
          -3.7230409
        ]
      },
      "id": "way/581866259"
    },
    {
      "type": "Feature",
      "properties": {
        "@id": "way/581866486",
        "addr:full": "Jalan Tanjung Kampung RT 3 Dusun 1 Desa Tanjung",
        "amenity": "clinic",
        "building": "yes",
        "name": "Pos Bersalin Desa Tanjung Mawar 1",
        "@geometry": "center"
      },
      "geometry": {
        "type": "Point",
        "coordinates": [
          114.8561361,
          -3.7271947
        ]
      },
      "id": "way/581866486"
    },
    {
      "type": "Feature",
      "properties": {
        "@id": "way/581866760",
        "addr:full": "Jalan Tanjung Kampung RT 1 Dusun 1 Desa Tanjung",
        "amenity": "clinic",
        "building": "yes",
        "name": "Posyandu Mawar 2",
        "@geometry": "center"
      },
      "geometry": {
        "type": "Point",
        "coordinates": [
          114.8533745,
          -3.7322256
        ]
      },
      "id": "way/581866760"
    },
    {
      "type": "Feature",
      "properties": {
        "@id": "way/581873463",
        "amenity": "clinic",
        "building": "yes",
        "building:use": "medical",
        "name": "Puskesmas Labian",
        "@geometry": "center"
      },
      "geometry": {
        "type": "Point",
        "coordinates": [
          112.2925305,
          1.1070356
        ]
      },
      "id": "way/581873463"
    },
    {
      "type": "Feature",
      "properties": {
        "@id": "way/581915840",
        "amenity": "clinic",
        "building": "yes",
        "name": "Poskesdes Lok Bangkai",
        "@geometry": "center"
      },
      "geometry": {
        "type": "Point",
        "coordinates": [
          115.2673431,
          -2.4170136
        ]
      },
      "id": "way/581915840"
    },
    {
      "type": "Feature",
      "properties": {
        "@id": "way/581927626",
        "amenity": "clinic",
        "building": "yes",
        "name": "Puskesmas Pembantu Sekayu Baru",
        "short_name": "Pustu Sekayu Baru",
        "@geometry": "center"
      },
      "geometry": {
        "type": "Point",
        "coordinates": [
          116.1881371,
          -2.3087906
        ]
      },
      "id": "way/581927626"
    },
    {
      "type": "Feature",
      "properties": {
        "@id": "way/582355184",
        "addr:full": "Jl. Karang Paci Rt 07 Dusun 03",
        "amenity": "clinic",
        "building": "yes",
        "name": "Pustu Desa Pamalongan",
        "@geometry": "center"
      },
      "geometry": {
        "type": "Point",
        "coordinates": [
          114.8833412,
          -3.8254454
        ]
      },
      "id": "way/582355184"
    },
    {
      "type": "Feature",
      "properties": {
        "@id": "way/582367940",
        "amenity": "clinic",
        "name": "PUSTU DESA BLURU",
        "@geometry": "center"
      },
      "geometry": {
        "type": "Point",
        "coordinates": [
          114.8392551,
          -3.8638966
        ]
      },
      "id": "way/582367940"
    },
    {
      "type": "Feature",
      "properties": {
        "@id": "way/582420499",
        "amenity": "clinic",
        "building": "yes",
        "name": "Puskesmas Pembantu Muara Kaman",
        "@geometry": "center"
      },
      "geometry": {
        "type": "Point",
        "coordinates": [
          116.9223841,
          -0.1501511
        ]
      },
      "id": "way/582420499"
    },
    {
      "type": "Feature",
      "properties": {
        "@id": "way/582440170",
        "amenity": "clinic",
        "building": "yes",
        "name": "Klinik Etam Medika",
        "@geometry": "center"
      },
      "geometry": {
        "type": "Point",
        "coordinates": [
          116.9563179,
          -0.1606584
        ]
      },
      "id": "way/582440170"
    },
    {
      "type": "Feature",
      "properties": {
        "@id": "way/582446520",
        "amenity": "clinic",
        "building": "yes",
        "name": "Posyandu Budi Rahayu",
        "@geometry": "center"
      },
      "geometry": {
        "type": "Point",
        "coordinates": [
          116.9573156,
          -0.1661006
        ]
      },
      "id": "way/582446520"
    },
    {
      "type": "Feature",
      "properties": {
        "@id": "way/582455104",
        "amenity": "clinic",
        "building": "yes",
        "name": "Puskesmas Kembang Janggut",
        "@geometry": "center"
      },
      "geometry": {
        "type": "Point",
        "coordinates": [
          116.3661484,
          0.1410904
        ]
      },
      "id": "way/582455104"
    },
    {
      "type": "Feature",
      "properties": {
        "@id": "way/582463351",
        "amenity": "clinic",
        "building": "yes",
        "name": "Bidan Praktek Mandiri",
        "@geometry": "center"
      },
      "geometry": {
        "type": "Point",
        "coordinates": [
          116.9754722,
          -0.167401
        ]
      },
      "id": "way/582463351"
    },
    {
      "type": "Feature",
      "properties": {
        "@id": "way/582463446",
        "amenity": "pharmacy",
        "building": "yes",
        "name": "Affan Collection",
        "shop": "clothes",
        "@geometry": "center"
      },
      "geometry": {
        "type": "Point",
        "coordinates": [
          116.9737411,
          -0.166786
        ]
      },
      "id": "way/582463446"
    },
    {
      "type": "Feature",
      "properties": {
        "@id": "way/582463579",
        "amenity": "doctors",
        "building": "yes",
        "name": "Praktek Dr. Riko",
        "@geometry": "center"
      },
      "geometry": {
        "type": "Point",
        "coordinates": [
          116.9717203,
          -0.1668154
        ]
      },
      "id": "way/582463579"
    },
    {
      "type": "Feature",
      "properties": {
        "@id": "way/582463821",
        "amenity": "clinic",
        "building": "yes",
        "name": "Klinik Sri Pujiharti",
        "@geometry": "center"
      },
      "geometry": {
        "type": "Point",
        "coordinates": [
          116.9643618,
          -0.1620473
        ]
      },
      "id": "way/582463821"
    },
    {
      "type": "Feature",
      "properties": {
        "@id": "way/582463874",
        "amenity": "clinic",
        "building": "yes",
        "name": "Bidan",
        "@geometry": "center"
      },
      "geometry": {
        "type": "Point",
        "coordinates": [
          116.9638773,
          -0.162458
        ]
      },
      "id": "way/582463874"
    },
    {
      "type": "Feature",
      "properties": {
        "@id": "way/582679175",
        "amenity": "hospital",
        "healthcare": "hospital",
        "healthcare:speciality": "community",
        "name": "POSKESDES GAHANG",
        "@geometry": "center"
      },
      "geometry": {
        "type": "Point",
        "coordinates": [
          110.7433176,
          -2.3115005
        ]
      },
      "id": "way/582679175"
    },
    {
      "type": "Feature",
      "properties": {
        "@id": "way/582679179",
        "amenity": "hospital",
        "healthcare": "hospital",
        "healthcare:speciality": "general",
        "name": "PUSTU GAHANG",
        "@geometry": "center"
      },
      "geometry": {
        "type": "Point",
        "coordinates": [
          110.7427986,
          -2.3116248
        ]
      },
      "id": "way/582679179"
    },
    {
      "type": "Feature",
      "properties": {
        "@id": "way/582773067",
        "amenity": "clinic",
        "building": "yes",
        "healthcare": "clinic",
        "name": "Klinik dan Apotek Kimia Farma Amanah",
        "@geometry": "center"
      },
      "geometry": {
        "type": "Point",
        "coordinates": [
          117.155937,
          -0.4502018
        ]
      },
      "id": "way/582773067"
    },
    {
      "type": "Feature",
      "properties": {
        "@id": "way/585267532",
        "amenity": "pharmacy",
        "building": "yes",
        "name": "Apotek Mitra Farma",
        "@geometry": "center"
      },
      "geometry": {
        "type": "Point",
        "coordinates": [
          116.7462408,
          -1.2813673
        ]
      },
      "id": "way/585267532"
    },
    {
      "type": "Feature",
      "properties": {
        "@id": "way/587139642",
        "amenity": "clinic",
        "building": "yes",
        "name": "Puskesmas Pulau Kupang",
        "@geometry": "center"
      },
      "geometry": {
        "type": "Point",
        "coordinates": [
          114.3671203,
          -3.0693405
        ]
      },
      "id": "way/587139642"
    },
    {
      "type": "Feature",
      "properties": {
        "@id": "way/587139660",
        "amenity": "clinic",
        "building": "yes",
        "healthcare": "clinic",
        "name": "Puskesmas Pembantu Murung Keramat",
        "operator": "Ministry of Health",
        "operator:en": "Ministry of Health",
        "operator:id": "Kementerian Kesehatan",
        "operator:type": "government",
        "operator:wikidata": "Q12490745",
        "short_name": "Pustu Murung Keramat",
        "@geometry": "center"
      },
      "geometry": {
        "type": "Point",
        "coordinates": [
          114.3828866,
          -3.0280621
        ]
      },
      "id": "way/587139660"
    },
    {
      "type": "Feature",
      "properties": {
        "@id": "way/587470962",
        "amenity": "clinic",
        "building": "yes",
        "name": "Poskesdes Hilir Mesjid",
        "@geometry": "center"
      },
      "geometry": {
        "type": "Point",
        "coordinates": [
          114.5095058,
          -3.1587932
        ]
      },
      "id": "way/587470962"
    },
    {
      "type": "Feature",
      "properties": {
        "@id": "way/587470967",
        "amenity": "clinic",
        "building": "yes",
        "healthcare": "clinic",
        "name": "Puskesmas Rawat Inap Anjir Pasar",
        "operator": "Ministry of Health",
        "operator:en": "Ministry of Health",
        "operator:id": "Kementerian Kesehatan",
        "operator:type": "government",
        "operator:wikidata": "Q12490745",
        "@geometry": "center"
      },
      "geometry": {
        "type": "Point",
        "coordinates": [
          114.5020003,
          -3.1505098
        ]
      },
      "id": "way/587470967"
    },
    {
      "type": "Feature",
      "properties": {
        "@id": "way/587634839",
        "addr:city": "Kuala Kapuas",
        "addr:postcode": "73514",
        "addr:street": "Melati",
        "amenity": "clinic",
        "building": "yes",
        "healthcare": "clinic",
        "insurance:health": "public",
        "name": "Puskesmas Melati",
        "opening_hours": "Mo-Fr 07:00-14:00",
        "operational_status": "operational",
        "operator": "Ministry of Health",
        "operator:en": "Ministry of Health",
        "operator:id": "Kementerian Kesehatan",
        "operator:type": "government",
        "operator:wikidata": "Q12490745",
        "@geometry": "center"
      },
      "geometry": {
        "type": "Point",
        "coordinates": [
          114.3878553,
          -3.016445
        ]
      },
      "id": "way/587634839"
    },
    {
      "type": "Feature",
      "properties": {
        "@id": "way/595811367",
        "amenity": "clinic",
        "building": "yes",
        "healthcare": "clinic",
        "name": "POSTU",
        "@geometry": "center"
      },
      "geometry": {
        "type": "Point",
        "coordinates": [
          118.8606477,
          -3.3553495
        ]
      },
      "id": "way/595811367"
    },
    {
      "type": "Feature",
      "properties": {
        "@id": "way/607260970",
        "amenity": "clinic",
        "building": "yes",
        "name": "Puskesmas Laham",
        "@geometry": "center"
      },
      "geometry": {
        "type": "Point",
        "coordinates": [
          115.3972067,
          0.3623044
        ]
      },
      "id": "way/607260970"
    },
    {
      "type": "Feature",
      "properties": {
        "@id": "way/607769187",
        "amenity": "hospital",
        "healthcare": "hospital",
        "name": "Hospital dalat",
        "@geometry": "center"
      },
      "geometry": {
        "type": "Point",
        "coordinates": [
          111.9466925,
          2.7445295
        ]
      },
      "id": "way/607769187"
    },
    {
      "type": "Feature",
      "properties": {
        "@id": "way/613801359",
        "addr:city": "Balikpapan",
        "addr:full": "Jalan Jenderal Sudirman No.1, Prapatan, Balikpapan Kota, Kota Balikpapan, Kalimantan Timur 76111",
        "addr:housenumber": "1",
        "addr:street": "Jalan Jenderal Sudirman",
        "amenity": "hospital",
        "capacity:persons": "3000",
        "emergency": "yes",
        "healthcare": "hospital",
        "hospital:type": "public",
        "name": "Rumah Sakit Pertamina Balikpapan",
        "operator": "Pertamedika",
        "operator:type": "private",
        "website": "https://rspb.id/",
        "@geometry": "center"
      },
      "geometry": {
        "type": "Point",
        "coordinates": [
          116.8176567,
          -1.2785968
        ]
      },
      "id": "way/613801359"
    },
    {
      "type": "Feature",
      "properties": {
        "@id": "way/621410656",
        "amenity": "pharmacy",
        "building": "yes",
        "dispensing": "yes",
        "healthcare": "pharmacy",
        "name": "Apotek Mega Farma",
        "@geometry": "center"
      },
      "geometry": {
        "type": "Point",
        "coordinates": [
          116.6208237,
          -1.3893787
        ]
      },
      "id": "way/621410656"
    },
    {
      "type": "Feature",
      "properties": {
        "@id": "way/625278336",
        "amenity": "clinic",
        "building": "yes",
        "name": "Puskesmas Pembantu Muhuran",
        "short_name": "Pusban Muhuran",
        "@geometry": "center"
      },
      "geometry": {
        "type": "Point",
        "coordinates": [
          116.5437859,
          -0.2054939
        ]
      },
      "id": "way/625278336"
    },
    {
      "type": "Feature",
      "properties": {
        "@id": "way/625279578",
        "amenity": "clinic",
        "building": "yes",
        "name": "Puskesmas Pembantu Sukabumi",
        "short_name": "Pustu Sukabumi",
        "@geometry": "center"
      },
      "geometry": {
        "type": "Point",
        "coordinates": [
          116.6893902,
          -0.3683942
        ]
      },
      "id": "way/625279578"
    },
    {
      "type": "Feature",
      "properties": {
        "@id": "way/625285122",
        "amenity": "clinic",
        "building": "yes",
        "name": "Puskesmas Pembantu Siram I",
        "short_name": "Pustu Siram I",
        "@geometry": "center"
      },
      "geometry": {
        "type": "Point",
        "coordinates": [
          116.2215233,
          -0.753972
        ]
      },
      "id": "way/625285122"
    },
    {
      "type": "Feature",
      "properties": {
        "@id": "way/625285126",
        "amenity": "clinic",
        "building": "yes",
        "name": "Puskesmas Pembantu Jambuk Makmur",
        "short_name": "Pustu Jambuk Makmur",
        "@geometry": "center"
      },
      "geometry": {
        "type": "Point",
        "coordinates": [
          116.2696112,
          -0.738352
        ]
      },
      "id": "way/625285126"
    },
    {
      "type": "Feature",
      "properties": {
        "@id": "way/625288404",
        "amenity": "clinic",
        "building": "yes",
        "name": "Puskesmas Pembantu Pentat",
        "short_name": "Pustu Pentat",
        "@geometry": "center"
      },
      "geometry": {
        "type": "Point",
        "coordinates": [
          116.0911803,
          -0.5761919
        ]
      },
      "id": "way/625288404"
    },
    {
      "type": "Feature",
      "properties": {
        "@id": "way/627364620",
        "amenity": "clinic",
        "building": "yes",
        "name": "Puskesmas Maridan",
        "@geometry": "center"
      },
      "geometry": {
        "type": "Point",
        "coordinates": [
          116.6870254,
          -1.0800287
        ]
      },
      "id": "way/627364620"
    },
    {
      "type": "Feature",
      "properties": {
        "@id": "way/627369785",
        "amenity": "clinic",
        "building": "yes",
        "name": "Puskesmas Pembantu Karang Jinawi",
        "short_name": "Pustu Karang Jinawi",
        "@geometry": "center"
      },
      "geometry": {
        "type": "Point",
        "coordinates": [
          116.7935229,
          -0.8608226
        ]
      },
      "id": "way/627369785"
    },
    {
      "type": "Feature",
      "properties": {
        "@id": "way/627389331",
        "amenity": "clinic",
        "building": "yes",
        "name": "Poskesdes Mentawir",
        "@geometry": "center"
      },
      "geometry": {
        "type": "Point",
        "coordinates": [
          116.7682154,
          -1.0214296
        ]
      },
      "id": "way/627389331"
    },
    {
      "type": "Feature",
      "properties": {
        "@id": "way/638680587",
        "amenity": "clinic",
        "building": "yes",
        "healthcare": "clinic",
        "@geometry": "center"
      },
      "geometry": {
        "type": "Point",
        "coordinates": [
          111.5197649,
          2.1224847
        ]
      },
      "id": "way/638680587"
    },
    {
      "type": "Feature",
      "properties": {
        "@id": "way/654368561",
        "addr:full": "Jalan A. Yani Rt 02 Dusun 01",
        "amenity": "clinic",
        "building": "yes",
        "building:roof": "tin",
        "building:structure": "confined_masonry",
        "building:walls": "brick",
        "name": "PusKesDes Tampang",
        "@geometry": "center"
      },
      "geometry": {
        "type": "Point",
        "coordinates": [
          114.7898079,
          -3.8401473
        ]
      },
      "id": "way/654368561"
    },
    {
      "type": "Feature",
      "properties": {
        "@id": "way/654368875",
        "addr:full": "Jl. Bahagia",
        "amenity": "clinic",
        "building": "yes",
        "building:levels": "1",
        "capacity": "50",
        "name": "Pusat Kesehatan Desa (Poskesdes)",
        "@geometry": "center"
      },
      "geometry": {
        "type": "Point",
        "coordinates": [
          114.7946619,
          -3.7951638
        ]
      },
      "id": "way/654368875"
    },
    {
      "type": "Feature",
      "properties": {
        "@id": "way/654369858",
        "addr:full": "Jl.Wahyu Hartopo",
        "amenity": "clinic",
        "building": "yes",
        "name": "Posyandu Guntung Besar",
        "@geometry": "center"
      },
      "geometry": {
        "type": "Point",
        "coordinates": [
          114.696089,
          -3.8132161
        ]
      },
      "id": "way/654369858"
    },
    {
      "type": "Feature",
      "properties": {
        "@id": "way/654379507",
        "addr:full": "Jalan Tungkaran Sahang RT 6 RW 1 Telaga, Pelaihari",
        "amenity": "clinic",
        "building": "yes",
        "name": "Posyandu Mawar",
        "@geometry": "center"
      },
      "geometry": {
        "type": "Point",
        "coordinates": [
          114.7112338,
          -3.7900669
        ]
      },
      "id": "way/654379507"
    },
    {
      "type": "Feature",
      "properties": {
        "@id": "way/654379514",
        "addr:full": "Jalan Pelaihari - Takisung RT 2 RW 2 Telaga, Pelaihari",
        "amenity": "clinic",
        "building": "yes",
        "name": "Posyandu Bakti Kencana",
        "@geometry": "center"
      },
      "geometry": {
        "type": "Point",
        "coordinates": [
          114.7203796,
          -3.8214907
        ]
      },
      "id": "way/654379514"
    },
    {
      "type": "Feature",
      "properties": {
        "@id": "way/654381333",
        "addr:full": "Jl. A.Syairani",
        "amenity": "clinic",
        "building": "yes",
        "building:levels": "1",
        "capacity": "20",
        "name": "Puskesmas Angsau",
        "@geometry": "center"
      },
      "geometry": {
        "type": "Point",
        "coordinates": [
          114.7824053,
          -3.798723
        ]
      },
      "id": "way/654381333"
    },
    {
      "type": "Feature",
      "properties": {
        "@id": "way/654403785",
        "addr:full": "Jl. Kramat RT. 03/ RW. 01, Tirta Jaya",
        "amenity": "clinic",
        "building": "yes",
        "building:levels": "1",
        "capacity": "50",
        "name": "Puskesmas Tirta Jaya",
        "@geometry": "center"
      },
      "geometry": {
        "type": "Point",
        "coordinates": [
          114.8182312,
          -3.7984013
        ]
      },
      "id": "way/654403785"
    },
    {
      "type": "Feature",
      "properties": {
        "@id": "way/654615282",
        "addr:full": "Jalan Air Terjun RT 02 Dusun 1",
        "amenity": "clinic",
        "building": "yes",
        "name": "Posyandu Anggrek/ Posbindu",
        "@geometry": "center"
      },
      "geometry": {
        "type": "Point",
        "coordinates": [
          114.8380586,
          -3.7701562
        ]
      },
      "id": "way/654615282"
    },
    {
      "type": "Feature",
      "properties": {
        "@id": "way/654617214",
        "addr:full": "Jl. Pamalongan Rt 09 dusun 01",
        "amenity": "clinic",
        "building": "yes",
        "name": "Posyandu Melati",
        "@geometry": "center"
      },
      "geometry": {
        "type": "Point",
        "coordinates": [
          114.8672694,
          -3.8156757
        ]
      },
      "id": "way/654617214"
    },
    {
      "type": "Feature",
      "properties": {
        "@id": "way/654617580",
        "addr:full": "Jalan HM Sarbini RT 2 RW 1 Damar Lima",
        "amenity": "clinic",
        "building": "yes",
        "name": "Polindes",
        "@geometry": "center"
      },
      "geometry": {
        "type": "Point",
        "coordinates": [
          114.8797799,
          -3.9025194
        ]
      },
      "id": "way/654617580"
    },
    {
      "type": "Feature",
      "properties": {
        "@id": "way/654617693",
        "amenity": "clinic",
        "building": "yes",
        "name": "POSYANDU TEBING SIRING",
        "@geometry": "center"
      },
      "geometry": {
        "type": "Point",
        "coordinates": [
          114.8507302,
          -3.6862377
        ]
      },
      "id": "way/654617693"
    },
    {
      "type": "Feature",
      "properties": {
        "@id": "way/654617694",
        "amenity": "clinic",
        "building": "yes",
        "name": "PUSTU DESA TEBING SIRING",
        "@geometry": "center"
      },
      "geometry": {
        "type": "Point",
        "coordinates": [
          114.8510816,
          -3.6855255
        ]
      },
      "id": "way/654617694"
    },
    {
      "type": "Feature",
      "properties": {
        "@id": "way/654619191",
        "addr:full": "RT. 5, Dusun 2, Pulau Sari",
        "amenity": "clinic",
        "building": "yes",
        "building:levels": "1",
        "capacity": "50",
        "name": "Pustu Desa Pulau Sari",
        "@geometry": "center"
      },
      "geometry": {
        "type": "Point",
        "coordinates": [
          114.7065958,
          -3.6619381
        ]
      },
      "id": "way/654619191"
    },
    {
      "type": "Feature",
      "properties": {
        "@id": "way/654619193",
        "addr:full": "RT. 7, Dusun 3, Pulau Sari",
        "amenity": "doctors",
        "building": "yes",
        "building:levels": "1",
        "capacity": "50",
        "name": "Polindes Pulau Sari",
        "@geometry": "center"
      },
      "geometry": {
        "type": "Point",
        "coordinates": [
          114.6869914,
          -3.6677381
        ]
      },
      "id": "way/654619193"
    },
    {
      "type": "Feature",
      "properties": {
        "@id": "way/654625770",
        "addr:full": "Tanjung 3A RT 9 Desa Tanjung",
        "amenity": "clinic",
        "building": "yes",
        "name": "Pos Bersalin Desa Tanjung",
        "@geometry": "center"
      },
      "geometry": {
        "type": "Point",
        "coordinates": [
          114.8594486,
          -3.71
        ]
      },
      "id": "way/654625770"
    },
    {
      "type": "Feature",
      "properties": {
        "@id": "way/654640260",
        "addr:full": "Jl. Bajuin Raya RT.05, RW. 3, Ketapang",
        "amenity": "doctors",
        "building": "yes",
        "building:levels": "1",
        "capacity": "20",
        "name": "Bidan Desa Ketapang",
        "@geometry": "center"
      },
      "geometry": {
        "type": "Point",
        "coordinates": [
          114.8069378,
          -3.7898159
        ]
      },
      "id": "way/654640260"
    },
    {
      "type": "Feature",
      "properties": {
        "@id": "way/654640562",
        "amenity": "doctors",
        "building": "yes",
        "name": "POLINDES DESA BLURU",
        "@geometry": "center"
      },
      "geometry": {
        "type": "Point",
        "coordinates": [
          114.8390614,
          -3.8645352
        ]
      },
      "id": "way/654640562"
    },
    {
      "type": "Feature",
      "properties": {
        "@id": "way/654640563",
        "amenity": "clinic",
        "building": "yes",
        "name": "POSYANDU",
        "@geometry": "center"
      },
      "geometry": {
        "type": "Point",
        "coordinates": [
          114.839146,
          -3.8643314
        ]
      },
      "id": "way/654640563"
    },
    {
      "type": "Feature",
      "properties": {
        "@id": "way/654645534",
        "addr:full": "Jalan Kurdi Darjat RT 7 Dusun 3 Kintapura",
        "amenity": "clinic",
        "building": "yes",
        "healthcare": "clinic",
        "name": "Posyandu Kintapura",
        "operator:type": "government",
        "@geometry": "center"
      },
      "geometry": {
        "type": "Point",
        "coordinates": [
          115.2082224,
          -3.8596038
        ]
      },
      "id": "way/654645534"
    },
    {
      "type": "Feature",
      "properties": {
        "@id": "way/654649270",
        "addr:full": "RT 6 Dusun Teguhan. Desa Damit",
        "amenity": "clinic",
        "building": "yes",
        "name": "Posyandu Desa Damit",
        "@geometry": "center"
      },
      "geometry": {
        "type": "Point",
        "coordinates": [
          114.9092598,
          -3.9005418
        ]
      },
      "id": "way/654649270"
    },
    {
      "type": "Feature",
      "properties": {
        "@id": "way/654651226",
        "amenity": "clinic",
        "building": "yes",
        "name": "Klinik Mitra Sehat",
        "@geometry": "center"
      },
      "geometry": {
        "type": "Point",
        "coordinates": [
          115.0862655,
          -3.9034709
        ]
      },
      "id": "way/654651226"
    },
    {
      "type": "Feature",
      "properties": {
        "@id": "way/654651228",
        "addr:full": "Jl. Datuk Bungur Rt 07 Dusun 002",
        "amenity": "clinic",
        "building": "yes",
        "building:roof": "tin",
        "building:structure": "reinforced_masonry",
        "building:walls": "brick",
        "name": "Polindes Simpang Empat Sungai Baru",
        "@geometry": "center"
      },
      "geometry": {
        "type": "Point",
        "coordinates": [
          115.1010999,
          -3.9174072
        ]
      },
      "id": "way/654651228"
    },
    {
      "type": "Feature",
      "properties": {
        "@id": "way/654651229",
        "addr:full": "Jl. A. Yani Km 121 Rt 011 Dusun 02",
        "amenity": "clinic",
        "building": "yes",
        "building:roof": "tin",
        "building:structure": "confined_masonry",
        "building:walls": "brick",
        "name": "Puskesmas Asam-asam",
        "@geometry": "center"
      },
      "geometry": {
        "type": "Point",
        "coordinates": [
          115.0911377,
          -3.9012817
        ]
      },
      "id": "way/654651229"
    },
    {
      "type": "Feature",
      "properties": {
        "@id": "way/654651230",
        "addr:full": "Jl. A. Yani Km 121 Rt 011 Dusun 02",
        "amenity": "clinic",
        "building": "yes",
        "building:roof": "tin",
        "building:structure": "confined_masonry",
        "building:walls": "brick",
        "name": "Puskesmas Asam-asam",
        "@geometry": "center"
      },
      "geometry": {
        "type": "Point",
        "coordinates": [
          115.0912431,
          -3.9013689
        ]
      },
      "id": "way/654651230"
    },
    {
      "type": "Feature",
      "properties": {
        "@id": "way/654651231",
        "addr:full": "Jl. A. Yani Km 121 Rt 011 Dusun 02",
        "amenity": "clinic",
        "building": "yes",
        "building:roof": "tin",
        "building:structure": "confined_masonry",
        "building:walls": "brick",
        "name": "Puskesmas Asam-asam",
        "@geometry": "center"
      },
      "geometry": {
        "type": "Point",
        "coordinates": [
          115.0912883,
          -3.901186
        ]
      },
      "id": "way/654651231"
    },
    {
      "type": "Feature",
      "properties": {
        "@id": "way/654849884",
        "addr:full": "Jl. Pembangunan RT.04, Dusun 1, Sungai Riam",
        "amenity": "clinic",
        "building": "yes",
        "building:levels": "1",
        "capacity": "50",
        "name": "Pustu Desa Sungai Riam",
        "@geometry": "center"
      },
      "geometry": {
        "type": "Point",
        "coordinates": [
          114.7300611,
          -3.8765961
        ]
      },
      "id": "way/654849884"
    },
    {
      "type": "Feature",
      "properties": {
        "@id": "way/654852194",
        "addr:full": "Jalam Masjid Ihyauddin RT 9 RW 4 Benua Raya",
        "amenity": "clinic",
        "building": "yes",
        "name": "Posyandu RW 4",
        "@geometry": "center"
      },
      "geometry": {
        "type": "Point",
        "coordinates": [
          114.6991933,
          -3.6097174
        ]
      },
      "id": "way/654852194"
    },
    {
      "type": "Feature",
      "properties": {
        "@id": "way/654853996",
        "addr:full": "Jalan Wisata Batu Lima RT 12 RW 5",
        "amenity": "clinic",
        "building": "yes",
        "name": "Puskemas Pembantu",
        "@geometry": "center"
      },
      "geometry": {
        "type": "Point",
        "coordinates": [
          114.6298513,
          -3.9739377
        ]
      },
      "id": "way/654853996"
    },
    {
      "type": "Feature",
      "properties": {
        "@id": "way/660825406",
        "amenity": "clinic",
        "building": "yes",
        "name": "Puskesmas Pulau Kumbang",
        "@geometry": "center"
      },
      "geometry": {
        "type": "Point",
        "coordinates": [
          109.8422886,
          -1.0787311
        ]
      },
      "id": "way/660825406"
    },
    {
      "type": "Feature",
      "properties": {
        "@id": "way/663186591",
        "amenity": "clinic",
        "building": "yes",
        "name": "Puskesmas Pembantu Keliling Benteng Ilir",
        "short_name": "Pustu Keliling Benteng Ilir",
        "@geometry": "center"
      },
      "geometry": {
        "type": "Point",
        "coordinates": [
          114.7639803,
          -3.3101318
        ]
      },
      "id": "way/663186591"
    },
    {
      "type": "Feature",
      "properties": {
        "@id": "way/666249740",
        "addr:city": "Padang jaya",
        "addr:postcode": "76281",
        "addr:street": "Jl. Alternatif RT. 003",
        "amenity": "clinic",
        "building": "yes",
        "healthcare": "clinic",
        "healthcare:speciality": "general",
        "name": "PUSBAN Desa",
        "operator": "Ministry of Health",
        "operator:en": "Ministry of Health",
        "operator:id": "Kementerian Kesehatan",
        "operator:type": "public",
        "operator:wikidata": "Q12490745",
        "operator:wikipedia": "id:Kementerian Kesehatan Republik Indonesia",
        "@geometry": "center"
      },
      "geometry": {
        "type": "Point",
        "coordinates": [
          116.0624993,
          -1.7967596
        ]
      },
      "id": "way/666249740"
    },
    {
      "type": "Feature",
      "properties": {
        "@id": "way/668406592",
        "amenity": "clinic",
        "building": "yes",
        "name": "Puskesmas Pembantu Spontan",
        "short_name": "Pustu Spontan",
        "@geometry": "center"
      },
      "geometry": {
        "type": "Point",
        "coordinates": [
          116.9503606,
          -0.3870239
        ]
      },
      "id": "way/668406592"
    },
    {
      "type": "Feature",
      "properties": {
        "@id": "way/675947107",
        "amenity": "clinic",
        "building": "yes",
        "name": "Puskesmas Bantuil",
        "@geometry": "center"
      },
      "geometry": {
        "type": "Point",
        "coordinates": [
          114.7731543,
          -3.0246979
        ]
      },
      "id": "way/675947107"
    },
    {
      "type": "Feature",
      "properties": {
        "@id": "way/676150310",
        "amenity": "clinic",
        "building": "yes",
        "building:levels": "1",
        "name": "Puskesmas Lepasan",
        "@geometry": "center"
      },
      "geometry": {
        "type": "Point",
        "coordinates": [
          114.779871,
          -2.979525
        ]
      },
      "id": "way/676150310"
    },
    {
      "type": "Feature",
      "properties": {
        "@id": "way/676155344",
        "amenity": "clinic",
        "building": "yes",
        "name": "Puskesmas Pembantu Pulung Sari",
        "short_name": "Pustu Pulung Sari",
        "@geometry": "center"
      },
      "geometry": {
        "type": "Point",
        "coordinates": [
          117.2993165,
          0.6310969
        ]
      },
      "id": "way/676155344"
    },
    {
      "type": "Feature",
      "properties": {
        "@id": "way/676155346",
        "amenity": "clinic",
        "building": "yes",
        "name": "Puskesmas Rantau Pulung",
        "@geometry": "center"
      },
      "geometry": {
        "type": "Point",
        "coordinates": [
          117.304355,
          0.5919185
        ]
      },
      "id": "way/676155346"
    },
    {
      "type": "Feature",
      "properties": {
        "@id": "way/676155353",
        "amenity": "clinic",
        "building": "yes",
        "name": "Puskesmas Pembantu Kebon Agung",
        "short_name": "Pustu Kebon Agung",
        "@geometry": "center"
      },
      "geometry": {
        "type": "Point",
        "coordinates": [
          117.2802296,
          0.6116838
        ]
      },
      "id": "way/676155353"
    },
    {
      "type": "Feature",
      "properties": {
        "@id": "way/676155355",
        "amenity": "clinic",
        "building": "yes",
        "building:levels": "2",
        "name": "Puskesmas Tepian Baru",
        "@geometry": "center"
      },
      "geometry": {
        "type": "Point",
        "coordinates": [
          117.2953213,
          0.6940136
        ]
      },
      "id": "way/676155355"
    },
    {
      "type": "Feature",
      "properties": {
        "@id": "way/676155356",
        "amenity": "clinic",
        "building": "yes",
        "name": "Puskesmas Pembantu Tepian Indah",
        "short_name": "Pustu Tepian Indah",
        "@geometry": "center"
      },
      "geometry": {
        "type": "Point",
        "coordinates": [
          117.30755,
          0.670831
        ]
      },
      "id": "way/676155356"
    },
    {
      "type": "Feature",
      "properties": {
        "@id": "way/676971366",
        "amenity": "clinic",
        "building": "yes",
        "name": "Puskesmas Pembantu Makassang",
        "short_name": "Pustu Makassang",
        "@geometry": "center"
      },
      "geometry": {
        "type": "Point",
        "coordinates": [
          117.4973141,
          2.1953135
        ]
      },
      "id": "way/676971366"
    },
    {
      "type": "Feature",
      "properties": {
        "@id": "way/678055337",
        "amenity": "pharmacy",
        "building": "yes",
        "name": "Apotek Ngudi Waras",
        "@geometry": "center"
      },
      "geometry": {
        "type": "Point",
        "coordinates": [
          117.2154589,
          3.072202
        ]
      },
      "id": "way/678055337"
    },
    {
      "type": "Feature",
      "properties": {
        "@id": "way/679399771",
        "amenity": "pharmacy",
        "building": "yes",
        "name": "Apotek Kimia Farma Nunukan",
        "@geometry": "center"
      },
      "geometry": {
        "type": "Point",
        "coordinates": [
          117.6546522,
          4.1393358
        ]
      },
      "id": "way/679399771"
    },
    {
      "type": "Feature",
      "properties": {
        "@id": "way/679399773",
        "amenity": "doctors",
        "building": "yes",
        "name": "Praktek dr. M. Tololiu",
        "@geometry": "center"
      },
      "geometry": {
        "type": "Point",
        "coordinates": [
          117.6548916,
          4.1396739
        ]
      },
      "id": "way/679399773"
    },
    {
      "type": "Feature",
      "properties": {
        "@id": "way/679399778",
        "amenity": "pharmacy",
        "building": "yes",
        "name": "Apotek Sehat Selalu 1",
        "@geometry": "center"
      },
      "geometry": {
        "type": "Point",
        "coordinates": [
          117.6531726,
          4.1391435
        ]
      },
      "id": "way/679399778"
    },
    {
      "type": "Feature",
      "properties": {
        "@id": "way/679399796",
        "amenity": "clinic",
        "building": "yes",
        "building:levels": "1",
        "name": "Puskesmas Pembantu Binusan",
        "short_name": "Pustu Binusan",
        "@geometry": "center"
      },
      "geometry": {
        "type": "Point",
        "coordinates": [
          117.6244206,
          4.0870923
        ]
      },
      "id": "way/679399796"
    },
    {
      "type": "Feature",
      "properties": {
        "@id": "way/679407784",
        "amenity": "clinic",
        "building": "yes",
        "name": "Puskesmas Muruk Rian",
        "@geometry": "center"
      },
      "geometry": {
        "type": "Point",
        "coordinates": [
          116.8234073,
          3.5734741
        ]
      },
      "id": "way/679407784"
    },
    {
      "type": "Feature",
      "properties": {
        "@id": "way/679618102",
        "amenity": "clinic",
        "building": "yes",
        "name": "Puskesmas Sesayap Hilir",
        "@geometry": "center"
      },
      "geometry": {
        "type": "Point",
        "coordinates": [
          117.0019193,
          3.5756675
        ]
      },
      "id": "way/679618102"
    },
    {
      "type": "Feature",
      "properties": {
        "@id": "way/679619335",
        "amenity": "clinic",
        "building": "yes",
        "name": "Puskesmas Tanjung Harapan",
        "@geometry": "center"
      },
      "geometry": {
        "type": "Point",
        "coordinates": [
          116.8200626,
          3.7938786
        ]
      },
      "id": "way/679619335"
    },
    {
      "type": "Feature",
      "properties": {
        "@id": "way/679619339",
        "amenity": "clinic",
        "building": "yes",
        "name": "Posyandu Dahlia",
        "@geometry": "center"
      },
      "geometry": {
        "type": "Point",
        "coordinates": [
          116.8291992,
          3.793729
        ]
      },
      "id": "way/679619339"
    },
    {
      "type": "Feature",
      "properties": {
        "@id": "way/679638402",
        "amenity": "clinic",
        "building": "yes",
        "name": "Puskesmas Pembantu Tajan",
        "short_name": "Pustu Tajan",
        "@geometry": "center"
      },
      "geometry": {
        "type": "Point",
        "coordinates": [
          116.5814556,
          3.6148285
        ]
      },
      "id": "way/679638402"
    },
    {
      "type": "Feature",
      "properties": {
        "@id": "way/679638414",
        "amenity": "clinic",
        "building": "yes",
        "name": "Puskesmas Pembantu Salap",
        "short_name": "Pustu Salap",
        "@geometry": "center"
      },
      "geometry": {
        "type": "Point",
        "coordinates": [
          116.6914013,
          3.6557311
        ]
      },
      "id": "way/679638414"
    },
    {
      "type": "Feature",
      "properties": {
        "@id": "way/679992022",
        "amenity": "clinic",
        "building": "yes",
        "name": "Puskesmas Pembantu Sempayang",
        "short_name": "Pustu Sempayang",
        "@geometry": "center"
      },
      "geometry": {
        "type": "Point",
        "coordinates": [
          116.6446196,
          3.5106213
        ]
      },
      "id": "way/679992022"
    },
    {
      "type": "Feature",
      "properties": {
        "@id": "way/679994399",
        "amenity": "clinic",
        "building": "yes",
        "name": "Puskesmas Setulang",
        "@geometry": "center"
      },
      "geometry": {
        "type": "Point",
        "coordinates": [
          116.4993417,
          3.4549475
        ]
      },
      "id": "way/679994399"
    },
    {
      "type": "Feature",
      "properties": {
        "@id": "way/680254121",
        "amenity": "pharmacy",
        "building": "yes",
        "name": "Amiati Farma",
        "@geometry": "center"
      },
      "geometry": {
        "type": "Point",
        "coordinates": [
          116.6485639,
          -1.3703699
        ]
      },
      "id": "way/680254121"
    },
    {
      "type": "Feature",
      "properties": {
        "@id": "way/680254124",
        "amenity": "pharmacy",
        "building": "yes",
        "name": "Apotek Kimia Farma Petung",
        "@geometry": "center"
      },
      "geometry": {
        "type": "Point",
        "coordinates": [
          116.670216,
          -1.3512565
        ]
      },
      "id": "way/680254124"
    },
    {
      "type": "Feature",
      "properties": {
        "@id": "way/684313272",
        "amenity": "hospital",
        "healthcare": "hospital",
        "name": "RS PKT (Kaltim Medika Utama)",
        "@geometry": "center"
      },
      "geometry": {
        "type": "Point",
        "coordinates": [
          117.4704333,
          0.1806111
        ]
      },
      "id": "way/684313272"
    },
    {
      "type": "Feature",
      "properties": {
        "@id": "way/692654482",
        "amenity": "clinic",
        "healthcare": "clinic",
        "name": "Klinik Kesihatan Tawau",
        "operator": "Kementerian Kesihatan Malaysia",
        "operator:short": "KKM",
        "operator:type": "government",
        "operator:wikidata": "Q4294352",
        "@geometry": "center"
      },
      "geometry": {
        "type": "Point",
        "coordinates": [
          117.9154123,
          4.2600836
        ]
      },
      "id": "way/692654482"
    },
    {
      "type": "Feature",
      "properties": {
        "@id": "way/698184221",
        "amenity": "clinic",
        "building": "yes",
        "name": "Puskesmas Pembantu Nenang",
        "short_name": "Pustu Nenang",
        "@geometry": "center"
      },
      "geometry": {
        "type": "Point",
        "coordinates": [
          116.7448269,
          -1.282436
        ]
      },
      "id": "way/698184221"
    },
    {
      "type": "Feature",
      "properties": {
        "@id": "way/702595550",
        "amenity": "clinic",
        "building": "yes",
        "name": "Puskesmas Pembantu Krayan Makmur",
        "short_name": "Pustu Krayan Makmur",
        "@geometry": "center"
      },
      "geometry": {
        "type": "Point",
        "coordinates": [
          116.2402517,
          -1.6150265
        ]
      },
      "id": "way/702595550"
    },
    {
      "type": "Feature",
      "properties": {
        "@id": "way/702595562",
        "amenity": "clinic",
        "building": "yes",
        "name": "Puskesmas Pembantu Teluk Waru",
        "short_name": "Pusban Teluk Waru",
        "@geometry": "center"
      },
      "geometry": {
        "type": "Point",
        "coordinates": [
          116.2985924,
          -1.6483136
        ]
      },
      "id": "way/702595562"
    },
    {
      "type": "Feature",
      "properties": {
        "@id": "way/702595566",
        "amenity": "clinic",
        "building": "yes",
        "name": "Puskesmas Pembantu Muara Adang I",
        "short_name": "Pustu Muara Adang I",
        "@geometry": "center"
      },
      "geometry": {
        "type": "Point",
        "coordinates": [
          116.3322731,
          -1.6416667
        ]
      },
      "id": "way/702595566"
    },
    {
      "type": "Feature",
      "properties": {
        "@id": "way/702595568",
        "amenity": "clinic",
        "building": "yes",
        "name": "Puskesmas Pembantu Krayan Jaya",
        "short_name": "Pusban Krayan Jaya",
        "@geometry": "center"
      },
      "geometry": {
        "type": "Point",
        "coordinates": [
          116.2587954,
          -1.5822678
        ]
      },
      "id": "way/702595568"
    },
    {
      "type": "Feature",
      "properties": {
        "@id": "way/702595569",
        "amenity": "clinic",
        "building": "yes",
        "building:levels": "2",
        "name": "Puskesmas Krayan",
        "@geometry": "center"
      },
      "geometry": {
        "type": "Point",
        "coordinates": [
          116.262981,
          -1.6005885
        ]
      },
      "id": "way/702595569"
    },
    {
      "type": "Feature",
      "properties": {
        "@id": "way/702649825",
        "addr:city": "Banjarmasin",
        "addr:country": "ID",
        "addr:housenumber": "408",
        "addr:street": "Jalan Mayjen Sutoyo S",
        "alt_name": "Rumah Sakit TPT",
        "amenity": "hospital",
        "beds": "131",
        "check_date": "2024-03-03",
        "emergency": "yes",
        "healthcare": "hospital",
        "healthcare:speciality": "urology;dentistry;maternity;paediatrics;neurology;mino;ophthalmology;surgery",
        "name": "Rumah Sakit Tk.III Dr. R.Soedarsono",
        "name:id": "Rumah Sakit Tk.III Dr. R.Soedarsono",
        "official_name": "RS TK.III DR. R.SOEHARSONO",
        "old_name": "Rumah Sakit TPT",
        "operator:type": "public/government/military/for_profit",
        "phone": "+62 511 4368 422",
        "ref": "6371050",
        "@geometry": "center"
      },
      "geometry": {
        "type": "Point",
        "coordinates": [
          114.5648599,
          -3.3235341
        ]
      },
      "id": "way/702649825"
    },
    {
      "type": "Feature",
      "properties": {
        "@id": "way/702649834",
        "addr:housenumber": "6",
        "amenity": "clinic",
        "building": "clinic",
        "healthcare": "clinic",
        "name": "Puskesmas Teluk Dalam",
        "@geometry": "center"
      },
      "geometry": {
        "type": "Point",
        "coordinates": [
          114.579995,
          -3.3219445
        ]
      },
      "id": "way/702649834"
    },
    {
      "type": "Feature",
      "properties": {
        "@id": "way/706400384",
        "addr:city": "Banjarmasin",
        "addr:full": "Jl. S. Parman No. 88 RT. 24, Kota Banjarmasin, Kalimantan Selatan, Indonesia;JALAN LETJEN S. PARMAN, GANG PURNAMA NO.88, PASAR LAMA, BANJARMASIN TENGAH, PS. LAMA, KEC. BANJARMASIN TENGAH, KOTA BANJARMASIN, KALIMANTAN SELATAN 70115",
        "addr:housenumber": "88",
        "addr:postcode": "70115",
        "addr:street": "Jalan S. Parman",
        "amenity": "hospital",
        "beds": "91",
        "emergency": "yes",
        "healthcare": "hospital",
        "healthcare:speciality": "general;surgery;paediatrics;physic;CT_Scan;MRI;radiology;endoscopy",
        "name": "Rumah Sakit Islam Banjarmasin",
        "official_name": "RS ISLAM BANJARMASIN",
        "operator": "Muhammadiyah",
        "phone": "+62 511 3354896",
        "ref": "6371046",
        "start_date": "1972",
        "wikidata": "Q12509084",
        "wikipedia": "id:Rumah Sakit Islam Banjarmasin",
        "@geometry": "center"
      },
      "geometry": {
        "type": "Point",
        "coordinates": [
          114.5895582,
          -3.3073159
        ]
      },
      "id": "way/706400384"
    },
    {
      "type": "Feature",
      "properties": {
        "@id": "way/708005332",
        "amenity": "clinic",
        "healthcare": "clinic",
        "name": "Puskesmas Pekauman",
        "@geometry": "center"
      },
      "geometry": {
        "type": "Point",
        "coordinates": [
          114.5904494,
          -3.3306637
        ]
      },
      "id": "way/708005332"
    },
    {
      "type": "Feature",
      "properties": {
        "@id": "way/708721354",
        "amenity": "clinic",
        "building": "yes",
        "name": "Puskesmas Pembantu Gunung Riut",
        "short_name": "Pustu Gunung Riut",
        "@geometry": "center"
      },
      "geometry": {
        "type": "Point",
        "coordinates": [
          115.6295453,
          -2.1845654
        ]
      },
      "id": "way/708721354"
    },
    {
      "type": "Feature",
      "properties": {
        "@id": "way/708721356",
        "amenity": "clinic",
        "building": "yes",
        "name": "Poskesdes Puyun",
        "@geometry": "center"
      },
      "geometry": {
        "type": "Point",
        "coordinates": [
          115.6620052,
          -2.1925306
        ]
      },
      "id": "way/708721356"
    },
    {
      "type": "Feature",
      "properties": {
        "@id": "way/708731690",
        "amenity": "clinic",
        "building": "yes",
        "name": "Puskesmas Pirsus",
        "@geometry": "center"
      },
      "geometry": {
        "type": "Point",
        "coordinates": [
          115.5918193,
          -2.2244435
        ]
      },
      "id": "way/708731690"
    },
    {
      "type": "Feature",
      "properties": {
        "@id": "way/708740693",
        "amenity": "clinic",
        "building": "yes",
        "name": "Poskesdes Murung Jambu",
        "@geometry": "center"
      },
      "geometry": {
        "type": "Point",
        "coordinates": [
          115.4201499,
          -2.3344072
        ]
      },
      "id": "way/708740693"
    },
    {
      "type": "Feature",
      "properties": {
        "@id": "way/709142406",
        "addr:city": "Kurau",
        "addr:street": "Padang Luas",
        "amenity": "doctors",
        "building": "house",
        "healthcare": "doctor",
        "healthcare:speciality": "general",
        "name": "Bidan Halimah",
        "@geometry": "center"
      },
      "geometry": {
        "type": "Point",
        "coordinates": [
          114.6210402,
          -3.6142123
        ]
      },
      "id": "way/709142406"
    },
    {
      "type": "Feature",
      "properties": {
        "@id": "way/709674119",
        "amenity": "doctors",
        "healthcare": "doctor",
        "name": "Klinik Spesialis Garuda Estetika",
        "@geometry": "center"
      },
      "geometry": {
        "type": "Point",
        "coordinates": [
          114.5968965,
          -3.3200421
        ]
      },
      "id": "way/709674119"
    },
    {
      "type": "Feature",
      "properties": {
        "@id": "way/717858341",
        "addr:city": "Kota Bnjarmasin",
        "addr:full": "Jalan Zafri Zam-Zam No.60, Belitung Sel., Kecamatan Banjarmasin Bar., Kota Banjarmasin, Kalimantan Selatan 70124",
        "amenity": "hospital",
        "beds": "136",
        "check_date": "2024-03-03",
        "healthcare": "hospital",
        "name": "Rumah Sakit Umum Suaka Insan",
        "name:id": "Rumah Sakit Umum Suaka Insan",
        "official_name": "RS UMUM SUAKA INSAN",
        "operator:type": "public",
        "phone": "+62 511 3353335",
        "ref": "6371024",
        "website": "http://rssuakainsan.com/",
        "wikidata": "Q12509102",
        "@geometry": "center"
      },
      "geometry": {
        "type": "Point",
        "coordinates": [
          114.5801353,
          -3.3123631
        ]
      },
      "id": "way/717858341"
    },
    {
      "type": "Feature",
      "properties": {
        "@id": "way/720933355",
        "addr:city": "Banjarmasin",
        "addr:full": "KOMPLEK CITRA LAND JALAN AHMAD YANI KM. 7,8 MANARAP LAMA, PEMURUS DALAM, KEC. KERTAK HANYAR, KOTA BANJARMASIN, KALIMANTAN SELATAN 70654",
        "alt_name": "Rumah Sakit Umum Ciputra Mitra Hospital",
        "amenity": "hospital",
        "beds": "43",
        "healthcare": "hospital",
        "name": "RS Umum Ciputra Mitra Hospital",
        "official_name": "RS UMUM CIPUTRA MITRA HOSPITAL",
        "operator:type": "private",
        "phone": "+62 511 6743999",
        "ref": "6303033",
        "website": "https://www.ciputrahospital.com/",
        "@geometry": "center"
      },
      "geometry": {
        "type": "Point",
        "coordinates": [
          114.6299027,
          -3.3613375
        ]
      },
      "id": "way/720933355"
    },
    {
      "type": "Feature",
      "properties": {
        "@id": "way/725275598",
        "addr:postcode": "77554",
        "addr:street": "JL. Respen Tubu",
        "amenity": "hospital",
        "healthcare": "hospital",
        "healthcare:speciality": "general;dentistry;gynaecology;emergency;radiology;internal;surgery",
        "name": "RSUD MALINAU",
        "operator": "Goverment",
        "operator:type": "government",
        "@geometry": "center"
      },
      "geometry": {
        "type": "Point",
        "coordinates": [
          116.6094135,
          3.6031108
        ]
      },
      "id": "way/725275598"
    },
    {
      "type": "Feature",
      "properties": {
        "@id": "way/726020779",
        "amenity": "clinic",
        "building": "yes",
        "healthcare": "clinic",
        "name": "PKM KAYAN SELATAN",
        "operator": "Ministry of Health",
        "operator:en": "Ministry of Health",
        "operator:id": "Kementerian Kesehatan",
        "operator:wikidata": "Q12490745",
        "operator:wikipedia": "id:Kementerian Kesehatan Republik Indonesia",
        "@geometry": "center"
      },
      "geometry": {
        "type": "Point",
        "coordinates": [
          114.9611448,
          1.7230983
        ]
      },
      "id": "way/726020779"
    },
    {
      "type": "Feature",
      "properties": {
        "@id": "way/726087387",
        "amenity": "hospital",
        "building": "hospital",
        "healthcare": "hospital",
        "name": "Puskesmas Long Alango",
        "@geometry": "center"
      },
      "geometry": {
        "type": "Point",
        "coordinates": [
          115.847029,
          2.9117619
        ]
      },
      "id": "way/726087387"
    },
    {
      "type": "Feature",
      "properties": {
        "@id": "way/726594492",
        "amenity": "clinic",
        "building": "yes",
        "healthcare": "clinic",
        "healthcare:speciality": "general;stomatology",
        "name": "PKM Malinau Utara",
        "operator": "Ministry of Health",
        "operator:en": "Ministry of Health",
        "operator:id": "Kementerian Kesehatan",
        "operator:type": "government",
        "operator:wikidata": "Q12490745",
        "@geometry": "center"
      },
      "geometry": {
        "type": "Point",
        "coordinates": [
          116.6229613,
          3.5976678
        ]
      },
      "id": "way/726594492"
    },
    {
      "type": "Feature",
      "properties": {
        "@id": "way/727096851",
        "amenity": "clinic",
        "building": "yes",
        "healthcare": "clinic",
        "name": "PKM Malinau Kota",
        "@geometry": "center"
      },
      "geometry": {
        "type": "Point",
        "coordinates": [
          116.6264746,
          3.5913515
        ]
      },
      "id": "way/727096851"
    },
    {
      "type": "Feature",
      "properties": {
        "@id": "way/731922347",
        "amenity": "hospital",
        "healthcare": "hospital",
        "name": "Hospital Selangau",
        "operator": "Kementerian Kesihatan Malaysia",
        "operator:wikidata": "Q4294352",
        "@geometry": "center"
      },
      "geometry": {
        "type": "Point",
        "coordinates": [
          112.3289371,
          2.5293974
        ]
      },
      "id": "way/731922347"
    },
    {
      "type": "Feature",
      "properties": {
        "@id": "way/732839336",
        "amenity": "clinic",
        "building": "house",
        "healthcare": "clinic",
        "name": "Pustu Pelita",
        "operator": "Ministry of Health",
        "operator:en": "Ministry of Health",
        "operator:id": "Kementerian Kesehatan",
        "operator:type": "government",
        "operator:wikidata": "Q12490745",
        "@geometry": "center"
      },
      "geometry": {
        "type": "Point",
        "coordinates": [
          116.6129254,
          3.5753222
        ]
      },
      "id": "way/732839336"
    },
    {
      "type": "Feature",
      "properties": {
        "@id": "way/744230361",
        "amenity": "clinic",
        "building": "clinic",
        "healthcare": "clinic",
        "name": "Klinik Pengobatan",
        "@geometry": "center"
      },
      "geometry": {
        "type": "Point",
        "coordinates": [
          109.3915728,
          -0.089022
        ]
      },
      "id": "way/744230361"
    },
    {
      "type": "Feature",
      "properties": {
        "@id": "way/749723296",
        "addr:city": "Balikpapan",
        "addr:full": "Jalan MT Haryono Nomor 23, Damai",
        "addr:street": "Jalan M.T. Haryono",
        "amenity": "hospital",
        "building": "hospital",
        "healthcare": "hospital",
        "name": "Siloam Hospital",
        "operator:type": "private",
        "website": "https://www.siloamhospitals.com/",
        "@geometry": "center"
      },
      "geometry": {
        "type": "Point",
        "coordinates": [
          116.8703304,
          -1.25227
        ]
      },
      "id": "way/749723296"
    },
    {
      "type": "Feature",
      "properties": {
        "@id": "way/758869786",
        "amenity": "clinic",
        "building": "yes",
        "name": "Puskesmas Pembantu Seniung Jaya",
        "short_name": "Pustu Seniung Jaya",
        "@geometry": "center"
      },
      "geometry": {
        "type": "Point",
        "coordinates": [
          116.2246502,
          -2.0221085
        ]
      },
      "id": "way/758869786"
    },
    {
      "type": "Feature",
      "properties": {
        "@id": "way/758876052",
        "amenity": "clinic",
        "building": "yes",
        "name": "Puskesmas Pembantu Suliliran",
        "@geometry": "center"
      },
      "geometry": {
        "type": "Point",
        "coordinates": [
          116.2495485,
          -1.9426675
        ]
      },
      "id": "way/758876052"
    },
    {
      "type": "Feature",
      "properties": {
        "@id": "way/758876057",
        "amenity": "clinic",
        "building": "yes",
        "name": "Puskesmas Pembantu Laburan",
        "short_name": "Pustu Laburan",
        "@geometry": "center"
      },
      "geometry": {
        "type": "Point",
        "coordinates": [
          116.3379832,
          -1.9982352
        ]
      },
      "id": "way/758876057"
    },
    {
      "type": "Feature",
      "properties": {
        "@id": "way/758877525",
        "amenity": "clinic",
        "building": "yes",
        "name": "Polindes Klempang Sari",
        "@geometry": "center"
      },
      "geometry": {
        "type": "Point",
        "coordinates": [
          116.0942591,
          -1.8345177
        ]
      },
      "id": "way/758877525"
    },
    {
      "type": "Feature",
      "properties": {
        "@id": "way/766196378",
        "addr:district": "Kotawaringin Timur",
        "addr:housenumber": "67",
        "addr:province": "Kalimantan Tengah",
        "addr:street": "Pramuka",
        "addr:subdistrict": "Mentawa Baru Ketapang",
        "air_conditioning": "yes",
        "amenity": "clinic",
        "building": "yes",
        "contact:facebook": "https://www.facebook.com/medsos.sampit",
        "healthcare": "clinic",
        "name": "Balai Kekarantinaan Kesehatan Kelas II Sampit",
        "opening_hours": "Mo-Fr 08:00-16:00",
        "operator": "Ministry of Health",
        "operator:en": "Ministry of Health",
        "operator:id": "Kementerian Kesehatan",
        "operator:type": "government",
        "operator:wikidata": "Q12490745",
        "payment:contactless": "yes",
        "phone": "+6285186668848",
        "website": "https://bkksampit.com/",
        "wheelchair": "yes",
        "@geometry": "center"
      },
      "geometry": {
        "type": "Point",
        "coordinates": [
          112.9350918,
          -2.536306
        ]
      },
      "id": "way/766196378"
    },
    {
      "type": "Feature",
      "properties": {
        "@id": "way/782553655",
        "amenity": "hospital",
        "healthcare": "hospital",
        "name": "RSUD Sekadau",
        "@geometry": "center"
      },
      "geometry": {
        "type": "Point",
        "coordinates": [
          110.9242886,
          -0.0029063
        ]
      },
      "id": "way/782553655"
    },
    {
      "type": "Feature",
      "properties": {
        "@id": "way/782605318",
        "addr:city": "Kota Balikpapan",
        "addr:full": "Jalan MT Haryono Jl. Sepinggan Baru No.45, Sepinggan, Kecamatan Balikpapan Selatan, Kota Balikpapan, Kalimantan Timur 76114",
        "amenity": "hospital",
        "healthcare": "hospital",
        "name": "RS Hermina Balikpapan",
        "operator:type": "private",
        "website": "https://herminahospitals.com/",
        "@geometry": "center"
      },
      "geometry": {
        "type": "Point",
        "coordinates": [
          116.8744691,
          -1.2297884
        ]
      },
      "id": "way/782605318"
    },
    {
      "type": "Feature",
      "properties": {
        "@id": "way/782883580",
        "addr:city": "Tarakan",
        "addr:full": "Jalan Pulau Irian No.1 Tarakan Tengah",
        "amenity": "hospital",
        "emergency": "yes",
        "healthcare": "hospital",
        "name": "RSUD Dr. Jusuf SK",
        "operator": "Dinas Kesehatan Provinsi Kalimantan Utara",
        "operator:type": "government",
        "@geometry": "center"
      },
      "geometry": {
        "type": "Point",
        "coordinates": [
          117.6048287,
          3.3180371
        ]
      },
      "id": "way/782883580"
    },
    {
      "type": "Feature",
      "properties": {
        "@id": "way/782895753",
        "addr:city": "Pontianak",
        "addr:full": "Jalan KH. Wahid Hasyim Nomor 249",
        "amenity": "hospital",
        "healthcare": "hospital",
        "name": "Rumah Sakit Santo Antonius",
        "operator:type": "private",
        "website": "https://www.rs-antonius.com/",
        "@geometry": "center"
      },
      "geometry": {
        "type": "Point",
        "coordinates": [
          109.327223,
          -0.0203023
        ]
      },
      "id": "way/782895753"
    },
    {
      "type": "Feature",
      "properties": {
        "@id": "way/782905973",
        "addr:full": "Jalan Komodor Yos Sudarso",
        "amenity": "hospital",
        "healthcare": "hospital",
        "name": "RSUD Sultan Syarif Mohamad Alkadrie",
        "operator:type": "government",
        "website": "https://rsud.pontianakkota.go.id/page/utama.php",
        "@geometry": "center"
      },
      "geometry": {
        "type": "Point",
        "coordinates": [
          109.2940629,
          -0.0092788
        ]
      },
      "id": "way/782905973"
    },
    {
      "type": "Feature",
      "properties": {
        "@id": "way/782909613",
        "addr:city": "Kota Balikpapan",
        "addr:full": "Jalan Mayjend Sutoyo, Klandasan Ilir, Balikpapan Kota, Kota Balikpapan, Kalimantan Timur 76113",
        "addr:housenumber": "30",
        "addr:street": "Jalan Mayjen Sutoyo",
        "amenity": "hospital",
        "emergency": "yes",
        "healthcare": "hospital",
        "healthcare:speciality": "general",
        "name": "RSUD Beriman Balikpapan",
        "operator:type": "government",
        "website": "rsud.balikpapan.go.id",
        "@geometry": "center"
      },
      "geometry": {
        "type": "Point",
        "coordinates": [
          116.8476735,
          -1.2637336
        ]
      },
      "id": "way/782909613"
    },
    {
      "type": "Feature",
      "properties": {
        "@id": "way/783003606",
        "amenity": "hospital",
        "building": "hospital",
        "healthcare": "hospital",
        "name": "Pavilyun Gemma RS Dirgahayu",
        "@geometry": "center"
      },
      "geometry": {
        "type": "Point",
        "coordinates": [
          117.1370493,
          -0.4965587
        ]
      },
      "id": "way/783003606"
    },
    {
      "type": "Feature",
      "properties": {
        "@id": "way/783009447",
        "addr:city": "Samarinda",
        "addr:full": "Jalan Teuku Umar No.Kelurahan, RT.34, Karang Asam Ilir, Kec. Sungai Kunjang, Kota Samarinda, Kalimantan Timur 75126",
        "amenity": "hospital",
        "healthcare": "hospital",
        "name": "RS Hermina Samarinda",
        "operator:type": "private",
        "website": "https://herminahospitals.com/",
        "@geometry": "center"
      },
      "geometry": {
        "type": "Point",
        "coordinates": [
          117.1092158,
          -0.5074309
        ]
      },
      "id": "way/783009447"
    },
    {
      "type": "Feature",
      "properties": {
        "@id": "way/783019702",
        "addr:city": "Ketapang",
        "addr:full": "Jalan DI Panjaitan No.51, Sampit, Delta Pawan, Kabupaten Ketapang, Kalimantan Barat 78811",
        "amenity": "hospital",
        "healthcare": "hospital",
        "name": "RSUD Dr. Agoesdjam Ketapang",
        "operator:type": "government",
        "phone": "+62 534 3037239",
        "website": "https://www.rsudagoesdjam.com/",
        "@geometry": "center"
      },
      "geometry": {
        "type": "Point",
        "coordinates": [
          109.9675982,
          -1.83206
        ]
      },
      "id": "way/783019702"
    },
    {
      "type": "Feature",
      "properties": {
        "@id": "way/783791527",
        "addr:city": "Kota Palangkaraya",
        "addr:full": "Jalan Tambun Bungai No.04, Langkai, Kecamatan Pahandut, Kota Palangka Raya, Kalimantan Tengah 73111",
        "addr:housenumber": "4",
        "addr:postcode": "73111",
        "addr:street": "Jalan Tambun Bungai",
        "amenity": "hospital",
        "healthcare": "hospital",
        "name": "RSUD Dr. Doris Sylvanus",
        "operator:type": "government",
        "phone": "+62 536 3224695",
        "wikidata": "Q110240903",
        "wikipedia": "id:Rumah Sakit Umum Daerah dr. Doris Sylvanus",
        "@geometry": "center"
      },
      "geometry": {
        "type": "Point",
        "coordinates": [
          113.9222168,
          -2.2106921
        ]
      },
      "id": "way/783791527"
    },
    {
      "type": "Feature",
      "properties": {
        "@id": "way/783808309",
        "addr:city": "Balikpapan",
        "addr:full": "Jalan MT. Haryono No. 656 Balikpapan",
        "addr:street": "Jl. M.T. Haryono",
        "amenity": "hospital",
        "healthcare": "hospital",
        "name": "RSUD Dr. Kanujoso Djatiwibowo Balikpapan",
        "operator:type": "government",
        "@geometry": "center"
      },
      "geometry": {
        "type": "Point",
        "coordinates": [
          116.868896,
          -1.2240175
        ]
      },
      "id": "way/783808309"
    },
    {
      "type": "Feature",
      "properties": {
        "@id": "way/783869580",
        "addr:city": "Kota Pontianak",
        "addr:full": "Komplek Pontianak Mall, Jalan Gusti Sulung Lelanang Blok E-A No.2-5, Kelurahan Darat Sekip, Kecamatan Pontianak Kota",
        "addr:postcode": "78117",
        "amenity": "hospital",
        "building": "hospital",
        "contact:fax": "+62 561 738692",
        "contact:phone": "+62 561 739042",
        "healthcare": "hospital",
        "name": "Promedika Hospital",
        "opening_hours": "24/7",
        "operator:type": "private",
        "@geometry": "center"
      },
      "geometry": {
        "type": "Point",
        "coordinates": [
          109.3365366,
          -0.031321
        ]
      },
      "id": "way/783869580"
    },
    {
      "type": "Feature",
      "properties": {
        "@id": "way/784144839",
        "addr:city": "Kubu Raya",
        "addr:full": "Jalan Adi Sucipto KM.6,5, Sungai Raya, Kubu Raya, Kabupaten Kubu Raya, Kalimantan Barat 78117",
        "amenity": "hospital",
        "healthcare": "hospital",
        "name": "RS TK II Kartika Husada",
        "operator:type": "government",
        "website": "https://www.rskartikahusada.com/",
        "@geometry": "center"
      },
      "geometry": {
        "type": "Point",
        "coordinates": [
          109.3770276,
          -0.0704254
        ]
      },
      "id": "way/784144839"
    },
    {
      "type": "Feature",
      "properties": {
        "@id": "way/784184159",
        "addr:city": "Palangka Raya",
        "addr:full": "Jalan Tjilik Riwut km 6.5, Palangka Raya, Kalimantan Tengah",
        "amenity": "hospital",
        "healthcare": "hospital",
        "name": "RS Awal Bros Palangka Raya",
        "operator:type": "private",
        "website": "https://awalbros.com/branch/palangkaraya/",
        "@geometry": "center"
      },
      "geometry": {
        "type": "Point",
        "coordinates": [
          113.8721663,
          -2.171967
        ]
      },
      "id": "way/784184159"
    },
    {
      "type": "Feature",
      "properties": {
        "@id": "way/784433493",
        "amenity": "hospital",
        "building": "hospital",
        "healthcare": "hospital",
        "name": "Perawatan Anak St Theresia RS Dirgahayu",
        "@geometry": "center"
      },
      "geometry": {
        "type": "Point",
        "coordinates": [
          117.1372418,
          -0.4969864
        ]
      },
      "id": "way/784433493"
    },
    {
      "type": "Feature",
      "properties": {
        "@id": "way/784723170",
        "addr:city": "Balikpapan",
        "addr:full": "Jalan Ahmad Yani No.12, Gunungsari Ilir, Balikpapan Tengah, Kota Balikpapan, Kalimantan Timur 76122",
        "amenity": "hospital",
        "healthcare": "hospital",
        "name": "Rumah Sakit Restu Ibu",
        "name:en": "Restu Ibu Hospital",
        "name:id": "Rumah Sakit Restu Ibu",
        "operator:type": "private",
        "website": "https://rumahsakitrestuibubalikpapan.business.site/",
        "@geometry": "center"
      },
      "geometry": {
        "type": "Point",
        "coordinates": [
          116.8371853,
          -1.2723639
        ]
      },
      "id": "way/784723170"
    },
    {
      "type": "Feature",
      "properties": {
        "@id": "way/784745966",
        "addr:city": "Pontianak",
        "addr:full": "Jalan Jenderal Ahmad Yani, Bangka Belitung Darat, Pontianak Tenggara, Kota Pontianak, Kalimantan Barat 78124",
        "amenity": "hospital",
        "healthcare": "hospital",
        "name": "Rumah Sakit Anugerah Bunda Khatulistiwa",
        "operator:type": "private",
        "@geometry": "center"
      },
      "geometry": {
        "type": "Point",
        "coordinates": [
          109.3551063,
          -0.0613995
        ]
      },
      "id": "way/784745966"
    },
    {
      "type": "Feature",
      "properties": {
        "@id": "way/787325439",
        "addr:city": "Simboro",
        "amenity": "hospital",
        "healthcare": "hospital",
        "name": "Rumah Sakit Umum Daerah Provinsi Sulawesi Barat",
        "@geometry": "center"
      },
      "geometry": {
        "type": "Point",
        "coordinates": [
          118.8624108,
          -2.6906197
        ]
      },
      "id": "way/787325439"
    },
    {
      "type": "Feature",
      "properties": {
        "@id": "way/787448216",
        "addr:city": "Sintang",
        "addr:street": "Pattimura",
        "amenity": "hospital",
        "healthcare": "hospital",
        "name": "Rumah sakit umum daerah, ADE MOEHAMAD DJOEN",
        "@geometry": "center"
      },
      "geometry": {
        "type": "Point",
        "coordinates": [
          111.4963225,
          0.0782778
        ]
      },
      "id": "way/787448216"
    },
    {
      "type": "Feature",
      "properties": {
        "@id": "way/788280659",
        "amenity": "hospital",
        "healthcare": "hospital",
        "@geometry": "center"
      },
      "geometry": {
        "type": "Point",
        "coordinates": [
          116.1806719,
          -1.8726185
        ]
      },
      "id": "way/788280659"
    },
    {
      "type": "Feature",
      "properties": {
        "@id": "way/788280684",
        "addr:city": "Kabupaten Paser, Kalimantan Timur",
        "addr:housenumber": "2",
        "addr:postcode": "76251",
        "addr:street": "Jalan Cipto Mangunkusimo No.2, Tepian Batang, Tanah Grogot",
        "amenity": "hospital",
        "emergency": "yes",
        "healthcare": "hospital",
        "healthcare:speciality": "general",
        "name": "RSUD Panglima Sebaya",
        "@geometry": "center"
      },
      "geometry": {
        "type": "Point",
        "coordinates": [
          116.1797038,
          -1.8732512
        ]
      },
      "id": "way/788280684"
    },
    {
      "type": "Feature",
      "properties": {
        "@id": "way/788772803",
        "addr:city": "Amuntai",
        "addr:street": "Jl. Basuki Rahmat",
        "amenity": "hospital",
        "emergency": "yes",
        "healthcare": "hospital",
        "healthcare:speciality": "general;radiology;dentistry;emergency;surgery",
        "name": "Rumah Sakit Pembalah Batung",
        "@geometry": "center"
      },
      "geometry": {
        "type": "Point",
        "coordinates": [
          115.2546905,
          -2.4173098
        ]
      },
      "id": "way/788772803"
    },
    {
      "type": "Feature",
      "properties": {
        "@id": "way/789009026",
        "addr:city": "Banjarmasin",
        "addr:full": "Jl. A. Yani Km. 4,5, Kota Banjarmasin, Kalimantan Selatan",
        "addr:housenumber": "73",
        "addr:postcode": "70235",
        "addr:street": "Jalan Ahmad Yani",
        "amenity": "hospital",
        "beds": "31",
        "emergency": "yes",
        "healthcare": "hospital",
        "healthcare:speciality": "surgery;radiology;dentistry;lab;endoscopy;MRI;cT_Scan;urology;traumatology;heart;general;anesthetiology;orthopaedics;dermatology;neurology;ophthalmology;gynaecology;obsteryology;pathology",
        "name": "Rumah Sakit Khusus Bedah Siaga",
        "official_name": "RS KHUSUS BEDAH BANJARMASIN SIAGA",
        "phone": "+62 511 3267532",
        "ref": "6371130",
        "short_name": "RSKB",
        "website": "https://rsbedahsiaga.co.id/",
        "wikidata": "Q12509088",
        "wikipedia": "id:Rumah Sakit Khusus Bedah Siaga",
        "@geometry": "center"
      },
      "geometry": {
        "type": "Point",
        "coordinates": [
          114.6176381,
          -3.3369445
        ]
      },
      "id": "way/789009026"
    },
    {
      "type": "Feature",
      "properties": {
        "@id": "way/791237110",
        "addr:city": "Tanjung Selor, Kabupaten Bulungan Kalimantan Utara",
        "addr:housenumber": "055221118",
        "addr:postcode": "77212",
        "addr:street": "Jalan Cendrawasih",
        "amenity": "hospital",
        "emergency": "yes",
        "healthcare": "hospital",
        "healthcare:speciality": "general;emergency",
        "internet_access": "yes",
        "name": "RSU Tanjung Selor",
        "operator": "Pemerintah Kabupaten Bulungan",
        "operator:type": "government",
        "@geometry": "center"
      },
      "geometry": {
        "type": "Point",
        "coordinates": [
          117.3808211,
          2.83069
        ]
      },
      "id": "way/791237110"
    },
    {
      "type": "Feature",
      "properties": {
        "@id": "way/791427699",
        "addr:city": "Banjarmasin",
        "addr:full": "JL. SIMPANG ULIN NO.28, SUNGAI BARU, KEC. BANJARMASIN TENGAH, KOTA BANJARMASIN, KALIMANTAN SELATAN 70122",
        "addr:housenumber": "28",
        "addr:postcode": "70232",
        "addr:street": "Jalan Simpang Ulin",
        "amenity": "hospital",
        "beds": "12",
        "healthcare": "hospital",
        "healthcare:speciality": "dentistry",
        "name": "Rumah Sakit Gigi Mulut Gusti Hasan Aman",
        "official_name": "RS KHUSUS GIGI DAN MULUT GUSTI HASAN AMAN",
        "phone": "+62 511 6777515",
        "ref": "6371153",
        "short_name": "RSGM Gusti Hasan Aman",
        "@geometry": "center"
      },
      "geometry": {
        "type": "Point",
        "coordinates": [
          114.6019017,
          -3.321995
        ]
      },
      "id": "way/791427699"
    },
    {
      "type": "Feature",
      "properties": {
        "@id": "way/794603687",
        "addr:full": "Jalan Dr. Sutomo No.59 Singkawang",
        "amenity": "pharmacy",
        "building": "pharmacy",
        "name": "Apotek Sun Farma",
        "@geometry": "center"
      },
      "geometry": {
        "type": "Point",
        "coordinates": [
          108.972754,
          0.8945518
        ]
      },
      "id": "way/794603687"
    },
    {
      "type": "Feature",
      "properties": {
        "@id": "way/794607896",
        "amenity": "pharmacy",
        "building": "pharmacy",
        "name": "Apotek Kimia Farma",
        "@geometry": "center"
      },
      "geometry": {
        "type": "Point",
        "coordinates": [
          111.6376181,
          -2.6929046
        ]
      },
      "id": "way/794607896"
    },
    {
      "type": "Feature",
      "properties": {
        "@id": "way/798939440",
        "amenity": "hospital",
        "healthcare": "hospital",
        "name": "Hospital Building",
        "@geometry": "center"
      },
      "geometry": {
        "type": "Point",
        "coordinates": [
          116.1787273,
          -1.8734908
        ]
      },
      "id": "way/798939440"
    },
    {
      "type": "Feature",
      "properties": {
        "@id": "way/798939441",
        "amenity": "hospital",
        "healthcare": "hospital",
        "name": "Hospital Building",
        "@geometry": "center"
      },
      "geometry": {
        "type": "Point",
        "coordinates": [
          116.1795614,
          -1.8725492
        ]
      },
      "id": "way/798939441"
    },
    {
      "type": "Feature",
      "properties": {
        "@id": "way/818234940",
        "amenity": "clinic",
        "building": "yes",
        "name": "Puskesmas Puring Kencana",
        "@geometry": "center"
      },
      "geometry": {
        "type": "Point",
        "coordinates": [
          111.6106336,
          0.9762189
        ]
      },
      "id": "way/818234940"
    },
    {
      "type": "Feature",
      "properties": {
        "@id": "way/820166531",
        "amenity": "clinic",
        "building": "yes",
        "name": "Poskesdes Sengkaruh",
        "office": "government",
        "@geometry": "center"
      },
      "geometry": {
        "type": "Point",
        "coordinates": [
          109.5793901,
          0.7809454
        ]
      },
      "id": "way/820166531"
    },
    {
      "type": "Feature",
      "properties": {
        "@id": "way/821733634",
        "amenity": "clinic",
        "building": "yes",
        "name": "Puskesmas Manggala",
        "@geometry": "center"
      },
      "geometry": {
        "type": "Point",
        "coordinates": [
          111.7994811,
          -0.4534958
        ]
      },
      "id": "way/821733634"
    },
    {
      "type": "Feature",
      "properties": {
        "@id": "way/839296704",
        "amenity": "clinic",
        "healthcare": "clinic",
        "name": "Puskesmas Tambang Ulang",
        "@geometry": "center"
      },
      "geometry": {
        "type": "Point",
        "coordinates": [
          114.7283574,
          -3.6921145
        ]
      },
      "id": "way/839296704"
    },
    {
      "type": "Feature",
      "properties": {
        "@id": "way/850016686",
        "amenity": "clinic",
        "building": "yes",
        "healthcare": "clinic",
        "name": "Griya Bunda Sehat",
        "@geometry": "center"
      },
      "geometry": {
        "type": "Point",
        "coordinates": [
          116.9385137,
          -1.2392299
        ]
      },
      "id": "way/850016686"
    },
    {
      "type": "Feature",
      "properties": {
        "@id": "way/859186754",
        "addr:housenumber": "13",
        "addr:street": "Jalan Tambong",
        "amenity": "hospital",
        "emergency": "yes",
        "healthcare": "hospital",
        "healthcare:speciality": "dentistry",
        "name": "doctors",
        "@geometry": "center"
      },
      "geometry": {
        "type": "Point",
        "coordinates": [
          116.4610559,
          -1.5362192
        ]
      },
      "id": "way/859186754"
    },
    {
      "type": "Feature",
      "properties": {
        "@id": "way/860583263",
        "addr:city": "Banjarbaru",
        "addr:street": "Jalan Trikora",
        "amenity": "hospital",
        "emergency": "yes",
        "healthcare": "hospital",
        "healthcare:speciality": "gynaecology",
        "name": "Rumah Sakit Umum Daerah Idaman Banjarbaru",
        "wheelchair": "yes",
        "@geometry": "center"
      },
      "geometry": {
        "type": "Point",
        "coordinates": [
          114.8011481,
          -3.4606478
        ]
      },
      "id": "way/860583263"
    },
    {
      "type": "Feature",
      "properties": {
        "@id": "way/878197691",
        "amenity": "hospital",
        "healthcare": "hospital",
        "name": "Hospital Serian",
        "name:zh": "西连医院",
        "note": "#mapdemicutm20",
        "operator": "Kementerian Kesihatan Malaysia",
        "operator:wikidata": "Q4294352",
        "operator:wikipedia": "en:Ministry of Health (Malaysia)",
        "source": "local knowledge",
        "@geometry": "center"
      },
      "geometry": {
        "type": "Point",
        "coordinates": [
          110.5631937,
          1.1753483
        ]
      },
      "id": "way/878197691"
    },
    {
      "type": "Feature",
      "properties": {
        "@id": "way/886397852",
        "amenity": "hospital",
        "healthcare": "hospital",
        "name": "Hospital Kapit",
        "@geometry": "center"
      },
      "geometry": {
        "type": "Point",
        "coordinates": [
          112.9426798,
          2.013903
        ]
      },
      "id": "way/886397852"
    },
    {
      "type": "Feature",
      "properties": {
        "@id": "way/886693716",
        "amenity": "hospital",
        "name": "RSUD MTH Djaman, Sanggau",
        "name:en": "General Hospital Sanggau",
        "@geometry": "center"
      },
      "geometry": {
        "type": "Point",
        "coordinates": [
          110.5892425,
          0.1207711
        ]
      },
      "id": "way/886693716"
    },
    {
      "type": "Feature",
      "properties": {
        "@id": "way/889404283",
        "amenity": "clinic",
        "building": "yes",
        "name": "Puskesmas Pembantu Legai",
        "short_name": "Pustu Legai",
        "@geometry": "center"
      },
      "geometry": {
        "type": "Point",
        "coordinates": [
          115.9325047,
          -1.8710255
        ]
      },
      "id": "way/889404283"
    },
    {
      "type": "Feature",
      "properties": {
        "@id": "way/889424328",
        "amenity": "clinic",
        "building": "yes",
        "name": "Puskesmas Limpasu",
        "@geometry": "center"
      },
      "geometry": {
        "type": "Point",
        "coordinates": [
          115.4896964,
          -2.489522
        ]
      },
      "id": "way/889424328"
    },
    {
      "type": "Feature",
      "properties": {
        "@id": "way/889451330",
        "amenity": "clinic",
        "building": "yes",
        "name": "Poskesdes Sumanggi Seberang",
        "@geometry": "center"
      },
      "geometry": {
        "type": "Point",
        "coordinates": [
          115.3830618,
          -2.5155874
        ]
      },
      "id": "way/889451330"
    },
    {
      "type": "Feature",
      "properties": {
        "@id": "way/889451343",
        "amenity": "clinic",
        "building": "yes",
        "name": "Puskesmas Pembantu Ayuang",
        "short_name": "Pustu Ayuang",
        "@geometry": "center"
      },
      "geometry": {
        "type": "Point",
        "coordinates": [
          115.3874405,
          -2.5442703
        ]
      },
      "id": "way/889451343"
    },
    {
      "type": "Feature",
      "properties": {
        "@id": "way/889451355",
        "amenity": "clinic",
        "building": "yes",
        "name": "Poskesdes Pulau Damar",
        "@geometry": "center"
      },
      "geometry": {
        "type": "Point",
        "coordinates": [
          115.3824894,
          -2.4430569
        ]
      },
      "id": "way/889451355"
    },
    {
      "type": "Feature",
      "properties": {
        "@id": "way/889464169",
        "amenity": "clinic",
        "building": "yes",
        "name": "Puskesmas Taras Padang",
        "@geometry": "center"
      },
      "geometry": {
        "type": "Point",
        "coordinates": [
          115.3610548,
          -2.627009
        ]
      },
      "id": "way/889464169"
    },
    {
      "type": "Feature",
      "properties": {
        "@id": "way/890746211",
        "amenity": "clinic",
        "building": "yes",
        "name": "Puskesmas Kambat Utara",
        "@geometry": "center"
      },
      "geometry": {
        "type": "Point",
        "coordinates": [
          115.3431993,
          -2.5321667
        ]
      },
      "id": "way/890746211"
    },
    {
      "type": "Feature",
      "properties": {
        "@id": "way/890746231",
        "amenity": "clinic",
        "building": "yes",
        "name": "Langgar Darul Falah",
        "@geometry": "center"
      },
      "geometry": {
        "type": "Point",
        "coordinates": [
          115.3470797,
          -2.5332381
        ]
      },
      "id": "way/890746231"
    },
    {
      "type": "Feature",
      "properties": {
        "@id": "way/890797675",
        "amenity": "clinic",
        "building": "yes",
        "name": "Puskesmas Barikin",
        "@geometry": "center"
      },
      "geometry": {
        "type": "Point",
        "coordinates": [
          115.3271074,
          -2.6820268
        ]
      },
      "id": "way/890797675"
    },
    {
      "type": "Feature",
      "properties": {
        "@id": "way/891745527",
        "amenity": "clinic",
        "building": "yes",
        "name": "Poskesdes Hamak",
        "@geometry": "center"
      },
      "geometry": {
        "type": "Point",
        "coordinates": [
          115.366182,
          -2.7480766
        ]
      },
      "id": "way/891745527"
    },
    {
      "type": "Feature",
      "properties": {
        "@id": "way/891745538",
        "amenity": "clinic",
        "building": "yes",
        "name": "Puskesmas Telaga Langsat",
        "@geometry": "center"
      },
      "geometry": {
        "type": "Point",
        "coordinates": [
          115.3359626,
          -2.7355514
        ]
      },
      "id": "way/891745538"
    },
    {
      "type": "Feature",
      "properties": {
        "@id": "way/899719426",
        "amenity": "clinic",
        "building": "yes",
        "name": "Poskesdes Matang Lurus",
        "@geometry": "center"
      },
      "geometry": {
        "type": "Point",
        "coordinates": [
          115.3189,
          -2.4014732
        ]
      },
      "id": "way/899719426"
    },
    {
      "type": "Feature",
      "properties": {
        "@id": "way/900975866",
        "amenity": "clinic",
        "building": "yes",
        "name": "Puskesmas Pembantu Ambakiang",
        "short_name": "Pustu Ambakiang",
        "@geometry": "center"
      },
      "geometry": {
        "type": "Point",
        "coordinates": [
          115.5744585,
          -2.3958069
        ]
      },
      "id": "way/900975866"
    },
    {
      "type": "Feature",
      "properties": {
        "@id": "way/900998895",
        "amenity": "clinic",
        "building": "yes",
        "name": "Poskesdes Mantuyan",
        "@geometry": "center"
      },
      "geometry": {
        "type": "Point",
        "coordinates": [
          115.6773937,
          -2.3300155
        ]
      },
      "id": "way/900998895"
    },
    {
      "type": "Feature",
      "properties": {
        "@id": "way/901002691",
        "amenity": "clinic",
        "building": "yes",
        "name": "Poskesdes Telaga Purun",
        "@geometry": "center"
      },
      "geometry": {
        "type": "Point",
        "coordinates": [
          115.5393251,
          -2.3771008
        ]
      },
      "id": "way/901002691"
    },
    {
      "type": "Feature",
      "properties": {
        "@id": "way/901020942",
        "amenity": "clinic",
        "building": "yes",
        "name": "Puskesmas Tebing Tinggi",
        "@geometry": "center"
      },
      "geometry": {
        "type": "Point",
        "coordinates": [
          115.6150425,
          -2.4389183
        ]
      },
      "id": "way/901020942"
    },
    {
      "type": "Feature",
      "properties": {
        "@id": "way/901051552",
        "amenity": "clinic",
        "building": "yes",
        "name": "Puskesmas Pembantu Kedondong",
        "short_name": "Pustu Kedondong",
        "@geometry": "center"
      },
      "geometry": {
        "type": "Point",
        "coordinates": [
          115.5098924,
          -2.4208752
        ]
      },
      "id": "way/901051552"
    },
    {
      "type": "Feature",
      "properties": {
        "@id": "way/902622196",
        "amenity": "clinic",
        "healthcare": "clinic",
        "name": "Klinik Kesihatan Kota Sentosa",
        "operator": "Kementerian Kesihatan Malaysia",
        "operator:short": "KKM",
        "operator:wikidata": "Q4294352",
        "operator:wikipedia": "en:Ministry of Health (Malaysia)",
        "source": "https://openstreetcam.org/details/2718778/911",
        "@geometry": "center"
      },
      "geometry": {
        "type": "Point",
        "coordinates": [
          110.3337723,
          1.4642898
        ]
      },
      "id": "way/902622196"
    },
    {
      "type": "Feature",
      "properties": {
        "@id": "way/905269640",
        "amenity": "hospital",
        "healthcare": "hospital",
        "name": "Columbia Asia Hospital",
        "@geometry": "center"
      },
      "geometry": {
        "type": "Point",
        "coordinates": [
          113.0858715,
          3.2331476
        ]
      },
      "id": "way/905269640"
    },
    {
      "type": "Feature",
      "properties": {
        "@id": "way/915916197",
        "amenity": "clinic",
        "building": "yes",
        "name": "Rumah Sunat Bintang",
        "@geometry": "center"
      },
      "geometry": {
        "type": "Point",
        "coordinates": [
          115.316319,
          -2.6351926
        ]
      },
      "id": "way/915916197"
    },
    {
      "type": "Feature",
      "properties": {
        "@id": "way/916165452",
        "amenity": "hospital",
        "emergency": "yes",
        "healthcare": "hospital",
        "name": "Pusat Jantung Sarawak (PJS)",
        "source": "Mapbox",
        "@geometry": "center"
      },
      "geometry": {
        "type": "Point",
        "coordinates": [
          110.4197994,
          1.4802075
        ]
      },
      "id": "way/916165452"
    },
    {
      "type": "Feature",
      "properties": {
        "@id": "way/916887554",
        "addr:street": "Pagat, Batu Benawa, Kabupaten Hulu Sungai Tengah, Kalimantan Selatan 71371",
        "amenity": "doctors",
        "building": "yes",
        "healthcare": "doctor",
        "name": "Praktek Dokter Umum Dr. Shinta Mirani",
        "@geometry": "center"
      },
      "geometry": {
        "type": "Point",
        "coordinates": [
          115.4206952,
          -2.6239196
        ]
      },
      "id": "way/916887554"
    },
    {
      "type": "Feature",
      "properties": {
        "@id": "way/917694607",
        "amenity": "clinic",
        "building": "yes",
        "name": "Klinik",
        "@geometry": "center"
      },
      "geometry": {
        "type": "Point",
        "coordinates": [
          115.0879862,
          -2.9464365
        ]
      },
      "id": "way/917694607"
    },
    {
      "type": "Feature",
      "properties": {
        "@id": "way/918149429",
        "amenity": "clinic",
        "building": "yes",
        "name": "Puskesmas",
        "@geometry": "center"
      },
      "geometry": {
        "type": "Point",
        "coordinates": [
          115.0019333,
          -2.8519649
        ]
      },
      "id": "way/918149429"
    },
    {
      "type": "Feature",
      "properties": {
        "@id": "way/918529072",
        "amenity": "clinic",
        "building": "hospital",
        "name": "Puskesmas",
        "@geometry": "center"
      },
      "geometry": {
        "type": "Point",
        "coordinates": [
          115.1875247,
          -3.0491927
        ]
      },
      "id": "way/918529072"
    },
    {
      "type": "Feature",
      "properties": {
        "@id": "way/918758548",
        "amenity": "clinic",
        "building": "hospital",
        "name": "Puskesmas",
        "@geometry": "center"
      },
      "geometry": {
        "type": "Point",
        "coordinates": [
          115.2786697,
          -2.9582812
        ]
      },
      "id": "way/918758548"
    },
    {
      "type": "Feature",
      "properties": {
        "@id": "way/918809657",
        "amenity": "clinic",
        "building": "yes",
        "name": "Klinik",
        "@geometry": "center"
      },
      "geometry": {
        "type": "Point",
        "coordinates": [
          115.0102313,
          -2.8538999
        ]
      },
      "id": "way/918809657"
    },
    {
      "type": "Feature",
      "properties": {
        "@id": "way/919137626",
        "amenity": "clinic",
        "building": "yes",
        "name": "Puskesmas Baringin",
        "@geometry": "center"
      },
      "geometry": {
        "type": "Point",
        "coordinates": [
          114.9377643,
          -2.8931306
        ]
      },
      "id": "way/919137626"
    },
    {
      "type": "Feature",
      "properties": {
        "@id": "way/919233322",
        "amenity": "clinic",
        "building": "yes",
        "name": "Klinik",
        "@geometry": "center"
      },
      "geometry": {
        "type": "Point",
        "coordinates": [
          114.9375445,
          -2.8793191
        ]
      },
      "id": "way/919233322"
    },
    {
      "type": "Feature",
      "properties": {
        "@id": "way/919710467",
        "amenity": "hospital",
        "building": "yes",
        "name": "Poskesdes",
        "@geometry": "center"
      },
      "geometry": {
        "type": "Point",
        "coordinates": [
          115.1101205,
          -2.9418243
        ]
      },
      "id": "way/919710467"
    },
    {
      "type": "Feature",
      "properties": {
        "@id": "way/926206089",
        "amenity": "hospital",
        "emergency": "yes",
        "healthcare": "hospital",
        "name": "Hospital Sibu",
        "name:en": "Sibu Hospital",
        "name:ms": "Hospital Sibu",
        "name:zh": "诗巫医院",
        "name:zh-Hans": "诗巫医院",
        "name:zh-Hant": "詩巫醫院",
        "operator": "Kementerian Kesihatan Malaysia",
        "operator:short": "KKM",
        "operator:type": "government",
        "operator:wikidata": "Q4294352",
        "operator:wikipedia": "en:Ministry of Health (Malaysia)",
        "wikidata": "Q7507300",
        "wikimedia_commons": "Category:Sibu Hospital",
        "wikipedia": "en:Sibu Hospital",
        "@geometry": "center"
      },
      "geometry": {
        "type": "Point",
        "coordinates": [
          111.8917096,
          2.296296
        ]
      },
      "id": "way/926206089"
    },
    {
      "type": "Feature",
      "properties": {
        "@id": "way/933641763",
        "addr:city": "Kabupaten Banjar",
        "addr:postcode": "70653",
        "addr:street": "Jl. Gerilya",
        "amenity": "hospital",
        "healthcare": "hospital",
        "name": "Puskesmas Lama Sungai Tabuk 1",
        "@geometry": "center"
      },
      "geometry": {
        "type": "Point",
        "coordinates": [
          114.6998736,
          -3.3218896
        ]
      },
      "id": "way/933641763"
    },
    {
      "type": "Feature",
      "properties": {
        "@id": "node/939067188",
        "amenity": "hospital",
        "name": "Dokter Praktek"
      },
      "geometry": {
        "type": "Point",
        "coordinates": [
          116.8381163,
          -1.2548966
        ]
      },
      "id": "node/939067188"
    },
    {
      "type": "Feature",
      "properties": {
        "@id": "way/954556275",
        "amenity": "clinic",
        "building": "yes",
        "name": "Puskesmas Pembantu Maridan",
        "@geometry": "center"
      },
      "geometry": {
        "type": "Point",
        "coordinates": [
          116.6884395,
          -1.0972568
        ]
      },
      "id": "way/954556275"
    },
    {
      "type": "Feature",
      "properties": {
        "@id": "way/954931593",
        "amenity": "clinic",
        "building": "yes",
        "name": "Puskesmas Sepaku I",
        "@geometry": "center"
      },
      "geometry": {
        "type": "Point",
        "coordinates": [
          116.7635277,
          -0.9089574
        ]
      },
      "id": "way/954931593"
    },
    {
      "type": "Feature",
      "properties": {
        "@id": "way/956998177",
        "amenity": "hospital",
        "healthcare": "hospital",
        "name": "Puskesmas Teluk Bayur",
        "@geometry": "center"
      },
      "geometry": {
        "type": "Point",
        "coordinates": [
          117.4229463,
          2.1376619
        ]
      },
      "id": "way/956998177"
    },
    {
      "type": "Feature",
      "properties": {
        "@id": "way/961839833",
        "amenity": "pharmacy",
        "building": "yes",
        "dispensing": "yes",
        "healthcare": "pharmacy",
        "name": "Vio Farma",
        "@geometry": "center"
      },
      "geometry": {
        "type": "Point",
        "coordinates": [
          116.6144135,
          -1.3938232
        ]
      },
      "id": "way/961839833"
    },
    {
      "type": "Feature",
      "properties": {
        "@id": "way/962467102",
        "amenity": "hospital",
        "healthcare": "hospital",
        "@geometry": "center"
      },
      "geometry": {
        "type": "Point",
        "coordinates": [
          117.420301,
          -0.3269963
        ]
      },
      "id": "way/962467102"
    },
    {
      "type": "Feature",
      "properties": {
        "@id": "way/969992071",
        "amenity": "clinic",
        "building": "yes",
        "name": "Puskesmas Paramasan",
        "operator": "Dinkes Kab. Banjar",
        "@geometry": "center"
      },
      "geometry": {
        "type": "Point",
        "coordinates": [
          115.452747,
          -2.9895499
        ]
      },
      "id": "way/969992071"
    },
    {
      "type": "Feature",
      "properties": {
        "@id": "way/971054943",
        "amenity": "hospital",
        "healthcare": "hospital",
        "name": "Puskesmas Pembantu",
        "@geometry": "center"
      },
      "geometry": {
        "type": "Point",
        "coordinates": [
          115.7046651,
          -0.132995
        ]
      },
      "id": "way/971054943"
    },
    {
      "type": "Feature",
      "properties": {
        "@id": "way/972603578",
        "amenity": "hospital",
        "emergency": "yes",
        "healthcare": "hospital",
        "name": "Hospital Bau",
        "name:zh": "石隆门医院",
        "operator": "Kementerian Kesihatan Malaysia",
        "operator:type": "government",
        "operator:wikidata": "Q4294352",
        "operator:wikipedia": "en:Ministry of Health (Malaysia)",
        "source": "https://openstreetcam.org/details/2212670/9492",
        "@geometry": "center"
      },
      "geometry": {
        "type": "Point",
        "coordinates": [
          110.1423059,
          1.4303731
        ]
      },
      "id": "way/972603578"
    },
    {
      "type": "Feature",
      "properties": {
        "@id": "way/972816514",
        "amenity": "clinic",
        "healthcare": "clinic",
        "operator": "Kementerian Kesihatan Malaysia",
        "operator:short": "KKM",
        "operator:type": "government",
        "operator:wikidata": "Q4294352",
        "operator:wikipedia": "en:Ministry of Health (Malaysia)",
        "@geometry": "center"
      },
      "geometry": {
        "type": "Point",
        "coordinates": [
          111.9705505,
          2.2436585
        ]
      },
      "id": "way/972816514"
    },
    {
      "type": "Feature",
      "properties": {
        "@id": "way/973133222",
        "addr:city": "Miri",
        "addr:housenumber": "8836",
        "addr:postcode": "98000",
        "addr:street": "Jalan Dato Seri Joseph Balan Seling",
        "amenity": "hospital",
        "contact:facebook": "https://www.facebook.com/kpjmirispecialisthospital/",
        "emergency": "yes",
        "healthcare": "hospital",
        "mobile": "010-512 3533",
        "name": "KPJ Miri Specialist Hospital",
        "opening_hours": "24/7",
        "phone": "085-649 999",
        "website": "https://www.kpjhealth.com.my/miri/",
        "@geometry": "center"
      },
      "geometry": {
        "type": "Point",
        "coordinates": [
          114.0339365,
          4.4476832
        ]
      },
      "id": "way/973133222"
    },
    {
      "type": "Feature",
      "properties": {
        "@id": "way/979995232",
        "amenity": "clinic",
        "building": "yes",
        "name": "Poskesdes Sumber Rejo",
        "@geometry": "center"
      },
      "geometry": {
        "type": "Point",
        "coordinates": [
          115.0388993,
          -1.7874104
        ]
      },
      "id": "way/979995232"
    },
    {
      "type": "Feature",
      "properties": {
        "@id": "way/979995244",
        "amenity": "clinic",
        "building": "yes",
        "name": "Poskesdes Nagaleah",
        "@geometry": "center"
      },
      "geometry": {
        "type": "Point",
        "coordinates": [
          115.0994751,
          -1.8070299
        ]
      },
      "id": "way/979995244"
    },
    {
      "type": "Feature",
      "properties": {
        "@id": "way/980137132",
        "amenity": "clinic",
        "building": "yes",
        "name": "Puskesmas Unsum",
        "@geometry": "center"
      },
      "geometry": {
        "type": "Point",
        "coordinates": [
          115.1476549,
          -1.678159
        ]
      },
      "id": "way/980137132"
    },
    {
      "type": "Feature",
      "properties": {
        "@id": "way/980137136",
        "amenity": "clinic",
        "building": "yes",
        "name": "Puskesmas Pembantu Turan Amis",
        "short_name": "Pustu Turan Amis",
        "@geometry": "center"
      },
      "geometry": {
        "type": "Point",
        "coordinates": [
          115.1556437,
          -1.6992902
        ]
      },
      "id": "way/980137136"
    },
    {
      "type": "Feature",
      "properties": {
        "@id": "way/980795102",
        "amenity": "clinic",
        "building": "yes",
        "name": "Puskesmas Trahean",
        "@geometry": "center"
      },
      "geometry": {
        "type": "Point",
        "coordinates": [
          114.9028875,
          -1.0314599
        ]
      },
      "id": "way/980795102"
    },
    {
      "type": "Feature",
      "properties": {
        "@id": "way/980816036",
        "amenity": "clinic",
        "building": "yes",
        "name": "Puskesmas Pembantu Ipu",
        "short_name": "Pustu Ipu",
        "@geometry": "center"
      },
      "geometry": {
        "type": "Point",
        "coordinates": [
          114.8843007,
          -0.8945702
        ]
      },
      "id": "way/980816036"
    },
    {
      "type": "Feature",
      "properties": {
        "@id": "way/980863126",
        "amenity": "clinic",
        "building": "yes",
        "name": "Puskesmas Pembantu Tahujan Ontu",
        "short_name": "Pustu Tahujan Ontu",
        "@geometry": "center"
      },
      "geometry": {
        "type": "Point",
        "coordinates": [
          114.5267969,
          -0.6691524
        ]
      },
      "id": "way/980863126"
    },
    {
      "type": "Feature",
      "properties": {
        "@id": "way/980863132",
        "amenity": "clinic",
        "building": "yes",
        "name": "Puskesmas Datah Kotou",
        "@geometry": "center"
      },
      "geometry": {
        "type": "Point",
        "coordinates": [
          114.4821024,
          -0.6793314
        ]
      },
      "id": "way/980863132"
    },
    {
      "type": "Feature",
      "properties": {
        "@id": "way/980863135",
        "amenity": "clinic",
        "building": "yes",
        "name": "Puskesmas Mangkahui",
        "@geometry": "center"
      },
      "geometry": {
        "type": "Point",
        "coordinates": [
          114.452859,
          -0.6945954
        ]
      },
      "id": "way/980863135"
    },
    {
      "type": "Feature",
      "properties": {
        "@id": "way/980863140",
        "amenity": "clinic",
        "building": "yes",
        "name": "Puskesmas Pembantu Oreng",
        "short_name": "Pustu Oreng",
        "@geometry": "center"
      },
      "geometry": {
        "type": "Point",
        "coordinates": [
          114.4305999,
          -0.6904849
        ]
      },
      "id": "way/980863140"
    },
    {
      "type": "Feature",
      "properties": {
        "@id": "way/981186844",
        "amenity": "clinic",
        "building": "yes",
        "name": "Puskesmas Konut",
        "@geometry": "center"
      },
      "geometry": {
        "type": "Point",
        "coordinates": [
          114.5157559,
          -0.6220702
        ]
      },
      "id": "way/981186844"
    },
    {
      "type": "Feature",
      "properties": {
        "@id": "way/981186848",
        "amenity": "clinic",
        "building": "yes",
        "name": "Puskesmas Pembantu Tino Talih",
        "short_name": "Pustu Tino Talih",
        "@geometry": "center"
      },
      "geometry": {
        "type": "Point",
        "coordinates": [
          114.5395982,
          -0.6169153
        ]
      },
      "id": "way/981186848"
    },
    {
      "type": "Feature",
      "properties": {
        "@id": "way/981200049",
        "amenity": "clinic",
        "building": "yes",
        "name": "Puskesmas Pembantu Danau Usung",
        "short_name": "Pustu Danau Usung",
        "@geometry": "center"
      },
      "geometry": {
        "type": "Point",
        "coordinates": [
          114.610089,
          -0.6549959
        ]
      },
      "id": "way/981200049"
    },
    {
      "type": "Feature",
      "properties": {
        "@id": "way/986583000",
        "amenity": "clinic",
        "building": "yes",
        "name": "Puskesmas Jaro",
        "@geometry": "center"
      },
      "geometry": {
        "type": "Point",
        "coordinates": [
          115.6365525,
          -1.8356349
        ]
      },
      "id": "way/986583000"
    },
    {
      "type": "Feature",
      "properties": {
        "@id": "way/989271628",
        "amenity": "hospital",
        "highway": "residential",
        "@geometry": "center"
      },
      "geometry": {
        "type": "Point",
        "coordinates": [
          115.6947738,
          -0.2413035
        ]
      },
      "id": "way/989271628"
    },
    {
      "type": "Feature",
      "properties": {
        "@id": "way/993809998",
        "amenity": "clinic",
        "building": "yes",
        "name": "Puskesmas Bakarangan",
        "@geometry": "center"
      },
      "geometry": {
        "type": "Point",
        "coordinates": [
          115.1220845,
          -2.9227802
        ]
      },
      "id": "way/993809998"
    },
    {
      "type": "Feature",
      "properties": {
        "@id": "way/995118581",
        "amenity": "clinic",
        "building": "yes",
        "name": "Puskesmas Pandahan",
        "@geometry": "center"
      },
      "geometry": {
        "type": "Point",
        "coordinates": [
          115.0762242,
          -2.9316922
        ]
      },
      "id": "way/995118581"
    },
    {
      "type": "Feature",
      "properties": {
        "@id": "way/996261257",
        "amenity": "clinic",
        "healthcare": "clinic",
        "name": "Klinik Kesihatan Ibu dan Anak Serian",
        "operator": "Kementerian Kesihatan Malaysia",
        "operator:short": "KKM",
        "operator:type": "government",
        "operator:wikidata": "Q4294352",
        "operator:wikipedia": "en:Ministry of Health (Malaysia)",
        "source": "https://openstreetcam.org/details/2135202/767",
        "@geometry": "center"
      },
      "geometry": {
        "type": "Point",
        "coordinates": [
          110.5667624,
          1.1708998
        ]
      },
      "id": "way/996261257"
    },
    {
      "type": "Feature",
      "properties": {
        "@id": "way/998151867",
        "amenity": "clinic",
        "building": "yes",
        "name": "Puskesmas Pembantu Sungai Tabukan",
        "short_name": "Pustu Sungai Tabukan",
        "@geometry": "center"
      },
      "geometry": {
        "type": "Point",
        "coordinates": [
          115.1999975,
          -2.4546064
        ]
      },
      "id": "way/998151867"
    },
    {
      "type": "Feature",
      "properties": {
        "@id": "way/998151872",
        "amenity": "clinic",
        "building": "yes",
        "name": "Poskesdes Rantau Bujur Hilir",
        "@geometry": "center"
      },
      "geometry": {
        "type": "Point",
        "coordinates": [
          115.1641786,
          -2.4471491
        ]
      },
      "id": "way/998151872"
    },
    {
      "type": "Feature",
      "properties": {
        "@id": "way/998151873",
        "amenity": "clinic",
        "building": "yes",
        "name": "Poskesdes Gampa Raya",
        "@geometry": "center"
      },
      "geometry": {
        "type": "Point",
        "coordinates": [
          115.1809193,
          -2.4352869
        ]
      },
      "id": "way/998151873"
    },
    {
      "type": "Feature",
      "properties": {
        "@id": "way/998151874",
        "amenity": "clinic",
        "building": "yes",
        "name": "Puskesmas Pembantu Rantau Bujur Hulu",
        "short_name": "Pustu Rantau Bujur Hulu",
        "@geometry": "center"
      },
      "geometry": {
        "type": "Point",
        "coordinates": [
          115.173477,
          -2.4432599
        ]
      },
      "id": "way/998151874"
    },
    {
      "type": "Feature",
      "properties": {
        "@id": "way/998332221",
        "amenity": "clinic",
        "building": "yes",
        "name": "Puskesmas Guntung",
        "@geometry": "center"
      },
      "geometry": {
        "type": "Point",
        "coordinates": [
          115.3108985,
          -2.3515732
        ]
      },
      "id": "way/998332221"
    },
    {
      "type": "Feature",
      "properties": {
        "@id": "way/1004365552",
        "amenity": "clinic",
        "building": "yes",
        "name": "Puskesmas Pembantu Gudang Seng",
        "short_name": "Pustu Gudang Seng",
        "@geometry": "center"
      },
      "geometry": {
        "type": "Point",
        "coordinates": [
          115.2882695,
          -2.2198804
        ]
      },
      "id": "way/1004365552"
    },
    {
      "type": "Feature",
      "properties": {
        "@id": "way/1013632473",
        "amenity": "clinic",
        "building": "yes",
        "healthcare": "clinic",
        "name": "Posyandu Bougenvil",
        "operator": "Posyandu",
        "operator:type": "private",
        "operator:wikidata": "Q12506263",
        "@geometry": "center"
      },
      "geometry": {
        "type": "Point",
        "coordinates": [
          117.467742,
          0.1317869
        ]
      },
      "id": "way/1013632473"
    },
    {
      "type": "Feature",
      "properties": {
        "@id": "way/1018760531",
        "amenity": "hospital",
        "healthcare": "hospital",
        "name": "RSUD Abdul Aziz",
        "@geometry": "center"
      },
      "geometry": {
        "type": "Point",
        "coordinates": [
          114.7608731,
          -2.9805642
        ]
      },
      "id": "way/1018760531"
    },
    {
      "type": "Feature",
      "properties": {
        "@id": "way/1025397646",
        "amenity": "hospital",
        "healthcare": "hospital",
        "name": "Puskesmas Mukok",
        "@geometry": "center"
      },
      "geometry": {
        "type": "Point",
        "coordinates": [
          110.7685062,
          0.1102723
        ]
      },
      "id": "way/1025397646"
    },
    {
      "type": "Feature",
      "properties": {
        "@id": "way/1027658311",
        "amenity": "hospital",
        "healthcare": "hospital",
        "name": "UPT BLUD Pusat Kesehatan Masyarakat Palaran",
        "@geometry": "center"
      },
      "geometry": {
        "type": "Point",
        "coordinates": [
          117.1809597,
          -0.5672315
        ]
      },
      "id": "way/1027658311"
    },
    {
      "type": "Feature",
      "properties": {
        "@id": "way/1029531374",
        "amenity": "hospital",
        "healthcare": "hospital",
        "name": "Rumah Sakit Jiwa Kalawa Atei",
        "@geometry": "center"
      },
      "geometry": {
        "type": "Point",
        "coordinates": [
          113.9523784,
          -2.0907703
        ]
      },
      "id": "way/1029531374"
    },
    {
      "type": "Feature",
      "properties": {
        "@id": "way/1029927337",
        "addr:street": "Jalan Hercules",
        "amenity": "hospital",
        "healthcare": "hospital",
        "healthcare:speciality": "community",
        "name": "RS TNI AU Syamsudin Noor",
        "operator": "TNI AU Syamsudin Noor",
        "operator:type": "military",
        "@geometry": "center"
      },
      "geometry": {
        "type": "Point",
        "coordinates": [
          114.7447428,
          -3.4447231
        ]
      },
      "id": "way/1029927337"
    },
    {
      "type": "Feature",
      "properties": {
        "@id": "way/1029987158",
        "amenity": "hospital",
        "healthcare": "hospital",
        "name": "Puskesmas Pelaihari",
        "@geometry": "center"
      },
      "geometry": {
        "type": "Point",
        "coordinates": [
          114.7600046,
          -3.807066
        ]
      },
      "id": "way/1029987158"
    },
    {
      "type": "Feature",
      "properties": {
        "@id": "way/1030080433",
        "amenity": "clinic",
        "building": "yes",
        "healthcare": "clinic",
        "name": "Puskesmas Kertak Hanyar",
        "operator": "Ministry of Health",
        "operator:en": "Ministry of Health",
        "operator:id": "Kementerian Kesehatan",
        "operator:wikidata": "Q12490745",
        "operator:wikipedia": "id:Kementerian Kesehatan Republik Indonesia",
        "@geometry": "center"
      },
      "geometry": {
        "type": "Point",
        "coordinates": [
          114.629431,
          -3.3552387
        ]
      },
      "id": "way/1030080433"
    },
    {
      "type": "Feature",
      "properties": {
        "@id": "way/1030220120",
        "amenity": "hospital",
        "emergency": "yes",
        "healthcare": "hospital",
        "name": "Klinik Ibnu Sina",
        "@geometry": "center"
      },
      "geometry": {
        "type": "Point",
        "coordinates": [
          116.8346947,
          -1.2429117
        ]
      },
      "id": "way/1030220120"
    },
    {
      "type": "Feature",
      "properties": {
        "@id": "way/1030251123",
        "amenity": "hospital",
        "healthcare": "hospital",
        "name": "RS. Mitra Medika",
        "@geometry": "center"
      },
      "geometry": {
        "type": "Point",
        "coordinates": [
          109.329251,
          -0.0375931
        ]
      },
      "id": "way/1030251123"
    },
    {
      "type": "Feature",
      "properties": {
        "@id": "way/1030286118",
        "amenity": "hospital",
        "healthcare": "hospital",
        "name": "Puskesmas Rawat Inap Cempaka",
        "@geometry": "center"
      },
      "geometry": {
        "type": "Point",
        "coordinates": [
          114.8397528,
          -3.5028623
        ]
      },
      "id": "way/1030286118"
    },
    {
      "type": "Feature",
      "properties": {
        "@id": "way/1031576791",
        "amenity": "hospital",
        "healthcare": "hospital",
        "name": "Puskesmas Sungai Ulin",
        "@geometry": "center"
      },
      "geometry": {
        "type": "Point",
        "coordinates": [
          114.8687439,
          -3.4463445
        ]
      },
      "id": "way/1031576791"
    },
    {
      "type": "Feature",
      "properties": {
        "@id": "way/1031585150",
        "amenity": "hospital",
        "healthcare": "hospital",
        "healthcare:speciality": "community",
        "name": "Rumah Sakit Umum Syifa Medika",
        "@geometry": "center"
      },
      "geometry": {
        "type": "Point",
        "coordinates": [
          114.8170498,
          -3.4582205
        ]
      },
      "id": "way/1031585150"
    },
    {
      "type": "Feature",
      "properties": {
        "@id": "way/1038399117",
        "amenity": "clinic",
        "building": "yes",
        "name": "Puskesmas Lahei II",
        "@geometry": "center"
      },
      "geometry": {
        "type": "Point",
        "coordinates": [
          114.9292392,
          -0.8636976
        ]
      },
      "id": "way/1038399117"
    },
    {
      "type": "Feature",
      "properties": {
        "@id": "way/1038587458",
        "amenity": "clinic",
        "building": "yes",
        "name": "Puskesmas Pembantu Malungai",
        "short_name": "Pustu Malungai",
        "@geometry": "center"
      },
      "geometry": {
        "type": "Point",
        "coordinates": [
          114.941828,
          -1.287273
        ]
      },
      "id": "way/1038587458"
    },
    {
      "type": "Feature",
      "properties": {
        "@id": "way/1038587461",
        "amenity": "clinic",
        "building": "yes",
        "name": "Puskesmas Ketapang",
        "@geometry": "center"
      },
      "geometry": {
        "type": "Point",
        "coordinates": [
          114.981488,
          -1.2964118
        ]
      },
      "id": "way/1038587461"
    },
    {
      "type": "Feature",
      "properties": {
        "@id": "way/1038587473",
        "amenity": "clinic",
        "building": "yes",
        "name": "Puskesmas Pembantu Pelari",
        "short_name": "Pustu Pelari",
        "@geometry": "center"
      },
      "geometry": {
        "type": "Point",
        "coordinates": [
          115.178411,
          -1.2050513
        ]
      },
      "id": "way/1038587473"
    },
    {
      "type": "Feature",
      "properties": {
        "@id": "way/1038587477",
        "amenity": "clinic",
        "building": "yes",
        "name": "Puskesmas Pembantu Tongka",
        "short_name": "Pustu Tongka",
        "@geometry": "center"
      },
      "geometry": {
        "type": "Point",
        "coordinates": [
          115.2424282,
          -1.2384738
        ]
      },
      "id": "way/1038587477"
    },
    {
      "type": "Feature",
      "properties": {
        "@id": "way/1038602219",
        "amenity": "clinic",
        "building": "yes",
        "name": "Puskesmas Pembantu Patas II",
        "short_name": "Pustu Patas II",
        "@geometry": "center"
      },
      "geometry": {
        "type": "Point",
        "coordinates": [
          115.1776278,
          -1.4987572
        ]
      },
      "id": "way/1038602219"
    },
    {
      "type": "Feature",
      "properties": {
        "@id": "way/1038606089",
        "amenity": "clinic",
        "building": "yes",
        "name": "Puskesmas Pembantu Malintut",
        "short_name": "Pustu Malintut",
        "@geometry": "center"
      },
      "geometry": {
        "type": "Point",
        "coordinates": [
          115.1976295,
          -1.6959836
        ]
      },
      "id": "way/1038606089"
    },
    {
      "type": "Feature",
      "properties": {
        "@id": "way/1038606090",
        "amenity": "clinic",
        "building": "yes",
        "name": "Puskesmas Pembantu Batuah",
        "short_name": "Pustu Batuah",
        "@geometry": "center"
      },
      "geometry": {
        "type": "Point",
        "coordinates": [
          115.1875546,
          -1.7125159
        ]
      },
      "id": "way/1038606090"
    },
    {
      "type": "Feature",
      "properties": {
        "@id": "way/1039610829",
        "amenity": "clinic",
        "building": "yes",
        "name": "Puskesmas Kaliring",
        "@geometry": "center"
      },
      "geometry": {
        "type": "Point",
        "coordinates": [
          115.2910971,
          -2.7964472
        ]
      },
      "id": "way/1039610829"
    },
    {
      "type": "Feature",
      "properties": {
        "@id": "way/1039614596",
        "amenity": "clinic",
        "building": "yes",
        "name": "Puskesmas Pembantu Tatah Layap",
        "short_name": "Pustu Tatah Layap",
        "@geometry": "center"
      },
      "geometry": {
        "type": "Point",
        "coordinates": [
          114.5809222,
          -3.39591
        ]
      },
      "id": "way/1039614596"
    },
    {
      "type": "Feature",
      "properties": {
        "@id": "way/1067948731",
        "amenity": "clinic",
        "building": "yes",
        "healthcare": "clinic",
        "name": "Klinik Kesihatan Julau",
        "@geometry": "center"
      },
      "geometry": {
        "type": "Point",
        "coordinates": [
          111.9161577,
          2.0240657
        ]
      },
      "id": "way/1067948731"
    },
    {
      "type": "Feature",
      "properties": {
        "@id": "way/1072010450",
        "alt_name": "KPJ Sibu",
        "amenity": "hospital",
        "building": "hospital",
        "healthcare": "hospital",
        "name": "Pusat Pakar Perubatan Sibu",
        "name:en": "Sibu Specialist Medical Centre",
        "name:zh": "诗巫专科医药中心",
        "@geometry": "center"
      },
      "geometry": {
        "type": "Point",
        "coordinates": [
          111.83222,
          2.3007946
        ]
      },
      "id": "way/1072010450"
    },
    {
      "type": "Feature",
      "properties": {
        "@id": "way/1072010451",
        "amenity": "clinic",
        "healthcare": "clinic",
        "name": "Klinik Kesihatan Jalan Oya",
        "operator": "Kementerian Kesihatan Malaysia",
        "operator:short": "KKM",
        "operator:type": "government",
        "operator:wikidata": "Q4294352",
        "@geometry": "center"
      },
      "geometry": {
        "type": "Point",
        "coordinates": [
          111.8355983,
          2.3007424
        ]
      },
      "id": "way/1072010451"
    },
    {
      "type": "Feature",
      "properties": {
        "@id": "way/1074580596",
        "amenity": "clinic",
        "building": "yes",
        "name": "Puskesmas Telaga Bauntung",
        "@geometry": "center"
      },
      "geometry": {
        "type": "Point",
        "coordinates": [
          115.2074805,
          -3.0692074
        ]
      },
      "id": "way/1074580596"
    },
    {
      "type": "Feature",
      "properties": {
        "@id": "way/1080505056",
        "amenity": "pharmacy",
        "area": "yes",
        "name": "Apotek Kimia Farma Rapak Indah",
        "@geometry": "center"
      },
      "geometry": {
        "type": "Point",
        "coordinates": [
          117.1094921,
          -0.5049923
        ]
      },
      "id": "way/1080505056"
    },
    {
      "type": "Feature",
      "properties": {
        "@id": "way/1087730085",
        "amenity": "hospital",
        "healthcare": "hospital",
        "name": "RS Sumber Jaya Sehat d.h Pahlawan Medika Center",
        "@geometry": "center"
      },
      "geometry": {
        "type": "Point",
        "coordinates": [
          115.2646371,
          -2.7812294
        ]
      },
      "id": "way/1087730085"
    },
    {
      "type": "Feature",
      "properties": {
        "@id": "way/1091166398",
        "amenity": "clinic",
        "building": "yes",
        "healthcare": "clinic",
        "name": "Klinik Grand Medica",
        "@geometry": "center"
      },
      "geometry": {
        "type": "Point",
        "coordinates": [
          116.8799031,
          -1.2679736
        ]
      },
      "id": "way/1091166398"
    },
    {
      "type": "Feature",
      "properties": {
        "@id": "way/1092589797",
        "amenity": "hospital",
        "healthcare": "hospital",
        "healthcare:speciality": "general",
        "name": "Rumah Sakit Umum Tarakan",
        "@geometry": "center"
      },
      "geometry": {
        "type": "Point",
        "coordinates": [
          117.5605387,
          3.3402345
        ]
      },
      "id": "way/1092589797"
    },
    {
      "type": "Feature",
      "properties": {
        "@id": "way/1101483330",
        "amenity": "clinic",
        "building": "yes",
        "name": "Polindes Gunung Mulia",
        "@geometry": "center"
      },
      "geometry": {
        "type": "Point",
        "coordinates": [
          116.409357,
          -1.529678
        ]
      },
      "id": "way/1101483330"
    },
    {
      "type": "Feature",
      "properties": {
        "@id": "way/1112513134",
        "amenity": "clinic",
        "name": "Puskesmas Sei Ayak",
        "@geometry": "center"
      },
      "geometry": {
        "type": "Point",
        "coordinates": [
          111.0678494,
          0.1055205
        ]
      },
      "id": "way/1112513134"
    },
    {
      "type": "Feature",
      "properties": {
        "@id": "way/1118276224",
        "amenity": "clinic",
        "building": "yes",
        "healthcare": "clinic",
        "healthcare:speciality": "general",
        "name": "Klinik Kesihatan Long Jeeh",
        "@geometry": "center"
      },
      "geometry": {
        "type": "Point",
        "coordinates": [
          114.960158,
          2.9866207
        ]
      },
      "id": "way/1118276224"
    },
    {
      "type": "Feature",
      "properties": {
        "@id": "way/1124899664",
        "amenity": "clinic",
        "building": "yes",
        "name": "Poskesdes Tanipah",
        "@geometry": "center"
      },
      "geometry": {
        "type": "Point",
        "coordinates": [
          114.669058,
          -3.2284642
        ]
      },
      "id": "way/1124899664"
    },
    {
      "type": "Feature",
      "properties": {
        "@id": "way/1130870626",
        "amenity": "clinic",
        "building": "yes",
        "name": "Puskesmas Paku",
        "@geometry": "center"
      },
      "geometry": {
        "type": "Point",
        "coordinates": [
          115.1314065,
          -1.9156954
        ]
      },
      "id": "way/1130870626"
    },
    {
      "type": "Feature",
      "properties": {
        "@id": "way/1148762871",
        "amenity": "clinic",
        "healthcare": "clinic",
        "name": "Puskesmas Nunukan",
        "operator": "Ministry of Health",
        "operator:en": "Ministry of Health",
        "operator:id": "Kementerian Kesehatan",
        "operator:type": "government",
        "operator:wikidata": "Q12490745",
        "@geometry": "center"
      },
      "geometry": {
        "type": "Point",
        "coordinates": [
          117.6508828,
          4.1411645
        ]
      },
      "id": "way/1148762871"
    },
    {
      "type": "Feature",
      "properties": {
        "@id": "way/1157839428",
        "amenity": "clinic",
        "building": "yes",
        "name": "Puskesmas Pembantu Malintang",
        "short_name": "Pustu Malintang",
        "@geometry": "center"
      },
      "geometry": {
        "type": "Point",
        "coordinates": [
          114.6227332,
          -3.4317286
        ]
      },
      "id": "way/1157839428"
    },
    {
      "type": "Feature",
      "properties": {
        "@id": "way/1157839436",
        "amenity": "clinic",
        "building": "yes",
        "name": "Puskesmas Beruntung Baru",
        "@geometry": "center"
      },
      "geometry": {
        "type": "Point",
        "coordinates": [
          114.6238724,
          -3.5010312
        ]
      },
      "id": "way/1157839436"
    },
    {
      "type": "Feature",
      "properties": {
        "@id": "way/1160196660",
        "amenity": "hospital",
        "name": "Rumah Sakit Umum Daerah dr. Rubini Mempawah",
        "name:en": "Regional General Hospital Dr. Rubini Mempawah",
        "@geometry": "center"
      },
      "geometry": {
        "type": "Point",
        "coordinates": [
          108.962625,
          0.3366448
        ]
      },
      "id": "way/1160196660"
    },
    {
      "type": "Feature",
      "properties": {
        "@id": "way/1167870220",
        "amenity": "hospital",
        "name": "RSUD Badaruddin Kasim",
        "@geometry": "center"
      },
      "geometry": {
        "type": "Point",
        "coordinates": [
          115.4356677,
          -2.1763962
        ]
      },
      "id": "way/1167870220"
    },
    {
      "type": "Feature",
      "properties": {
        "@id": "way/1167928917",
        "amenity": "clinic",
        "building": "yes",
        "name": "Puskesmas Pembantu Pulau Patai",
        "@geometry": "center"
      },
      "geometry": {
        "type": "Point",
        "coordinates": [
          115.1091895,
          -2.1401435
        ]
      },
      "id": "way/1167928917"
    },
    {
      "type": "Feature",
      "properties": {
        "@id": "way/1168185324",
        "amenity": "clinic",
        "building": "yes",
        "name": "Puskesmas Pembantu Bantai Napu",
        "short_name": "Pustu Bantai Napu",
        "@geometry": "center"
      },
      "geometry": {
        "type": "Point",
        "coordinates": [
          115.1941956,
          -1.9383583
        ]
      },
      "id": "way/1168185324"
    },
    {
      "type": "Feature",
      "properties": {
        "@id": "way/1168185339",
        "amenity": "clinic",
        "building": "yes",
        "name": "Puskesmas Pembantu Tarinsing",
        "short_name": "Pustu Tarinsing",
        "@geometry": "center"
      },
      "geometry": {
        "type": "Point",
        "coordinates": [
          115.1664912,
          -1.9032887
        ]
      },
      "id": "way/1168185339"
    },
    {
      "type": "Feature",
      "properties": {
        "@id": "way/1179642422",
        "amenity": "clinic",
        "building": "yes",
        "name": "Poskesdes Sungai Dua Laut",
        "@geometry": "center"
      },
      "geometry": {
        "type": "Point",
        "coordinates": [
          115.7547454,
          -3.6933915
        ]
      },
      "id": "way/1179642422"
    },
    {
      "type": "Feature",
      "properties": {
        "@id": "way/1179655353",
        "amenity": "clinic",
        "building": "yes",
        "name": "Polindes Guntung",
        "@geometry": "center"
      },
      "geometry": {
        "type": "Point",
        "coordinates": [
          115.7124404,
          -3.4216617
        ]
      },
      "id": "way/1179655353"
    },
    {
      "type": "Feature",
      "properties": {
        "@id": "way/1179658288",
        "amenity": "clinic",
        "building": "yes",
        "name": "Poskesdes Anjir Baru",
        "@geometry": "center"
      },
      "geometry": {
        "type": "Point",
        "coordinates": [
          115.7916647,
          -3.4891071
        ]
      },
      "id": "way/1179658288"
    },
    {
      "type": "Feature",
      "properties": {
        "@id": "way/1179894023",
        "amenity": "clinic",
        "building": "yes",
        "name": "Puskesmas Banian",
        "@geometry": "center"
      },
      "geometry": {
        "type": "Point",
        "coordinates": [
          115.9634377,
          -2.5207619
        ]
      },
      "id": "way/1179894023"
    },
    {
      "type": "Feature",
      "properties": {
        "@id": "way/1179894024",
        "amenity": "hospital",
        "name": "RSUD Sengayam",
        "operator": "Pemkab Kotabaru",
        "@geometry": "center"
      },
      "geometry": {
        "type": "Point",
        "coordinates": [
          115.9869542,
          -2.3746898
        ]
      },
      "id": "way/1179894024"
    },
    {
      "type": "Feature",
      "properties": {
        "@id": "way/1180237050",
        "amenity": "clinic",
        "building": "yes",
        "name": "Puskesmas Pembantu Tumbang Tabulus",
        "short_name": "Pustu Tumbang Tabulus",
        "@geometry": "center"
      },
      "geometry": {
        "type": "Point",
        "coordinates": [
          113.9143181,
          -0.1461483
        ]
      },
      "id": "way/1180237050"
    },
    {
      "type": "Feature",
      "properties": {
        "@id": "way/1181328432",
        "amenity": "clinic",
        "building": "yes",
        "name": "Puskesmas Besiq",
        "@geometry": "center"
      },
      "geometry": {
        "type": "Point",
        "coordinates": [
          115.5562061,
          -0.5495693
        ]
      },
      "id": "way/1181328432"
    },
    {
      "type": "Feature",
      "properties": {
        "@id": "way/1189157281",
        "amenity": "clinic",
        "building": "yes",
        "healthcare": "clinic",
        "name": "Pos Kesehatan Desa Ampera Raya",
        "operator": "Ministry of Health",
        "operator:en": "Ministry of Health",
        "operator:id": "Kementerian Kesehatan",
        "operator:type": "government",
        "operator:wikidata": "Q12490745",
        "@geometry": "center"
      },
      "geometry": {
        "type": "Point",
        "coordinates": [
          109.3763736,
          -0.0346772
        ]
      },
      "id": "way/1189157281"
    },
    {
      "type": "Feature",
      "properties": {
        "@id": "way/1191222171",
        "addr:postcode": "73652",
        "addr:street": "Jalan Ipu Mea",
        "amenity": "hospital",
        "emergency": "yes",
        "healthcare": "hospital",
        "name": "POLINDES DESA IPU MEA",
        "@geometry": "center"
      },
      "geometry": {
        "type": "Point",
        "coordinates": [
          115.0804628,
          -1.9097041
        ]
      },
      "id": "way/1191222171"
    },
    {
      "type": "Feature",
      "properties": {
        "@id": "way/1192037502",
        "amenity": "clinic",
        "building": "yes",
        "name": "Poskesdes Baruh Tabing",
        "@geometry": "center"
      },
      "geometry": {
        "type": "Point",
        "coordinates": [
          115.3012331,
          -2.4084489
        ]
      },
      "id": "way/1192037502"
    },
    {
      "type": "Feature",
      "properties": {
        "@id": "way/1192037520",
        "amenity": "clinic",
        "building": "yes",
        "name": "Poskesdes Kalintamui",
        "@geometry": "center"
      },
      "geometry": {
        "type": "Point",
        "coordinates": [
          115.3077203,
          -2.4075994
        ]
      },
      "id": "way/1192037520"
    },
    {
      "type": "Feature",
      "properties": {
        "@id": "way/1192037535",
        "amenity": "clinic",
        "building": "yes",
        "name": "Poskesdes Rantawan",
        "@geometry": "center"
      },
      "geometry": {
        "type": "Point",
        "coordinates": [
          115.2331952,
          -2.4553325
        ]
      },
      "id": "way/1192037535"
    },
    {
      "type": "Feature",
      "properties": {
        "@id": "way/1193723566",
        "addr:city": "Singkawang",
        "addr:district": "Singkawang Barat",
        "addr:postcode": "79111",
        "addr:province": "Kalimantan Barat",
        "addr:street": "Jalan Pangeran Diponegoro",
        "addr:village": "Pasiran",
        "amenity": "hospital",
        "building:levels": "2",
        "healthcare": "hospital",
        "height": "8",
        "name": "Rumah Sakit Santo Vincentius",
        "official_name": "Rumah Sakit Umum Santo Vincentius",
        "operator": "Yayasan Karya Kesehatan Santo Vincentius",
        "operator:type": "private",
        "@geometry": "center"
      },
      "geometry": {
        "type": "Point",
        "coordinates": [
          108.9863541,
          0.9055589
        ]
      },
      "id": "way/1193723566"
    },
    {
      "type": "Feature",
      "properties": {
        "@id": "way/1194173660",
        "amenity": "clinic",
        "building": "yes",
        "name": "Puskesmas Pembantu Sekurou Jaya",
        "short_name": "Pustu Sekurou Jaya",
        "@geometry": "center"
      },
      "geometry": {
        "type": "Point",
        "coordinates": [
          116.1402091,
          -1.5612456
        ]
      },
      "id": "way/1194173660"
    },
    {
      "type": "Feature",
      "properties": {
        "@id": "way/1194203463",
        "amenity": "pharmacy",
        "building": "yes",
        "building:levels": "2",
        "healthcare": "pharmacy",
        "height": "8",
        "name": "Apotek Roban",
        "opening_hours": "Mo-Su 07:00-22:00",
        "@geometry": "center"
      },
      "geometry": {
        "type": "Point",
        "coordinates": [
          108.9973562,
          0.9097915
        ]
      },
      "id": "way/1194203463"
    },
    {
      "type": "Feature",
      "properties": {
        "@id": "way/1194210476",
        "addr:city": "Singkawang",
        "addr:street": "Jalan Jenderal Sudirman",
        "amenity": "clinic",
        "building": "yes",
        "healthcare": "clinic",
        "name": "klinik dan Apotik Insan Citra Madanj",
        "opening_hours": "24/7",
        "@geometry": "center"
      },
      "geometry": {
        "type": "Point",
        "coordinates": [
          108.9942056,
          0.9127719
        ]
      },
      "id": "way/1194210476"
    },
    {
      "type": "Feature",
      "properties": {
        "@id": "way/1197155006",
        "amenity": "clinic",
        "building": "yes",
        "building:levels": "3",
        "healthcare": "clinic",
        "height": "12",
        "name": "Elshetic Clinic",
        "opening_hours": "Mo-Su 08:00-20:00",
        "@geometry": "center"
      },
      "geometry": {
        "type": "Point",
        "coordinates": [
          108.9868139,
          0.9014101
        ]
      },
      "id": "way/1197155006"
    },
    {
      "type": "Feature",
      "properties": {
        "@id": "way/1197883694",
        "amenity": "pharmacy",
        "building": "yes",
        "building:levels": "2",
        "healthcare": "pharmacy",
        "height": "10",
        "name": "Apotik Sehat",
        "@geometry": "center"
      },
      "geometry": {
        "type": "Point",
        "coordinates": [
          108.9880516,
          0.9020701
        ]
      },
      "id": "way/1197883694"
    },
    {
      "type": "Feature",
      "properties": {
        "@id": "way/1199354301",
        "amenity": "pharmacy",
        "building": "yes",
        "building:levels": "2",
        "healthcare": "pharmacy",
        "height": "8",
        "name": "Apotek Agung",
        "opening_hours": "Mo-Sa 08:00-20:00",
        "@geometry": "center"
      },
      "geometry": {
        "type": "Point",
        "coordinates": [
          108.9880333,
          0.908587
        ]
      },
      "id": "way/1199354301"
    },
    {
      "type": "Feature",
      "properties": {
        "@id": "way/1199354308",
        "amenity": "pharmacy",
        "building": "yes",
        "building:levels": "2",
        "healthcare": "pharmacy",
        "height": "8",
        "name": "Apotek Singkawang",
        "opening_hours": "Mo-Sa 08:00-20:00",
        "@geometry": "center"
      },
      "geometry": {
        "type": "Point",
        "coordinates": [
          108.98822,
          0.9088884
        ]
      },
      "id": "way/1199354308"
    },
    {
      "type": "Feature",
      "properties": {
        "@id": "way/1199354310",
        "amenity": "pharmacy",
        "building": "yes",
        "building:levels": "3",
        "healthcare": "pharmacy",
        "height": "12",
        "name": "Apotek Asean",
        "opening_hours": "Mo-Sa 08:00-20:00",
        "@geometry": "center"
      },
      "geometry": {
        "type": "Point",
        "coordinates": [
          108.9882656,
          0.9089611
        ]
      },
      "id": "way/1199354310"
    },
    {
      "type": "Feature",
      "properties": {
        "@id": "way/1199354315",
        "amenity": "doctors",
        "building": "yes",
        "building:levels": "3",
        "healthcare": "doctor",
        "height": "12",
        "opening_hours": "Mo-Fr 16:00-21:00",
        "@geometry": "center"
      },
      "geometry": {
        "type": "Point",
        "coordinates": [
          108.9883742,
          0.9091447
        ]
      },
      "id": "way/1199354315"
    },
    {
      "type": "Feature",
      "properties": {
        "@id": "way/1199519017",
        "amenity": "pharmacy",
        "building": "yes",
        "building:levels": "2",
        "healthcare": "pharmacy",
        "height": "8",
        "name": "Apotek Elang Mas",
        "@geometry": "center"
      },
      "geometry": {
        "type": "Point",
        "coordinates": [
          108.9874023,
          0.9083695
        ]
      },
      "id": "way/1199519017"
    },
    {
      "type": "Feature",
      "properties": {
        "@id": "way/1199519045",
        "amenity": "pharmacy",
        "building": "yes",
        "building:levels": "3",
        "healthcare": "pharmacy",
        "height": "12",
        "@geometry": "center"
      },
      "geometry": {
        "type": "Point",
        "coordinates": [
          108.9879922,
          0.9093077
        ]
      },
      "id": "way/1199519045"
    },
    {
      "type": "Feature",
      "properties": {
        "@id": "way/1199526279",
        "amenity": "pharmacy",
        "building": "yes",
        "building:levels": "3",
        "healthcare": "pharmacy",
        "height": "12",
        "@geometry": "center"
      },
      "geometry": {
        "type": "Point",
        "coordinates": [
          108.9880336,
          0.9093712
        ]
      },
      "id": "way/1199526279"
    },
    {
      "type": "Feature",
      "properties": {
        "@id": "way/1200827472",
        "amenity": "pharmacy",
        "building": "yes",
        "building:levels": "2",
        "healthcare": "pharmacy",
        "height": "8",
        "name": "Kimia Farma",
        "@geometry": "center"
      },
      "geometry": {
        "type": "Point",
        "coordinates": [
          108.9868267,
          0.9120058
        ]
      },
      "id": "way/1200827472"
    },
    {
      "type": "Feature",
      "properties": {
        "@id": "way/1201741869",
        "amenity": "doctors",
        "building": "yes",
        "building:levels": "2",
        "healthcare": "doctor",
        "height": "8",
        "@geometry": "center"
      },
      "geometry": {
        "type": "Point",
        "coordinates": [
          108.9866412,
          0.9121364
        ]
      },
      "id": "way/1201741869"
    },
    {
      "type": "Feature",
      "properties": {
        "@id": "way/1201741888",
        "amenity": "pharmacy",
        "building": "yes",
        "building:levels": "2",
        "healthcare": "pharmacy",
        "height": "8",
        "@geometry": "center"
      },
      "geometry": {
        "type": "Point",
        "coordinates": [
          108.984673,
          0.9134241
        ]
      },
      "id": "way/1201741888"
    },
    {
      "type": "Feature",
      "properties": {
        "@id": "way/1201741932",
        "amenity": "doctors",
        "building": "yes",
        "building:levels": "1",
        "healthcare": "doctor",
        "height": "4",
        "@geometry": "center"
      },
      "geometry": {
        "type": "Point",
        "coordinates": [
          108.9826108,
          0.9145034
        ]
      },
      "id": "way/1201741932"
    },
    {
      "type": "Feature",
      "properties": {
        "@id": "way/1202300646",
        "amenity": "clinic",
        "building": "yes",
        "building:levels": "1",
        "healthcare": "clinic",
        "height": "4",
        "@geometry": "center"
      },
      "geometry": {
        "type": "Point",
        "coordinates": [
          108.9860633,
          0.9117987
        ]
      },
      "id": "way/1202300646"
    },
    {
      "type": "Feature",
      "properties": {
        "@id": "way/1202361886",
        "amenity": "clinic",
        "building": "yes",
        "building:levels": "2",
        "healthcare": "clinic",
        "height": "8",
        "@geometry": "center"
      },
      "geometry": {
        "type": "Point",
        "coordinates": [
          108.9815831,
          0.9344471
        ]
      },
      "id": "way/1202361886"
    },
    {
      "type": "Feature",
      "properties": {
        "@id": "way/1211227151",
        "amenity": "clinic",
        "building": "yes",
        "healthcare": "clinic",
        "name": "POSYANDU DESA IPU MEA",
        "operator": "Posyandu",
        "operator:wikidata": "Q12506263",
        "@geometry": "center"
      },
      "geometry": {
        "type": "Point",
        "coordinates": [
          115.0808837,
          -1.9089639
        ]
      },
      "id": "way/1211227151"
    },
    {
      "type": "Feature",
      "properties": {
        "@id": "way/1225011420",
        "addr:city": "Simunjan",
        "addr:postcode": "94800",
        "addr:street": "Jalan Sabun",
        "amenity": "clinic",
        "building": "yes",
        "healthcare": "clinic",
        "healthcare:speciality": "community",
        "name": "Pejabat Kesihatan Daerah Simunjan",
        "opening_hours": "Mo-Fr 08:00-17:00",
        "operator": "Kementerian Kesihatan Malaysia",
        "operator:short": "KKM",
        "operator:type": "government",
        "operator:wikidata": "Q4294352",
        "@geometry": "center"
      },
      "geometry": {
        "type": "Point",
        "coordinates": [
          110.7512096,
          1.3976574
        ]
      },
      "id": "way/1225011420"
    },
    {
      "type": "Feature",
      "properties": {
        "@id": "way/1230226496",
        "amenity": "hospital",
        "healthcare": "hospital",
        "name": "UPTD Puskesmas Dayu",
        "@geometry": "center"
      },
      "geometry": {
        "type": "Point",
        "coordinates": [
          115.0775502,
          -1.9753954
        ]
      },
      "id": "way/1230226496"
    },
    {
      "type": "Feature",
      "properties": {
        "@id": "way/1231309490",
        "amenity": "doctors",
        "building": "yes",
        "healthcare": "doctor",
        "healthcare:speciality": "haematology",
        "name": "SJAM-KPS Pusat Hemodialisis Bintulu (Station 10)",
        "@geometry": "center"
      },
      "geometry": {
        "type": "Point",
        "coordinates": [
          113.0366598,
          3.1816297
        ]
      },
      "id": "way/1231309490"
    },
    {
      "type": "Feature",
      "properties": {
        "@id": "way/1231598816",
        "amenity": "hospital",
        "emergency": "yes",
        "healthcare": "hospital",
        "name": "Hospital Betong",
        "@geometry": "center"
      },
      "geometry": {
        "type": "Point",
        "coordinates": [
          111.5748401,
          1.3749492
        ]
      },
      "id": "way/1231598816"
    },
    {
      "type": "Feature",
      "properties": {
        "@id": "way/1233986928",
        "addr:city": "Bekenu",
        "addr:postcode": "98150",
        "addr:street": "Jalan Dahlia",
        "amenity": "clinic",
        "building": "yes",
        "building:levels": "1",
        "healthcare": "clinic",
        "name": "Klinik Kesihatan Bekenu",
        "opening_hours": "Mo-Th 08:00-12:30,14:00-17:00; Fr 08:00-12:00,14:30-17:00",
        "phone": "085-719003",
        "website": "https://www.moh.gov.my/",
        "@geometry": "center"
      },
      "geometry": {
        "type": "Point",
        "coordinates": [
          113.8471495,
          4.0579853
        ]
      },
      "id": "way/1233986928"
    },
    {
      "type": "Feature",
      "properties": {
        "@id": "way/1234514923",
        "amenity": "clinic",
        "building": "yes",
        "healthcare": "clinic",
        "name": "Klinik Kesihatan Tun Abang Haji Openg",
        "opening_hours": "Mo-Fr 08:00-12:00,14:00-17:00",
        "@geometry": "center"
      },
      "geometry": {
        "type": "Point",
        "coordinates": [
          113.9602393,
          4.0926485
        ]
      },
      "id": "way/1234514923"
    },
    {
      "type": "Feature",
      "properties": {
        "@id": "way/1234941332",
        "addr:city": "Miri",
        "addr:housenumber": "4044",
        "addr:postcode": "98000",
        "addr:street": "Jalan Kuala Baram By Pass",
        "amenity": "clinic",
        "building": "yes",
        "building:levels": "1",
        "fax": "085-418 788",
        "healthcare": "dialysis",
        "healthcare:speciality": "nephrology",
        "name": "Pusat Dialisis Bulan Sabit Merah Permyjaya Miri",
        "name:en": "Permyjaya Miri Red Crescent Dialysis Centre",
        "phone": "085-622 588",
        "@geometry": "center"
      },
      "geometry": {
        "type": "Point",
        "coordinates": [
          114.0429552,
          4.4882507
        ]
      },
      "id": "way/1234941332"
    },
    {
      "type": "Feature",
      "properties": {
        "@id": "way/1237132055",
        "amenity": "clinic",
        "building": "yes",
        "name": "Puskesmas Cintapuri",
        "@geometry": "center"
      },
      "geometry": {
        "type": "Point",
        "coordinates": [
          115.0079733,
          -3.2152827
        ]
      },
      "id": "way/1237132055"
    },
    {
      "type": "Feature",
      "properties": {
        "@id": "way/1238084335",
        "addr:city": "Miri",
        "addr:housenumber": "312",
        "addr:postcode": "98000",
        "addr:street": "Jalan Bulan Sabit",
        "amenity": "clinic",
        "building": "yes",
        "building:levels": "1",
        "fax": "085-436 457",
        "healthcare": "dialysis",
        "healthcare:speciality": "nephrology",
        "name": "Pusat Dialisis Bulan Sabit Merah Miri",
        "name:en": "Miri Red Crescent Dialysis Centre",
        "opening_hours": "Mo-Sa 07:00-21:00",
        "phone": "085-436 862;085-412 780",
        "@geometry": "center"
      },
      "geometry": {
        "type": "Point",
        "coordinates": [
          113.9987264,
          4.4074283
        ]
      },
      "id": "way/1238084335"
    },
    {
      "type": "Feature",
      "properties": {
        "@id": "way/1243099817",
        "amenity": "clinic",
        "building": "yes",
        "building:levels": "1",
        "healthcare": "clinic",
        "name": "Klinik Ibu dan Anak Taman Tunku",
        "@geometry": "center"
      },
      "geometry": {
        "type": "Point",
        "coordinates": [
          114.0260317,
          4.3034479
        ]
      },
      "id": "way/1243099817"
    },
    {
      "type": "Feature",
      "properties": {
        "@id": "way/1246299791",
        "addr:city": "Miri",
        "addr:housenumber": "1959",
        "addr:postcode": "98000",
        "addr:street": "Jalan Miri-Bintulu",
        "amenity": "hospital",
        "contact:facebook": "https://www.facebook.com/borneomedicalcentremiri/",
        "emergency": "yes",
        "healthcare": "hospital",
        "internet_access": "wlan",
        "mobile": "012-478 0335;012-407 8335",
        "name": "Borneo Medical Centre Miri",
        "opening_hours": "24/7",
        "phone": "085-329 333",
        "website": "https://www.bmcmiri.com/",
        "@geometry": "center"
      },
      "geometry": {
        "type": "Point",
        "coordinates": [
          113.9851469,
          4.3806317
        ]
      },
      "id": "way/1246299791"
    },
    {
      "type": "Feature",
      "properties": {
        "@id": "way/1250304165",
        "amenity": "clinic",
        "building": "yes",
        "name": "Poskesdes Rantau Bujur",
        "@geometry": "center"
      },
      "geometry": {
        "type": "Point",
        "coordinates": [
          115.24173,
          -3.0077947
        ]
      },
      "id": "way/1250304165"
    },
    {
      "type": "Feature",
      "properties": {
        "@id": "way/1256762874",
        "amenity": "hospital",
        "name": "Mayapada Hospital",
        "@geometry": "center"
      },
      "geometry": {
        "type": "Point",
        "coordinates": [
          116.6775833,
          -0.9813427
        ]
      },
      "id": "way/1256762874"
    },
    {
      "type": "Feature",
      "properties": {
        "@id": "way/1266029355",
        "amenity": "clinic",
        "building": "hospital",
        "name": "Puskesmas",
        "@geometry": "center"
      },
      "geometry": {
        "type": "Point",
        "coordinates": [
          115.1723727,
          -2.9954732
        ]
      },
      "id": "way/1266029355"
    },
    {
      "type": "Feature",
      "properties": {
        "@id": "way/1267036533",
        "amenity": "clinic",
        "building": "hospital",
        "name": "Puskesmas",
        "@geometry": "center"
      },
      "geometry": {
        "type": "Point",
        "coordinates": [
          115.1757654,
          -3.0406963
        ]
      },
      "id": "way/1267036533"
    },
    {
      "type": "Feature",
      "properties": {
        "@id": "way/1270665930",
        "amenity": "clinic",
        "building": "yes",
        "name": "Klinik",
        "@geometry": "center"
      },
      "geometry": {
        "type": "Point",
        "coordinates": [
          115.0807253,
          -2.9406009
        ]
      },
      "id": "way/1270665930"
    },
    {
      "type": "Feature",
      "properties": {
        "@id": "way/1270665933",
        "amenity": "clinic",
        "building": "yes",
        "name": "Klinik",
        "@geometry": "center"
      },
      "geometry": {
        "type": "Point",
        "coordinates": [
          115.080651,
          -2.9403615
        ]
      },
      "id": "way/1270665933"
    },
    {
      "type": "Feature",
      "properties": {
        "@id": "way/1270786613",
        "amenity": "clinic",
        "building": "yes",
        "name": "Klinik",
        "@geometry": "center"
      },
      "geometry": {
        "type": "Point",
        "coordinates": [
          115.0869637,
          -2.9848543
        ]
      },
      "id": "way/1270786613"
    },
    {
      "type": "Feature",
      "properties": {
        "@id": "way/1271037862",
        "amenity": "clinic",
        "building": "yes",
        "@geometry": "center"
      },
      "geometry": {
        "type": "Point",
        "coordinates": [
          114.9411175,
          -2.8799227
        ]
      },
      "id": "way/1271037862"
    },
    {
      "type": "Feature",
      "properties": {
        "@id": "way/1271038056",
        "amenity": "clinic",
        "building": "yes",
        "@geometry": "center"
      },
      "geometry": {
        "type": "Point",
        "coordinates": [
          114.9343067,
          -2.879828
        ]
      },
      "id": "way/1271038056"
    },
    {
      "type": "Feature",
      "properties": {
        "@id": "way/1273254091",
        "amenity": "hospital",
        "building": "house",
        "healthcare": "hospital",
        "@geometry": "center"
      },
      "geometry": {
        "type": "Point",
        "coordinates": [
          114.9836045,
          -2.8671932
        ]
      },
      "id": "way/1273254091"
    },
    {
      "type": "Feature",
      "properties": {
        "@id": "way/1280751716",
        "amenity": "clinic",
        "building": "yes",
        "name": "Puskesmas Pembantu Gunung Seteleng",
        "short_name": "Pustu Gunung Seteleng",
        "@geometry": "center"
      },
      "geometry": {
        "type": "Point",
        "coordinates": [
          116.7588178,
          -1.2571375
        ]
      },
      "id": "way/1280751716"
    },
    {
      "type": "Feature",
      "properties": {
        "@id": "way/1283507592",
        "amenity": "clinic",
        "building": "yes",
        "name": "Klinik",
        "@geometry": "center"
      },
      "geometry": {
        "type": "Point",
        "coordinates": [
          114.9414647,
          -2.883725
        ]
      },
      "id": "way/1283507592"
    },
    {
      "type": "Feature",
      "properties": {
        "@id": "way/1283507607",
        "amenity": "pharmacy",
        "building": "yes",
        "name": "Apotek",
        "@geometry": "center"
      },
      "geometry": {
        "type": "Point",
        "coordinates": [
          114.9350342,
          -2.8828248
        ]
      },
      "id": "way/1283507607"
    },
    {
      "type": "Feature",
      "properties": {
        "@id": "way/1287100806",
        "amenity": "hospital",
        "healthcare": "hospital",
        "name": "Hospital Tawau",
        "website": "https://jknsabah.moh.gov.my/htwu/",
        "@geometry": "center"
      },
      "geometry": {
        "type": "Point",
        "coordinates": [
          117.8805285,
          4.2496396
        ]
      },
      "id": "way/1287100806"
    },
    {
      "type": "Feature",
      "properties": {
        "@id": "way/1288724393",
        "amenity": "hospital",
        "healthcare": "hospital",
        "name": "Hospital Semporna",
        "@geometry": "center"
      },
      "geometry": {
        "type": "Point",
        "coordinates": [
          118.6047011,
          4.4827991
        ]
      },
      "id": "way/1288724393"
    },
    {
      "type": "Feature",
      "properties": {
        "@id": "way/1290387363",
        "amenity": "clinic",
        "building": "yes",
        "healthcare": "clinic",
        "layer": "1",
        "name": "Klinik Kesihatan Braang Bayur",
        "@geometry": "center"
      },
      "geometry": {
        "type": "Point",
        "coordinates": [
          110.2907753,
          1.2484723
        ]
      },
      "id": "way/1290387363"
    },
    {
      "type": "Feature",
      "properties": {
        "@id": "way/1291987938",
        "addr:city": "Limbang",
        "addr:housenumber": "Klinik Kesihatan Nanga Medamit",
        "addr:postcode": "98750",
        "addr:street": "Jalan Medamit",
        "amenity": "clinic",
        "building": "yes",
        "healthcare": "clinic",
        "healthcare:speciality": "emergency;general;dermatology;intensive;gynaecology",
        "name": "Nanga Medamit Health Clinic",
        "operator": "Pegawai Kesihatan,Bahagian limbang, Jalan Pendaruan Limbang",
        "operator:type": "public",
        "@geometry": "center"
      },
      "geometry": {
        "type": "Point",
        "coordinates": [
          114.9153584,
          4.4812036
        ]
      },
      "id": "way/1291987938"
    },
    {
      "type": "Feature",
      "properties": {
        "@id": "way/1292978361",
        "amenity": "clinic",
        "building": "yes",
        "healthcare": "clinic",
        "name": "Klinik Roban",
        "@geometry": "center"
      },
      "geometry": {
        "type": "Point",
        "coordinates": [
          111.3071609,
          1.8823855
        ]
      },
      "id": "way/1292978361"
    },
    {
      "type": "Feature",
      "properties": {
        "@id": "way/1293783526",
        "amenity": "clinic",
        "building": "hospital",
        "healthcare": "clinic",
        "name": "Puskesmas Tanjung Selor",
        "operator": "Ministry of Health",
        "operator:en": "Ministry of Health",
        "operator:id": "Kementerian Kesehatan",
        "operator:type": "government",
        "operator:wikidata": "Q12490745",
        "@geometry": "center"
      },
      "geometry": {
        "type": "Point",
        "coordinates": [
          117.3679621,
          2.848735
        ]
      },
      "id": "way/1293783526"
    },
    {
      "type": "Feature",
      "properties": {
        "@id": "way/1293786289",
        "addr:city": "Miri",
        "addr:housenumber": "916-920, 1202-1203",
        "addr:postcode": "98000",
        "addr:street": "Jalan Hokkien",
        "amenity": "hospital",
        "contact:facebook": "https://www.facebook.com/MiriCityMedicalCentre/",
        "emergency": "yes",
        "fax": "085-438 096",
        "healthcare": "hospital",
        "name": "Miri City Medical Centre",
        "opening_hours": "Mo-Sa 08:00-16:30",
        "operator": "Miri United Healthcare Sdn Bhd",
        "operator:type": "private",
        "phone": "085-426 622;085-412 832",
        "website": "https://www.mcmcmiri.com/",
        "@geometry": "center"
      },
      "geometry": {
        "type": "Point",
        "coordinates": [
          113.9904757,
          4.3945836
        ]
      },
      "id": "way/1293786289"
    },
    {
      "type": "Feature",
      "properties": {
        "@id": "way/1296557204",
        "amenity": "clinic",
        "building": "yes",
        "healthcare": "clinic",
        "name": "Klinik Kesihatan Ibu dan Anak Jalan P. Ramlee",
        "@geometry": "center"
      },
      "geometry": {
        "type": "Point",
        "coordinates": [
          110.3410139,
          1.5563418
        ]
      },
      "id": "way/1296557204"
    },
    {
      "type": "Feature",
      "properties": {
        "@id": "way/1296762805",
        "amenity": "hospital",
        "building": "hospital",
        "healthcare": "hospital",
        "name": "RS Pratama Nawa Cita",
        "@geometry": "center"
      },
      "geometry": {
        "type": "Point",
        "coordinates": [
          114.5466182,
          0.8122079
        ]
      },
      "id": "way/1296762805"
    },
    {
      "type": "Feature",
      "properties": {
        "@id": "way/1298961733",
        "amenity": "clinic",
        "building": "yes",
        "name": "Puskesmas Pembantu Puntik Luar",
        "short_name": "Pustu Puntik Luar",
        "@geometry": "center"
      },
      "geometry": {
        "type": "Point",
        "coordinates": [
          114.6675367,
          -3.2295644
        ]
      },
      "id": "way/1298961733"
    },
    {
      "type": "Feature",
      "properties": {
        "@id": "way/1300721586",
        "addr:city": "Miri",
        "addr:postcode": "98100",
        "addr:street": "Jalan Tudan",
        "amenity": "clinic",
        "healthcare": "clinic",
        "healthcare:speciality": "general",
        "name": "Klinik Kesihatan Tudan",
        "opening_hours": "Mo-Th 08:00-12:30,14:00-17:00; Fr 08:00-12:00,14:30-17:00",
        "phone": "085-654 404;085-664 650",
        "@geometry": "center"
      },
      "geometry": {
        "type": "Point",
        "coordinates": [
          114.0241881,
          4.4798569
        ]
      },
      "id": "way/1300721586"
    },
    {
      "type": "Feature",
      "properties": {
        "@id": "way/1302970341",
        "amenity": "clinic",
        "building": "yes",
        "name": "Puskesmas Sungai Durian",
        "@geometry": "center"
      },
      "geometry": {
        "type": "Point",
        "coordinates": [
          116.164877,
          -2.5142375
        ]
      },
      "id": "way/1302970341"
    },
    {
      "type": "Feature",
      "properties": {
        "@id": "way/1302986514",
        "amenity": "clinic",
        "building": "yes",
        "name": "Puskesmas Pembantu Pamukan Indah",
        "short_name": "Pustu Pamukan Indah",
        "@geometry": "center"
      },
      "geometry": {
        "type": "Point",
        "coordinates": [
          116.2585012,
          -2.3890082
        ]
      },
      "id": "way/1302986514"
    },
    {
      "type": "Feature",
      "properties": {
        "@id": "way/1302986515",
        "amenity": "clinic",
        "building": "yes",
        "name": "Puskesmas Bakau",
        "@geometry": "center"
      },
      "geometry": {
        "type": "Point",
        "coordinates": [
          116.2380302,
          -2.4102787
        ]
      },
      "id": "way/1302986515"
    },
    {
      "type": "Feature",
      "properties": {
        "@id": "way/1302993045",
        "amenity": "pharmacy",
        "building": "yes",
        "name": "Apotek Aima Farma",
        "@geometry": "center"
      },
      "geometry": {
        "type": "Point",
        "coordinates": [
          117.1046028,
          -0.5404316
        ]
      },
      "id": "way/1302993045"
    },
    {
      "type": "Feature",
      "properties": {
        "@id": "way/1302993055",
        "amenity": "pharmacy",
        "building": "yes",
        "name": "Apotek Ricky",
        "@geometry": "center"
      },
      "geometry": {
        "type": "Point",
        "coordinates": [
          117.1051839,
          -0.5400139
        ]
      },
      "id": "way/1302993055"
    },
    {
      "type": "Feature",
      "properties": {
        "@id": "way/1305272891",
        "amenity": "hospital",
        "healthcare": "hospital",
        "@geometry": "center"
      },
      "geometry": {
        "type": "Point",
        "coordinates": [
          114.7888072,
          -1.7945018
        ]
      },
      "id": "way/1305272891"
    },
    {
      "type": "Feature",
      "properties": {
        "@id": "way/1307171900",
        "amenity": "clinic",
        "building": "yes",
        "name": "Puskesmas Pembantu Buluminung",
        "@geometry": "center"
      },
      "geometry": {
        "type": "Point",
        "coordinates": [
          116.6388862,
          -1.2286529
        ]
      },
      "id": "way/1307171900"
    },
    {
      "type": "Feature",
      "properties": {
        "@id": "way/1307171910",
        "amenity": "clinic",
        "building": "yes",
        "name": "Polindes Sepan",
        "@geometry": "center"
      },
      "geometry": {
        "type": "Point",
        "coordinates": [
          116.62203,
          -1.159189
        ]
      },
      "id": "way/1307171910"
    },
    {
      "type": "Feature",
      "properties": {
        "@id": "way/1307263555",
        "addr:city": "Miri",
        "addr:postcode": "98000",
        "addr:street": "Jalan Padang Kerbau",
        "amenity": "clinic",
        "healthcare": "clinic",
        "healthcare:speciality": "general;emergency",
        "name": "Klinik Kesihatan Bandaraya Miri",
        "opening_hours": "Mo-Th 08:00-12:30,14:00-17:00; Fr 08:00-12:00,14:30-17:00",
        "operator": "Ministry of Health Malaysia",
        "operator:type": "government",
        "phone": "085-325 294",
        "@geometry": "center"
      },
      "geometry": {
        "type": "Point",
        "coordinates": [
          114.0010365,
          4.3774568
        ]
      },
      "id": "way/1307263555"
    },
    {
      "type": "Feature",
      "properties": {
        "@id": "way/1307688308",
        "amenity": "hospital",
        "name": "Eks RS Muhammadiyah Tana Paser",
        "@geometry": "center"
      },
      "geometry": {
        "type": "Point",
        "coordinates": [
          116.1857602,
          -1.9002736
        ]
      },
      "id": "way/1307688308"
    },
    {
      "type": "Feature",
      "properties": {
        "@id": "way/1308395314",
        "amenity": "clinic",
        "building": "yes",
        "healthcare": "clinic",
        "name": "Kantor Kesehatan Pelabuhan Kelas IIB Wilker Tanjung Selor",
        "operator": "Ministry of Health",
        "operator:en": "Ministry of Health",
        "operator:id": "Kementerian Kesehatan",
        "operator:wikidata": "Q12490745",
        "@geometry": "center"
      },
      "geometry": {
        "type": "Point",
        "coordinates": [
          117.3858435,
          2.8697352
        ]
      },
      "id": "way/1308395314"
    },
    {
      "type": "Feature",
      "properties": {
        "@id": "way/1308767097",
        "alt_name": "Rumah Sakit Kementerian Kesehatan Nusantara;RS Kemenkes",
        "amenity": "hospital",
        "healthcare": "hospital",
        "name": "RS Kemenkes Nusantara",
        "website": "https://www.rsupikn.com/",
        "@geometry": "center"
      },
      "geometry": {
        "type": "Point",
        "coordinates": [
          116.7039026,
          -0.9703668
        ]
      },
      "id": "way/1308767097"
    },
    {
      "type": "Feature",
      "properties": {
        "@id": "way/1308952311",
        "amenity": "hospital",
        "healthcare": "hospital",
        "name": "RSUD Mamuju",
        "@geometry": "center"
      },
      "geometry": {
        "type": "Point",
        "coordinates": [
          118.8888339,
          -2.6849401
        ]
      },
      "id": "way/1308952311"
    },
    {
      "type": "Feature",
      "properties": {
        "@id": "way/1309413243",
        "amenity": "clinic",
        "healthcare": "clinic",
        "name": "Klinik Kesihatan Ladang 3",
        "phone": "085-424 722",
        "@geometry": "center"
      },
      "geometry": {
        "type": "Point",
        "coordinates": [
          113.8835758,
          3.8698907
        ]
      },
      "id": "way/1309413243"
    },
    {
      "type": "Feature",
      "properties": {
        "@id": "way/1316556559",
        "amenity": "clinic",
        "building": "yes",
        "name": "Puskesmas Benangin",
        "operator": "Dinkes Barito Utara",
        "@geometry": "center"
      },
      "geometry": {
        "type": "Point",
        "coordinates": [
          115.3718023,
          -0.9945846
        ]
      },
      "id": "way/1316556559"
    },
    {
      "type": "Feature",
      "properties": {
        "@id": "way/1316635930",
        "amenity": "clinic",
        "building": "yes",
        "name": "Poskesdes Mawani",
        "@geometry": "center"
      },
      "geometry": {
        "type": "Point",
        "coordinates": [
          115.4049567,
          -1.9632827
        ]
      },
      "id": "way/1316635930"
    },
    {
      "type": "Feature",
      "properties": {
        "@id": "way/1329001205",
        "addr:city": "Banjarbaru",
        "addr:street": "Jalan Kemuning",
        "amenity": "pharmacy",
        "building": "yes",
        "drive_through": "no",
        "healthcare": "pharmacy",
        "name": "Toko Obat Uswan",
        "@geometry": "center"
      },
      "geometry": {
        "type": "Point",
        "coordinates": [
          114.8306973,
          -3.4445389
        ]
      },
      "id": "way/1329001205"
    },
    {
      "type": "Feature",
      "properties": {
        "@id": "way/1330567602",
        "amenity": "hospital",
        "healthcare": "hospital",
        "name": "Rumah Sakit Marina Permata",
        "operator": "Jhonlin",
        "operator:type": "private",
        "@geometry": "center"
      },
      "geometry": {
        "type": "Point",
        "coordinates": [
          115.9862394,
          -3.3974562
        ]
      },
      "id": "way/1330567602"
    },
    {
      "type": "Feature",
      "properties": {
        "@id": "way/1331175998",
        "amenity": "pharmacy",
        "brand": "Kimia Farma",
        "brand:wikidata": "Q11264892",
        "building": "yes",
        "healthcare": "pharmacy",
        "name": "Kimia Farma",
        "@geometry": "center"
      },
      "geometry": {
        "type": "Point",
        "coordinates": [
          116.004546,
          -3.4251169
        ]
      },
      "id": "way/1331175998"
    },
    {
      "type": "Feature",
      "properties": {
        "@id": "way/1349159638",
        "amenity": "hospital",
        "name": "RSUD Datu Sanggul",
        "@geometry": "center"
      },
      "geometry": {
        "type": "Point",
        "coordinates": [
          115.180605,
          -2.9402866
        ]
      },
      "id": "way/1349159638"
    },
    {
      "type": "Feature",
      "properties": {
        "@id": "way/1349159647",
        "amenity": "clinic",
        "building": "yes",
        "name": "Puskesmas Tapin Utara",
        "@geometry": "center"
      },
      "geometry": {
        "type": "Point",
        "coordinates": [
          115.1436913,
          -2.9326382
        ]
      },
      "id": "way/1349159647"
    },
    {
      "type": "Feature",
      "properties": {
        "@id": "way/1352462137",
        "amenity": "hospital",
        "emergency": "yes",
        "healthcare": "hospital",
        "name": "Puskesmas Lok Bahu",
        "@geometry": "center"
      },
      "geometry": {
        "type": "Point",
        "coordinates": [
          117.0863194,
          -0.4932618
        ]
      },
      "id": "way/1352462137"
    },
    {
      "type": "Feature",
      "properties": {
        "@id": "way/1352981888",
        "amenity": "hospital",
        "healthcare": "hospital",
        "name": "Rumah Sakit Mitra Manakarra Mamuju",
        "@geometry": "center"
      },
      "geometry": {
        "type": "Point",
        "coordinates": [
          118.8859579,
          -2.6844874
        ]
      },
      "id": "way/1352981888"
    },
    {
      "type": "Feature",
      "properties": {
        "@id": "way/1353060013",
        "amenity": "hospital",
        "building": "hospital",
        "healthcare": "hospital",
        "name": "Puskesmas Long Apari",
        "@geometry": "center"
      },
      "geometry": {
        "type": "Point",
        "coordinates": [
          114.2722265,
          0.7732636
        ]
      },
      "id": "way/1353060013"
    },
    {
      "type": "Feature",
      "properties": {
        "@id": "way/1356468164",
        "amenity": "clinic",
        "building": "yes",
        "name": "Puskesmas Pulau Tanjung",
        "@geometry": "center"
      },
      "geometry": {
        "type": "Point",
        "coordinates": [
          115.9282932,
          -3.5357799
        ]
      },
      "id": "way/1356468164"
    },
    {
      "type": "Feature",
      "properties": {
        "@id": "way/1359749164",
        "amenity": "clinic",
        "building": "hospital",
        "healthcare": "clinic",
        "name": "Puskesmas Long Sule",
        "operator": "Ministry of Health",
        "operator:en": "Ministry of Health",
        "operator:id": "Kementerian Kesehatan",
        "operator:type": "government",
        "operator:wikidata": "Q12490745",
        "@geometry": "center"
      },
      "geometry": {
        "type": "Point",
        "coordinates": [
          115.7089778,
          1.3930789
        ]
      },
      "id": "way/1359749164"
    },
    {
      "type": "Feature",
      "properties": {
        "@id": "way/1364899867",
        "amenity": "hospital",
        "healthcare": "hospital",
        "name": "RSAL Ilyas",
        "operator": "TNI AL",
        "operator:type": "military",
        "@geometry": "center"
      },
      "geometry": {
        "type": "Point",
        "coordinates": [
          117.6004905,
          3.3079564
        ]
      },
      "id": "way/1364899867"
    },
    {
      "type": "Feature",
      "properties": {
        "@id": "way/1366730325",
        "addr:city": "Banjarbaru",
        "addr:street": "Jalan Lanan",
        "addr:subdistrict": "Banjarbaru Selatan",
        "amenity": "clinic",
        "building": "yes",
        "healthcare": "clinic",
        "healthcare:speciality": "general;emergency;community;geriatrics;otolaryngology;infectious_diseases;vaccination;dentistry;fertility;blood_check",
        "name": "Puskesmas Banjarbaru Selatan",
        "opening_hours": "Mo-Th 08:00-11:00; Fr 08:00-10:00; Sa 08:00-11:00",
        "operator": "Ministry of Health",
        "operator:en": "Ministry of Health",
        "operator:id": "Kementerian Kesehatan",
        "operator:type": "government",
        "operator:wikidata": "Q12490745",
        "@geometry": "center"
      },
      "geometry": {
        "type": "Point",
        "coordinates": [
          114.8296933,
          -3.4442173
        ]
      },
      "id": "way/1366730325"
    },
    {
      "type": "Feature",
      "properties": {
        "@id": "way/1367349859",
        "addr:city": "Sangatta",
        "addr:district": "Kutai Timur",
        "addr:housename": "Posyandu Bougenville",
        "addr:neighbourhood": "Desa Bukit Makmur",
        "addr:postcode": "75618",
        "addr:province": "Kalimantan Timur",
        "addr:street": "Jl. Ery Soeparjan",
        "addr:subdistrict": "Kaliorang",
        "amenity": "clinic",
        "building": "yes",
        "healthcare": "clinic",
        "healthcare:speciality": "vaccination;depth",
        "name": "Posyandu Bougenville",
        "operator": "Posyandu",
        "operator:type": "private",
        "operator:wikidata": "Q12506263",
        "@geometry": "center"
      },
      "geometry": {
        "type": "Point",
        "coordinates": [
          117.8347711,
          0.8960655
        ]
      },
      "id": "way/1367349859"
    },
    {
      "type": "Feature",
      "properties": {
        "@id": "way/1367351895",
        "addr:city": "Sangatta",
        "addr:district": "Kutai Timur",
        "addr:housename": "Puskesmas Pembantu Desa Bukit Makmur",
        "addr:neighbourhood": "Desa Bukit Makmur",
        "addr:postcode": "75618",
        "addr:province": "Kalimantan Timur",
        "addr:street": "Jl. Ery Soeparjan",
        "addr:subdistrict": "Kaliorang",
        "amenity": "clinic",
        "healthcare": "clinic",
        "healthcare:speciality": "general",
        "name": "Puskesmas Pembantu",
        "operator": "Ministry of Health",
        "operator:en": "Ministry of Health",
        "operator:id": "Kementerian Kesehatan",
        "operator:type": "government",
        "operator:wikidata": "Q12490745",
        "@geometry": "center"
      },
      "geometry": {
        "type": "Point",
        "coordinates": [
          117.8351894,
          0.897474
        ]
      },
      "id": "way/1367351895"
    },
    {
      "type": "Feature",
      "properties": {
        "@id": "way/1367354741",
        "alt_name": "RS Sultan Agung;RSI Sultan Agung Banjarbaru;Rumah Sakit Islam Banjarbaru",
        "amenity": "hospital",
        "bicycle": "yes",
        "contact:instagram": "https://www.instagram.com/rsi.sultanagung/",
        "emergency": "yes",
        "healthcare": "hospital",
        "healthcare:speciality": "general;ophthalmology;urology;internal;dentist;dermatology;venereology;neurology",
        "motorcar": "yes",
        "motorcycle": "yes",
        "name": "Rumah Sakit Islam Sultan Agung Banjarbaru",
        "operator:type": "religious",
        "@geometry": "center"
      },
      "geometry": {
        "type": "Point",
        "coordinates": [
          114.699054,
          -3.4311628
        ]
      },
      "id": "way/1367354741"
    },
    {
      "type": "Feature",
      "properties": {
        "@id": "way/1387923174",
        "amenity": "clinic",
        "building": "yes",
        "name": "Poskesdes Samuda",
        "@geometry": "center"
      },
      "geometry": {
        "type": "Point",
        "coordinates": [
          114.6160497,
          -3.1198802
        ]
      },
      "id": "way/1387923174"
    },
    {
      "type": "Feature",
      "properties": {
        "@id": "way/1388184555",
        "amenity": "hospital",
        "facebook": "https://www.facebook.com/p/Rajah-Charles-Brooke-Memorial-RCBM-Hospital-100064738610099/",
        "healthcare": "hospital",
        "name": "Hospital Peringatan Rajah Charles Brooke",
        "name:en": "Rajah Charles Brooke Memorial Hospital",
        "@geometry": "center"
      },
      "geometry": {
        "type": "Point",
        "coordinates": [
          110.3220781,
          1.3885748
        ]
      },
      "id": "way/1388184555"
    },
    {
      "type": "Feature",
      "properties": {
        "@id": "way/1391987331",
        "amenity": "hospital",
        "emergency": "yes",
        "healthcare": "hospital",
        "name": "Rumah Sakit Bhayangkara Hoegeng Imam Santoso",
        "@geometry": "center"
      },
      "geometry": {
        "type": "Point",
        "coordinates": [
          118.8640595,
          -2.677036
        ]
      },
      "id": "way/1391987331"
    },
    {
      "type": "Feature",
      "properties": {
        "@id": "way/1392260014",
        "amenity": "clinic",
        "building": "yes",
        "name": "Poskesdes Sungai Rasau",
        "@geometry": "center"
      },
      "geometry": {
        "type": "Point",
        "coordinates": [
          114.7439393,
          -3.0481625
        ]
      },
      "id": "way/1392260014"
    },
    {
      "type": "Feature",
      "properties": {
        "@id": "way/1393755394",
        "amenity": "clinic",
        "building": "yes",
        "name": "Poskesdes Mendik Karya",
        "@geometry": "center"
      },
      "geometry": {
        "type": "Point",
        "coordinates": [
          116.2657211,
          -1.4290408
        ]
      },
      "id": "way/1393755394"
    },
    {
      "type": "Feature",
      "properties": {
        "@id": "way/1410356470",
        "amenity": "clinic",
        "building": "yes",
        "healthcare": "clinic",
        "name": "Klinik Kesihatan Kapit",
        "operator": "Kementerian Kesihatan Malaysia",
        "operator:short": "KKM",
        "operator:type": "government",
        "operator:wikidata": "Q4294352",
        "@geometry": "center"
      },
      "geometry": {
        "type": "Point",
        "coordinates": [
          112.9256317,
          2.0141353
        ]
      },
      "id": "way/1410356470"
    },
    {
      "type": "Feature",
      "properties": {
        "@id": "way/1412980689",
        "amenity": "clinic",
        "name": "Puskesmas IKN",
        "@geometry": "center"
      },
      "geometry": {
        "type": "Point",
        "coordinates": [
          116.6976188,
          -0.9758304
        ]
      },
      "id": "way/1412980689"
    },
    {
      "type": "Feature",
      "properties": {
        "@id": "way/1413560500",
        "alt_name": "Rumah Sakit Hermina",
        "amenity": "hospital",
        "branch": "Nusantara",
        "healthcare": "hospital",
        "name": "RS Hermina",
        "name:id": "RS Hermina",
        "website": "https://www.herminahospitals.com/",
        "@geometry": "center"
      },
      "geometry": {
        "type": "Point",
        "coordinates": [
          116.713082,
          -0.9710595
        ]
      },
      "id": "way/1413560500"
    },
    {
      "type": "Feature",
      "properties": {
        "@id": "way/1419222083",
        "amenity": "clinic",
        "building": "yes",
        "name": "Puskesmas Bangkuang",
        "@geometry": "center"
      },
      "geometry": {
        "type": "Point",
        "coordinates": [
          114.891649,
          -2.0388003
        ]
      },
      "id": "way/1419222083"
    },
    {
      "type": "Feature",
      "properties": {
        "@id": "way/1422445390",
        "amenity": "hospital",
        "healthcare": "hospital",
        "@geometry": "center"
      },
      "geometry": {
        "type": "Point",
        "coordinates": [
          119.4174022,
          -2.9604979
        ]
      },
      "id": "way/1422445390"
    },
    {
      "type": "Feature",
      "properties": {
        "@id": "way/1425495551",
        "amenity": "clinic",
        "building": "yes",
        "healthcare": "clinic",
        "name": "Poliklinik/Klinik Kesihatan Sri Aman",
        "operator": "Kementerian Kesihatan Malaysia",
        "operator:short": "KKM",
        "operator:type": "government",
        "operator:wikidata": "Q4294352",
        "@geometry": "center"
      },
      "geometry": {
        "type": "Point",
        "coordinates": [
          111.4623517,
          1.2334146
        ]
      },
      "id": "way/1425495551"
    },
    {
      "type": "Feature",
      "properties": {
        "@id": "node/1440386831",
        "amenity": "hospital",
        "name": "RSUD Dr. Achmad Diponegoro"
      },
      "geometry": {
        "type": "Point",
        "coordinates": [
          112.9235302,
          0.8695012
        ]
      },
      "id": "node/1440386831"
    },
    {
      "type": "Feature",
      "properties": {
        "@id": "node/1441078875",
        "amenity": "pharmacy",
        "dispensing": "yes",
        "name": "Apotik Husada"
      },
      "geometry": {
        "type": "Point",
        "coordinates": [
          112.9246963,
          0.8594003
        ]
      },
      "id": "node/1441078875"
    },
    {
      "type": "Feature",
      "properties": {
        "@id": "node/1441078876",
        "amenity": "pharmacy",
        "dispensing": "yes",
        "name": "Apotek Arwana"
      },
      "geometry": {
        "type": "Point",
        "coordinates": [
          112.9231188,
          0.8689323
        ]
      },
      "id": "node/1441078876"
    },
    {
      "type": "Feature",
      "properties": {
        "@id": "node/1441078954",
        "amenity": "pharmacy",
        "dispensing": "yes",
        "name": "Apotek Kita Farma 2"
      },
      "geometry": {
        "type": "Point",
        "coordinates": [
          112.9227432,
          0.870564
        ]
      },
      "id": "node/1441078954"
    },
    {
      "type": "Feature",
      "properties": {
        "@id": "node/1441079007",
        "amenity": "doctors",
        "name": "Puskesmas Kedamin"
      },
      "geometry": {
        "type": "Point",
        "coordinates": [
          112.924997,
          0.8387196
        ]
      },
      "id": "node/1441079007"
    },
    {
      "type": "Feature",
      "properties": {
        "@id": "node/1441079010",
        "amenity": "doctors",
        "name": "Puskesmas Pembantu Desa Nanga Sambus"
      },
      "geometry": {
        "type": "Point",
        "coordinates": [
          112.9505408,
          0.8675392
        ]
      },
      "id": "node/1441079010"
    },
    {
      "type": "Feature",
      "properties": {
        "@id": "node/1441079014",
        "amenity": "doctors",
        "name": "Puskesmas Putussibau Utara"
      },
      "geometry": {
        "type": "Point",
        "coordinates": [
          112.928988,
          0.8876086
        ]
      },
      "id": "node/1441079014"
    },
    {
      "type": "Feature",
      "properties": {
        "@id": "node/1441079032",
        "amenity": "pharmacy",
        "dispensing": "yes",
        "name": "Apotek Rasi Farma Jaya"
      },
      "geometry": {
        "type": "Point",
        "coordinates": [
          112.9249423,
          0.8626734
        ]
      },
      "id": "node/1441079032"
    },
    {
      "type": "Feature",
      "properties": {
        "@id": "node/1441079221",
        "amenity": "pharmacy",
        "dispensing": "yes",
        "name": "Apotek Sentosa"
      },
      "geometry": {
        "type": "Point",
        "coordinates": [
          112.924292,
          0.8667361
        ]
      },
      "id": "node/1441079221"
    },
    {
      "type": "Feature",
      "properties": {
        "@id": "node/1441079265",
        "amenity": "pharmacy",
        "dispensing": "yes",
        "name": "Apotek Uncak Kapuas"
      },
      "geometry": {
        "type": "Point",
        "coordinates": [
          112.923001,
          0.8718564
        ]
      },
      "id": "node/1441079265"
    },
    {
      "type": "Feature",
      "properties": {
        "@id": "node/1447971840",
        "amenity": "clinic",
        "healthcare": "clinic",
        "healthcare:speciality": "gynaecology",
        "name": "Klinik Bersalin Nur Annisa"
      },
      "geometry": {
        "type": "Point",
        "coordinates": [
          112.9227763,
          0.8728802
        ]
      },
      "id": "node/1447971840"
    },
    {
      "type": "Feature",
      "properties": {
        "@id": "way/1451856062",
        "amenity": "clinic",
        "building": "yes",
        "healthcare": "clinic",
        "name": "Puskesmas Pembantu Sabanar Baru",
        "operator": "Ministry of Health",
        "operator:en": "Ministry of Health",
        "operator:id": "Kementerian Kesehatan",
        "operator:type": "government",
        "operator:wikidata": "Q12490745",
        "@geometry": "center"
      },
      "geometry": {
        "type": "Point",
        "coordinates": [
          117.4112362,
          2.8523591
        ]
      },
      "id": "way/1451856062"
    },
    {
      "type": "Feature",
      "properties": {
        "@id": "way/1453504043",
        "amenity": "clinic",
        "emergency": "yes",
        "healthcare": "clinic",
        "name": "Puskesmas Long Bawan",
        "operator": "Ministry of Health",
        "operator:en": "Ministry of Health",
        "operator:id": "Kementerian Kesehatan",
        "operator:type": "government",
        "operator:wikidata": "Q12490745",
        "@geometry": "center"
      },
      "geometry": {
        "type": "Point",
        "coordinates": [
          115.6969186,
          3.9063137
        ]
      },
      "id": "way/1453504043"
    },
    {
      "type": "Feature",
      "properties": {
        "@id": "way/1455900350",
        "amenity": "clinic",
        "building": "yes",
        "healthcare": "clinic",
        "name": "Puskesmas Nunukan Timur",
        "operator": "Ministry of Health",
        "operator:en": "Ministry of Health",
        "operator:id": "Kementerian Kesehatan",
        "operator:type": "government",
        "operator:wikidata": "Q12490745",
        "@geometry": "center"
      },
      "geometry": {
        "type": "Point",
        "coordinates": [
          117.6595623,
          4.1450034
        ]
      },
      "id": "way/1455900350"
    },
    {
      "type": "Feature",
      "properties": {
        "@id": "way/1456407680",
        "amenity": "hospital",
        "emergency": "yes",
        "healthcare": "hospital",
        "name": "RS Pratama Sebuku",
        "@geometry": "center"
      },
      "geometry": {
        "type": "Point",
        "coordinates": [
          117.0238725,
          3.9740527
        ]
      },
      "id": "way/1456407680"
    },
    {
      "type": "Feature",
      "properties": {
        "@id": "way/1460425300",
        "amenity": "clinic",
        "building": "yes",
        "healthcare": "clinic",
        "name": "Puskesmas Sebatik",
        "@geometry": "center"
      },
      "geometry": {
        "type": "Point",
        "coordinates": [
          117.8938122,
          4.1660425
        ]
      },
      "id": "way/1460425300"
    },
    {
      "type": "Feature",
      "properties": {
        "@id": "way/1462472023",
        "amenity": "clinic",
        "building": "yes",
        "name": "Puskesmas Sangasanga",
        "@geometry": "center"
      },
      "geometry": {
        "type": "Point",
        "coordinates": [
          117.2331129,
          -0.6577588
        ]
      },
      "id": "way/1462472023"
    },
    {
      "type": "Feature",
      "properties": {
        "@id": "way/1466924363",
        "amenity": "clinic",
        "building": "yes",
        "name": "Puskesmas Pembantu Sedulang",
        "@geometry": "center"
      },
      "geometry": {
        "type": "Point",
        "coordinates": [
          116.6631544,
          -0.3854231
        ]
      },
      "id": "way/1466924363"
    },
    {
      "type": "Feature",
      "properties": {
        "@id": "way/1466963000",
        "amenity": "clinic",
        "healthcare": "clinic",
        "name": "Puskesmas Mamasa",
        "operator": "Ministry of Health",
        "operator:en": "Ministry of Health",
        "operator:id": "Kementerian Kesehatan",
        "operator:type": "government",
        "operator:wikidata": "Q12490745",
        "@geometry": "center"
      },
      "geometry": {
        "type": "Point",
        "coordinates": [
          119.377865,
          -2.9419068
        ]
      },
      "id": "way/1466963000"
    },
    {
      "type": "Feature",
      "properties": {
        "@id": "way/1466963020",
        "amenity": "hospital",
        "emergency": "yes",
        "healthcare": "hospital",
        "name": "Rumah Sakit Banua Mamase",
        "@geometry": "center"
      },
      "geometry": {
        "type": "Point",
        "coordinates": [
          119.3777903,
          -2.9394896
        ]
      },
      "id": "way/1466963020"
    },
    {
      "type": "Feature",
      "properties": {
        "@id": "way/1489154094",
        "amenity": "hospital",
        "emergency": "yes",
        "healthcare": "hospital",
        "name": "Hospital Daro",
        "operator": "Kementerian Kesihatan Malaysia",
        "operator:short": "KKM",
        "operator:type": "government",
        "operator:wikidata": "Q4294352",
        "@geometry": "center"
      },
      "geometry": {
        "type": "Point",
        "coordinates": [
          111.4137884,
          2.5227038
        ]
      },
      "id": "way/1489154094"
    },
    {
      "type": "Feature",
      "properties": {
        "@id": "way/1498780328",
        "amenity": "hospital",
        "healthcare": "hospital",
        "name": "RSI PKU Muhammadiyah Palangka Raya",
        "name:en": "PKU Muhammadiyah Islamic Hospital",
        "@geometry": "center"
      },
      "geometry": {
        "type": "Point",
        "coordinates": [
          113.9192677,
          -2.2273574
        ]
      },
      "id": "way/1498780328"
    },
    {
      "type": "Feature",
      "properties": {
        "@id": "way/1498946597",
        "amenity": "hospital",
        "emergency": "yes",
        "healthcare": "hospital",
        "name": "Rumah Sakit Ibu dan Anak Yasmin",
        "@geometry": "center"
      },
      "geometry": {
        "type": "Point",
        "coordinates": [
          113.9095664,
          -2.1991205
        ]
      },
      "id": "way/1498946597"
    },
    {
      "type": "Feature",
      "properties": {
        "@id": "way/1499920731",
        "amenity": "clinic",
        "healthcare": "clinic",
        "name": "Klinik Kesihatan Sebuyau",
        "operator": "Kementerian Kesihatan Malaysia",
        "operator:short": "KKM",
        "operator:type": "government",
        "operator:wikidata": "Q4294352",
        "@geometry": "center"
      },
      "geometry": {
        "type": "Point",
        "coordinates": [
          110.9300995,
          1.5101216
        ]
      },
      "id": "way/1499920731"
    },
    {
      "type": "Feature",
      "properties": {
        "@id": "way/1500646095",
        "amenity": "clinic",
        "healthcare": "clinic",
        "name": "Klinik Kesihatan Asajaya",
        "operator": "Kementerian Kesihatan Malaysia",
        "operator:short": "KKM",
        "operator:type": "government",
        "operator:wikidata": "Q4294352",
        "@geometry": "center"
      },
      "geometry": {
        "type": "Point",
        "coordinates": [
          110.6040962,
          1.5453563
        ]
      },
      "id": "way/1500646095"
    },
    {
      "type": "Feature",
      "properties": {
        "@id": "way/1501039776",
        "amenity": "hospital",
        "healthcare": "hospital",
        "name": "Posyandu RT 42 Kelurahan Sungai Nangka",
        "@geometry": "center"
      },
      "geometry": {
        "type": "Point",
        "coordinates": [
          116.8821863,
          -1.2586949
        ]
      },
      "id": "way/1501039776"
    },
    {
      "type": "Feature",
      "properties": {
        "@id": "way/1501691530",
        "addr:full": "Jl. Awang Long Senopati",
        "amenity": "hospital",
        "capacity:persons": "100",
        "name": "Balai Pengobat Santa Familia",
        "rooms": "10",
        "@geometry": "center"
      },
      "geometry": {
        "type": "Point",
        "coordinates": [
          115.6795037,
          -0.2362425
        ]
      },
      "id": "way/1501691530"
    },
    {
      "type": "Feature",
      "properties": {
        "@id": "way/1502853824",
        "amenity": "hospital",
        "highway": "residential",
        "@geometry": "center"
      },
      "geometry": {
        "type": "Point",
        "coordinates": [
          115.6993912,
          -0.2416958
        ]
      },
      "id": "way/1502853824"
    },
    {
      "type": "Feature",
      "properties": {
        "@id": "way/1504283750",
        "amenity": "hospital",
        "healthcare": "hospital",
        "name": "Rumah Sakit Advent Palangkaraya",
        "opening_hours": "24/7",
        "wheelchair": "yes",
        "@geometry": "center"
      },
      "geometry": {
        "type": "Point",
        "coordinates": [
          113.9262772,
          -2.2157869
        ]
      },
      "id": "way/1504283750"
    },
    {
      "type": "Feature",
      "properties": {
        "@id": "way/1504777836",
        "amenity": "hospital",
        "emergency": "yes",
        "healthcare": "hospital",
        "name": "Rumah Sakit Siloam Palangka Raya",
        "@geometry": "center"
      },
      "geometry": {
        "type": "Point",
        "coordinates": [
          113.9212022,
          -2.2422217
        ]
      },
      "id": "way/1504777836"
    },
    {
      "type": "Feature",
      "properties": {
        "@id": "way/1507758463",
        "access": "private",
        "amenity": "hospital",
        "area": "yes",
        "healthcare": "hospital",
        "name": "Kuarters Kementerian Kesihatan Sri Aman",
        "operator": "federal_government",
        "@geometry": "center"
      },
      "geometry": {
        "type": "Point",
        "coordinates": [
          111.4677911,
          1.2108372
        ]
      },
      "id": "way/1507758463"
    },
    {
      "type": "Feature",
      "properties": {
        "@id": "way/1508801440",
        "amenity": "clinic",
        "healthcare": "clinic",
        "name": "Puskesmas Malabo",
        "operator": "Ministry of Health",
        "operator:en": "Ministry of Health",
        "operator:id": "Kementerian Kesehatan",
        "operator:type": "government",
        "operator:wikidata": "Q12490745",
        "@geometry": "center"
      },
      "geometry": {
        "type": "Point",
        "coordinates": [
          119.3027424,
          -3.0237392
        ]
      },
      "id": "way/1508801440"
    },
    {
      "type": "Feature",
      "properties": {
        "@id": "way/1509006887",
        "amenity": "hospital",
        "healthcare": "hospital",
        "name": "Hospital Sri Aman",
        "@geometry": "center"
      },
      "geometry": {
        "type": "Point",
        "coordinates": [
          111.4622787,
          1.2340306
        ]
      },
      "id": "way/1509006887"
    },
    {
      "type": "Feature",
      "properties": {
        "@id": "way/1509395833",
        "amenity": "clinic",
        "building": "house",
        "healthcare": "clinic",
        "name": "Pustu Sasakan",
        "operator": "Ministry of Health",
        "operator:en": "Ministry of Health",
        "operator:id": "Kementerian Kesehatan",
        "operator:type": "government",
        "operator:wikidata": "Q12490745",
        "@geometry": "center"
      },
      "geometry": {
        "type": "Point",
        "coordinates": [
          119.305757,
          -3.1559809
        ]
      },
      "id": "way/1509395833"
    },
    {
      "type": "Feature",
      "properties": {
        "@id": "way/1509395849",
        "amenity": "clinic",
        "healthcare": "clinic",
        "name": "Puskesmas Sumarorong",
        "operator": "Ministry of Health",
        "operator:en": "Ministry of Health",
        "operator:id": "Kementerian Kesehatan",
        "operator:type": "government",
        "operator:wikidata": "Q12490745",
        "@geometry": "center"
      },
      "geometry": {
        "type": "Point",
        "coordinates": [
          119.3098203,
          -3.1410342
        ]
      },
      "id": "way/1509395849"
    },
    {
      "type": "Feature",
      "properties": {
        "@id": "way/1511791924",
        "amenity": "clinic",
        "healthcare": "clinic",
        "name": "Puskesmas Tanjung Palas",
        "operator": "Ministry of Health",
        "operator:en": "Ministry of Health",
        "operator:id": "Kementerian Kesehatan",
        "operator:type": "government",
        "operator:wikidata": "Q12490745",
        "@geometry": "center"
      },
      "geometry": {
        "type": "Point",
        "coordinates": [
          117.3357743,
          2.8476877
        ]
      },
      "id": "way/1511791924"
    },
    {
      "type": "Feature",
      "properties": {
        "@id": "way/1521304802",
        "amenity": "hospital",
        "healthcare": "hospital",
        "name": "Rumah Sakit TNI AD Palangka Raya",
        "@geometry": "center"
      },
      "geometry": {
        "type": "Point",
        "coordinates": [
          113.9361801,
          -2.2154649
        ]
      },
      "id": "way/1521304802"
    },
    {
      "type": "Feature",
      "properties": {
        "@id": "way/1523595424",
        "amenity": "clinic",
        "healthcare": "clinic",
        "name": "Klinik Batu Lintang",
        "operator": "Kementerian Kesihatan Malaysia",
        "operator:short": "KKM",
        "operator:type": "government",
        "operator:wikidata": "Q4294352",
        "@geometry": "center"
      },
      "geometry": {
        "type": "Point",
        "coordinates": [
          111.5567683,
          1.0204287
        ]
      },
      "id": "way/1523595424"
    },
    {
      "type": "Feature",
      "properties": {
        "@id": "way/1525649541",
        "amenity": "clinic",
        "building": "yes",
        "name": "Puskesmas Tapin Bini",
        "@geometry": "center"
      },
      "geometry": {
        "type": "Point",
        "coordinates": [
          111.3150751,
          -1.8951236
        ]
      },
      "id": "way/1525649541"
    },
    {
      "type": "Feature",
      "properties": {
        "@id": "way/1525649600",
        "amenity": "clinic",
        "building": "yes",
        "name": "Puskesmas Kawa",
        "@geometry": "center"
      },
      "geometry": {
        "type": "Point",
        "coordinates": [
          111.1193418,
          -1.8915527
        ]
      },
      "id": "way/1525649600"
    },
    {
      "type": "Feature",
      "properties": {
        "@id": "way/1525649609",
        "amenity": "clinic",
        "building": "yes",
        "name": "Poskesdes Penopa",
        "@geometry": "center"
      },
      "geometry": {
        "type": "Point",
        "coordinates": [
          111.178842,
          -1.9562234
        ]
      },
      "id": "way/1525649609"
    },
    {
      "type": "Feature",
      "properties": {
        "@id": "way/1525679690",
        "amenity": "clinic",
        "building": "yes",
        "name": "Puskesmas Delang",
        "@geometry": "center"
      },
      "geometry": {
        "type": "Point",
        "coordinates": [
          111.0356795,
          -1.5966543
        ]
      },
      "id": "way/1525679690"
    },
    {
      "type": "Feature",
      "properties": {
        "@id": "way/1525679734",
        "amenity": "clinic",
        "building": "yes",
        "name": "Poskesdes Sekombulan",
        "@geometry": "center"
      },
      "geometry": {
        "type": "Point",
        "coordinates": [
          110.9398032,
          -1.6230318
        ]
      },
      "id": "way/1525679734"
    },
    {
      "type": "Feature",
      "properties": {
        "@id": "way/1526865755",
        "amenity": "hospital",
        "healthcare": "hospital",
        "name": "Klinik Kesihatan Engkilili",
        "operator": "Kementerian Kesihatan Malaysia",
        "operator:short": "KKM",
        "operator:type": "government",
        "operator:wikidata": "Q4294352",
        "@geometry": "center"
      },
      "geometry": {
        "type": "Point",
        "coordinates": [
          111.6681483,
          1.1363187
        ]
      },
      "id": "way/1526865755"
    },
    {
      "type": "Feature",
      "properties": {
        "@id": "way/1530588852",
        "amenity": "hospital",
        "healthcare": "hospital",
        "name": "Puskesmas Pahandut",
        "@geometry": "center"
      },
      "geometry": {
        "type": "Point",
        "coordinates": [
          113.9387169,
          -2.2060167
        ]
      },
      "id": "way/1530588852"
    },
    {
      "type": "Feature",
      "properties": {
        "@id": "way/1531570544",
        "amenity": "hospital",
        "healthcare": "hospital",
        "name": "Rumah Sakit Umum Daerah (RSUD) Muara Teweh",
        "@geometry": "center"
      },
      "geometry": {
        "type": "Point",
        "coordinates": [
          114.8887999,
          -0.9615133
        ]
      },
      "id": "way/1531570544"
    },
    {
      "type": "Feature",
      "properties": {
        "@id": "way/1533052937",
        "amenity": "hospital",
        "name": "RSUD Dayaku Raja",
        "@geometry": "center"
      },
      "geometry": {
        "type": "Point",
        "coordinates": [
          116.6207668,
          -0.2493957
        ]
      },
      "id": "way/1533052937"
    },
    {
      "type": "Feature",
      "properties": {
        "@id": "way/1533227110",
        "amenity": "hospital",
        "healthcare": "hospital",
        "name": "Rumah Sakit Bhayangkara Palangka Raya",
        "name:en": "Bhayangkara Hospital Palangka Raya",
        "@geometry": "center"
      },
      "geometry": {
        "type": "Point",
        "coordinates": [
          113.9314834,
          -2.2096053
        ]
      },
      "id": "way/1533227110"
    },
    {
      "type": "Feature",
      "properties": {
        "@id": "way/1544966349",
        "amenity": "hospital",
        "healthcare": "hospital",
        "name": "RSUD Akhmad Berahim",
        "@geometry": "center"
      },
      "geometry": {
        "type": "Point",
        "coordinates": [
          116.9117315,
          3.6056258
        ]
      },
      "id": "way/1544966349"
    },
    {
      "type": "Feature",
      "properties": {
        "@id": "way/1545011941",
        "amenity": "clinic",
        "building": "yes",
        "healthcare": "clinic",
        "name": "Puskesmas Karang Rejo",
        "operator": "Ministry of Health",
        "operator:en": "Ministry of Health",
        "operator:id": "Kementerian Kesehatan",
        "operator:type": "government",
        "operator:wikidata": "Q12490745",
        "@geometry": "center"
      },
      "geometry": {
        "type": "Point",
        "coordinates": [
          117.5852924,
          3.3060688
        ]
      },
      "id": "way/1545011941"
    },
    {
      "type": "Feature",
      "properties": {
        "@id": "way/1545062952",
        "amenity": "clinic",
        "building": "yes",
        "name": "Puskesmas Pembantu Jantur Selatan",
        "@geometry": "center"
      },
      "geometry": {
        "type": "Point",
        "coordinates": [
          116.2805622,
          -0.4133515
        ]
      },
      "id": "way/1545062952"
    },
    {
      "type": "Feature",
      "properties": {
        "@id": "way/1545301957",
        "amenity": "clinic",
        "building": "yes",
        "healthcare": "clinic",
        "name": "Pustu Singai Terang",
        "operator": "Ministry of Health",
        "operator:en": "Ministry of Health",
        "operator:id": "Kementerian Kesehatan",
        "operator:type": "government",
        "operator:wikidata": "Q12490745",
        "@geometry": "center"
      },
      "geometry": {
        "type": "Point",
        "coordinates": [
          116.501508,
          3.5284549
        ]
      },
      "id": "way/1545301957"
    },
    {
      "type": "Feature",
      "properties": {
        "@id": "way/1545301969",
        "amenity": "clinic",
        "healthcare": "clinic",
        "name": "Puskesmas Pulau Sapi",
        "operator": "Ministry of Health",
        "operator:en": "Ministry of Health",
        "operator:id": "Kementerian Kesehatan",
        "operator:type": "government",
        "operator:wikidata": "Q12490745",
        "@geometry": "center"
      },
      "geometry": {
        "type": "Point",
        "coordinates": [
          116.5085135,
          3.5269981
        ]
      },
      "id": "way/1545301969"
    },
    {
      "type": "Feature",
      "properties": {
        "@id": "way/1546228221",
        "amenity": "pharmacy",
        "building": "yes",
        "healthcare": "pharmacy",
        "name": "Apotek Berkat Medika",
        "@geometry": "center"
      },
      "geometry": {
        "type": "Point",
        "coordinates": [
          116.6173762,
          3.5773925
        ]
      },
      "id": "way/1546228221"
    },
    {
      "type": "Feature",
      "properties": {
        "@id": "way/1546322973",
        "amenity": "clinic",
        "healthcare": "clinic",
        "name": "Klinik Kesihatan Skrang",
        "operator": "Kementerian Kesihatan Malaysia",
        "operator:short": "KKM",
        "operator:type": "government",
        "operator:wikidata": "Q4294352",
        "@geometry": "center"
      },
      "geometry": {
        "type": "Point",
        "coordinates": [
          111.6255093,
          1.2798727
        ]
      },
      "id": "way/1546322973"
    },
    {
      "type": "Feature",
      "properties": {
        "@id": "way/1554038146",
        "amenity": "clinic",
        "healthcare": "clinic",
        "name": "Puskesmas Sungai Nyamuk",
        "operator": "Ministry of Health",
        "operator:en": "Ministry of Health",
        "operator:id": "Kementerian Kesehatan",
        "operator:type": "government",
        "operator:wikidata": "Q12490745",
        "@geometry": "center"
      },
      "geometry": {
        "type": "Point",
        "coordinates": [
          117.9095478,
          4.1460732
        ]
      },
      "id": "way/1554038146"
    },
    {
      "type": "Feature",
      "properties": {
        "@id": "way/1554205571",
        "addr:city": "Pusa",
        "addr:postcode": "94950",
        "addr:street": "Jalan Klinik",
        "amenity": "clinic",
        "building": "yes",
        "healthcare": "clinic",
        "name": "Klinik Desa Kpg. Tuie",
        "operator": "Kementerian Kesihatan Malaysia",
        "operator:short": "KKM",
        "operator:type": "government",
        "operator:wikidata": "Q4294352",
        "@geometry": "center"
      },
      "geometry": {
        "type": "Point",
        "coordinates": [
          111.3510496,
          1.5389415
        ]
      },
      "id": "way/1554205571"
    },
    {
      "type": "Feature",
      "properties": {
        "@id": "node/1612860125",
        "amenity": "hospital",
        "healthcare": "hospital",
        "name": "RSUD Korpri Abdul Wahab Sjahranie"
      },
      "geometry": {
        "type": "Point",
        "coordinates": [
          117.15037,
          -0.4927369
        ]
      },
      "id": "node/1612860125"
    },
    {
      "type": "Feature",
      "properties": {
        "@id": "node/1612860144",
        "amenity": "hospital",
        "name": "Rumah Sakit Bhakti Nugraha"
      },
      "geometry": {
        "type": "Point",
        "coordinates": [
          117.1471884,
          -0.4959625
        ]
      },
      "id": "node/1612860144"
    },
    {
      "type": "Feature",
      "properties": {
        "@id": "node/1612860145",
        "amenity": "hospital",
        "healthcare": "hospital",
        "name": "Rumah Sakit Tentara"
      },
      "geometry": {
        "type": "Point",
        "coordinates": [
          117.1428525,
          -0.5015986
        ]
      },
      "id": "node/1612860145"
    },
    {
      "type": "Feature",
      "properties": {
        "@id": "node/1665399161",
        "amenity": "hospital",
        "healthcare": "hospital",
        "name": "pustu pinang luar"
      },
      "geometry": {
        "type": "Point",
        "coordinates": [
          109.3938755,
          -0.3121314
        ]
      },
      "id": "node/1665399161"
    },
    {
      "type": "Feature",
      "properties": {
        "@id": "node/1665446608",
        "amenity": "hospital",
        "name": "polindes kampung baru"
      },
      "geometry": {
        "type": "Point",
        "coordinates": [
          109.4439148,
          -0.3781597
        ]
      },
      "id": "node/1665446608"
    },
    {
      "type": "Feature",
      "properties": {
        "@id": "node/1665446609",
        "amenity": "hospital",
        "healthcare": "hospital",
        "name": "pustu pinang dalam"
      },
      "geometry": {
        "type": "Point",
        "coordinates": [
          109.4134363,
          -0.3595091
        ]
      },
      "id": "node/1665446609"
    },
    {
      "type": "Feature",
      "properties": {
        "@id": "node/1805689219",
        "addr:street": "Handil Suruk",
        "amenity": "hospital",
        "emergency": "no",
        "name": "Pustu Handil Suruk"
      },
      "geometry": {
        "type": "Point",
        "coordinates": [
          114.6148213,
          -3.5465337
        ]
      },
      "id": "node/1805689219"
    },
    {
      "type": "Feature",
      "properties": {
        "@id": "node/1805714685",
        "amenity": "hospital",
        "name": "Polindes Batilai"
      },
      "geometry": {
        "type": "Point",
        "coordinates": [
          114.7007567,
          -3.833116
        ]
      },
      "id": "node/1805714685"
    },
    {
      "type": "Feature",
      "properties": {
        "@id": "node/1805714686",
        "amenity": "hospital",
        "name": "Polindes"
      },
      "geometry": {
        "type": "Point",
        "coordinates": [
          114.6272385,
          -3.672333
        ]
      },
      "id": "node/1805714686"
    },
    {
      "type": "Feature",
      "properties": {
        "@id": "node/1805714687",
        "amenity": "hospital",
        "name": "Polindes"
      },
      "geometry": {
        "type": "Point",
        "coordinates": [
          114.7680436,
          -3.9496757
        ]
      },
      "id": "node/1805714687"
    },
    {
      "type": "Feature",
      "properties": {
        "@id": "node/1805714697",
        "amenity": "hospital",
        "name": "Poskes"
      },
      "geometry": {
        "type": "Point",
        "coordinates": [
          114.6789405,
          -4.0557598
        ]
      },
      "id": "node/1805714697"
    },
    {
      "type": "Feature",
      "properties": {
        "@id": "node/1805714699",
        "amenity": "clinic",
        "healthcare": "clinic",
        "name": "Puskesmas Batalang"
      },
      "geometry": {
        "type": "Point",
        "coordinates": [
          114.923623,
          -3.9182834
        ]
      },
      "id": "node/1805714699"
    },
    {
      "type": "Feature",
      "properties": {
        "@id": "node/1805714700",
        "amenity": "hospital",
        "name": "Puskesmas Batu Ampar"
      },
      "geometry": {
        "type": "Point",
        "coordinates": [
          114.8234351,
          -3.8844019
        ]
      },
      "id": "node/1805714700"
    },
    {
      "type": "Feature",
      "properties": {
        "@id": "node/1805714701",
        "amenity": "clinic",
        "healthcare": "clinic",
        "name": "Puskesmas Jorong"
      },
      "geometry": {
        "type": "Point",
        "coordinates": [
          114.9252731,
          -3.9746866
        ]
      },
      "id": "node/1805714701"
    },
    {
      "type": "Feature",
      "properties": {
        "@id": "node/1805714705",
        "amenity": "hospital",
        "name": "Puskesmas Takisung"
      },
      "geometry": {
        "type": "Point",
        "coordinates": [
          114.6602943,
          -3.8776514
        ]
      },
      "id": "node/1805714705"
    },
    {
      "type": "Feature",
      "properties": {
        "@id": "node/1805714707",
        "amenity": "hospital",
        "name": "Puskesmas Takisung"
      },
      "geometry": {
        "type": "Point",
        "coordinates": [
          114.7205618,
          -3.9609967
        ]
      },
      "id": "node/1805714707"
    },
    {
      "type": "Feature",
      "properties": {
        "@id": "node/1805714710",
        "amenity": "hospital",
        "name": "Puskesmas Trans 200"
      },
      "geometry": {
        "type": "Point",
        "coordinates": [
          114.9733825,
          -3.9777643
        ]
      },
      "id": "node/1805714710"
    },
    {
      "type": "Feature",
      "properties": {
        "@id": "node/1805714719",
        "amenity": "hospital",
        "emergency": "yes",
        "name": "Puskesmas Kurau"
      },
      "geometry": {
        "type": "Point",
        "coordinates": [
          114.6192349,
          -3.5926725
        ]
      },
      "id": "node/1805714719"
    },
    {
      "type": "Feature",
      "properties": {
        "@id": "node/1805714720",
        "amenity": "hospital",
        "name": "Pustu Asam-Asam"
      },
      "geometry": {
        "type": "Point",
        "coordinates": [
          115.0809669,
          -3.930471
        ]
      },
      "id": "node/1805714720"
    },
    {
      "type": "Feature",
      "properties": {
        "@id": "node/1805714722",
        "amenity": "clinic",
        "name": "Pustu Gunung Makmur"
      },
      "geometry": {
        "type": "Point",
        "coordinates": [
          114.6465837,
          -3.8861568
        ]
      },
      "id": "node/1805714722"
    },
    {
      "type": "Feature",
      "properties": {
        "@id": "node/1805714723",
        "amenity": "hospital",
        "name": "Pustu Panggung Baru"
      },
      "geometry": {
        "type": "Point",
        "coordinates": [
          114.7280847,
          -3.7413528
        ]
      },
      "id": "node/1805714723"
    },
    {
      "type": "Feature",
      "properties": {
        "@id": "node/1805714724",
        "amenity": "hospital",
        "name": "Pustu Pantai Linuh"
      },
      "geometry": {
        "type": "Point",
        "coordinates": [
          114.8461999,
          -3.848158
        ]
      },
      "id": "node/1805714724"
    },
    {
      "type": "Feature",
      "properties": {
        "@id": "node/1805714725",
        "amenity": "hospital",
        "name": "Pustu Takisunfg"
      },
      "geometry": {
        "type": "Point",
        "coordinates": [
          114.6105347,
          -3.8706351
        ]
      },
      "id": "node/1805714725"
    },
    {
      "type": "Feature",
      "properties": {
        "@id": "node/1805714726",
        "amenity": "hospital",
        "name": "Pustu Tungkaran"
      },
      "geometry": {
        "type": "Point",
        "coordinates": [
          114.6917931,
          -3.7623321
        ]
      },
      "id": "node/1805714726"
    },
    {
      "type": "Feature",
      "properties": {
        "@id": "node/1805714727",
        "amenity": "hospital",
        "name": "Pustu Ujung Batu"
      },
      "geometry": {
        "type": "Point",
        "coordinates": [
          114.6942398,
          -3.7465473
        ]
      },
      "id": "node/1805714727"
    },
    {
      "type": "Feature",
      "properties": {
        "@id": "node/1805714728",
        "amenity": "hospital",
        "name": "Pustu"
      },
      "geometry": {
        "type": "Point",
        "coordinates": [
          114.8061774,
          -3.6237572
        ]
      },
      "id": "node/1805714728"
    },
    {
      "type": "Feature",
      "properties": {
        "@id": "node/1805714729",
        "amenity": "hospital",
        "name": "Pustu"
      },
      "geometry": {
        "type": "Point",
        "coordinates": [
          114.8507821,
          -3.6854268
        ]
      },
      "id": "node/1805714729"
    },
    {
      "type": "Feature",
      "properties": {
        "@id": "node/1892851778",
        "amenity": "pharmacy",
        "healthcare": "pharmacy",
        "name": "Apotek Murah"
      },
      "geometry": {
        "type": "Point",
        "coordinates": [
          114.3904946,
          -3.0035856
        ]
      },
      "id": "node/1892851778"
    },
    {
      "type": "Feature",
      "properties": {
        "@id": "node/1957079389",
        "amenity": "hospital",
        "name": "RSUD A.M. Parikesit"
      },
      "geometry": {
        "type": "Point",
        "coordinates": [
          116.9898276,
          -0.4213648
        ]
      },
      "id": "node/1957079389"
    },
    {
      "type": "Feature",
      "properties": {
        "@id": "node/1992723390",
        "amenity": "pharmacy",
        "dispensing": "yes",
        "name": "Toko Obat Kuala Lapang"
      },
      "geometry": {
        "type": "Point",
        "coordinates": [
          116.6126716,
          3.537617
        ]
      },
      "id": "node/1992723390"
    },
    {
      "type": "Feature",
      "properties": {
        "@id": "node/2076263770",
        "amenity": "hospital",
        "emergency": "yes",
        "name": "UPT. Puskesmas Mangkurawang"
      },
      "geometry": {
        "type": "Point",
        "coordinates": [
          116.9889639,
          -0.3908988
        ]
      },
      "id": "node/2076263770"
    },
    {
      "type": "Feature",
      "properties": {
        "@id": "node/2295360533",
        "amenity": "hospital"
      },
      "geometry": {
        "type": "Point",
        "coordinates": [
          117.492523,
          2.1465285
        ]
      },
      "id": "node/2295360533"
    },
    {
      "type": "Feature",
      "properties": {
        "@id": "node/2403002621",
        "amenity": "pharmacy"
      },
      "geometry": {
        "type": "Point",
        "coordinates": [
          110.31453,
          1.7505303
        ]
      },
      "id": "node/2403002621"
    },
    {
      "type": "Feature",
      "properties": {
        "@id": "node/2438923775",
        "amenity": "clinic",
        "cuisine": "chicken",
        "healthcare": "clinic",
        "name": "Pergigian Anmas - Dental clinic"
      },
      "geometry": {
        "type": "Point",
        "coordinates": [
          110.3344665,
          1.5534228
        ]
      },
      "id": "node/2438923775"
    },
    {
      "type": "Feature",
      "properties": {
        "@id": "node/2445324705",
        "amenity": "hospital",
        "emergency": "yes",
        "name": "Hospital Simunjan",
        "operator": "Government",
        "operator:type": "public"
      },
      "geometry": {
        "type": "Point",
        "coordinates": [
          110.7858804,
          1.3695436
        ]
      },
      "id": "node/2445324705"
    },
    {
      "type": "Feature",
      "properties": {
        "@id": "node/2449072156",
        "amenity": "pharmacy",
        "brand": "Watsons",
        "brand:wikidata": "Q7974785",
        "brand:wikipedia": "en:Watsons",
        "healthcare": "pharmacy",
        "name": "Watsons"
      },
      "geometry": {
        "type": "Point",
        "coordinates": [
          110.3321356,
          1.5535838
        ]
      },
      "id": "node/2449072156"
    },
    {
      "type": "Feature",
      "properties": {
        "@id": "node/2449072157",
        "amenity": "pharmacy",
        "brand": "Guardian",
        "brand:wikidata": "Q63371124",
        "brand:wikipedia": "ms:Guardian Malaysia",
        "dispensing": "yes",
        "healthcare": "pharmacy",
        "name": "Guardian"
      },
      "geometry": {
        "type": "Point",
        "coordinates": [
          110.3314678,
          1.5536294
        ]
      },
      "id": "node/2449072157"
    },
    {
      "type": "Feature",
      "properties": {
        "@id": "node/2459102768",
        "amenity": "pharmacy",
        "healthcare": "pharmacy"
      },
      "geometry": {
        "type": "Point",
        "coordinates": [
          109.3182027,
          -0.0359684
        ]
      },
      "id": "node/2459102768"
    },
    {
      "type": "Feature",
      "properties": {
        "@id": "node/2463529040",
        "amenity": "hospital",
        "emergency": "yes",
        "healthcare": "hospital",
        "name": "Hospital Mukah",
        "name:en": "Mukah Hospital",
        "name:ms": "Hospital Mukah"
      },
      "geometry": {
        "type": "Point",
        "coordinates": [
          112.0773264,
          2.9022433
        ]
      },
      "id": "node/2463529040"
    },
    {
      "type": "Feature",
      "properties": {
        "@id": "node/2464942604",
        "amenity": "hospital",
        "emergency": "no",
        "healthcare": "hospital",
        "name": "Hospital Sentosa"
      },
      "geometry": {
        "type": "Point",
        "coordinates": [
          110.3292597,
          1.4640562
        ]
      },
      "id": "node/2464942604"
    },
    {
      "type": "Feature",
      "properties": {
        "@id": "node/2528862499",
        "addr:city": "Amuntai",
        "addr:country": "ID",
        "addr:street": "Jl. Basuki Rahmat",
        "amenity": "hospital",
        "capacity": "114",
        "contact:phone": "+62 527 62905",
        "established": "1937",
        "healthcare": "hospital",
        "kecamatan": "Amuntai Tengah",
        "kelurahan": "Murung Sari",
        "name": "RSUD Pembalah Batung",
        "type": "C",
        "wheelchair": "yes"
      },
      "geometry": {
        "type": "Point",
        "coordinates": [
          115.2548421,
          -2.4175853
        ]
      },
      "id": "node/2528862499"
    },
    {
      "type": "Feature",
      "properties": {
        "@id": "node/2530283999",
        "alt_name": "伦杜医院",
        "alt_name:zh": "伦杜医院",
        "alt_name:zh-Hans": "伦杜医院",
        "alt_name:zh-Hant": "倫杜醫院",
        "amenity": "hospital",
        "emergency": "yes",
        "healthcare": "hospital",
        "name": "Hospital Lundu",
        "name:en": "Lundu Hospital",
        "name:id": "Hospital Lundu",
        "name:ms": "Hospital Lundu",
        "name:zh": "伦乐医院",
        "name:zh-Hans": "伦乐医院",
        "name:zh-Hant": "倫樂醫院"
      },
      "geometry": {
        "type": "Point",
        "coordinates": [
          109.85266,
          1.6743129
        ]
      },
      "id": "node/2530283999"
    },
    {
      "type": "Feature",
      "properties": {
        "@id": "node/2541463532",
        "amenity": "hospital",
        "name": "Puskesmas Banua Lawas"
      },
      "geometry": {
        "type": "Point",
        "coordinates": [
          115.2770991,
          -2.3209739
        ]
      },
      "id": "node/2541463532"
    },
    {
      "type": "Feature",
      "properties": {
        "@id": "node/2678583827",
        "amenity": "hospital",
        "name": "PMI"
      },
      "geometry": {
        "type": "Point",
        "coordinates": [
          117.5363317,
          0.4971992
        ]
      },
      "id": "node/2678583827"
    },
    {
      "type": "Feature",
      "properties": {
        "@id": "node/2679899770",
        "amenity": "hospital",
        "name": "Puskesmas Paropo"
      },
      "geometry": {
        "type": "Point",
        "coordinates": [
          118.9907651,
          -3.4426101
        ]
      },
      "id": "node/2679899770"
    },
    {
      "type": "Feature",
      "properties": {
        "@id": "node/2680204797",
        "amenity": "hospital",
        "name": "Puskesmas Palece"
      },
      "geometry": {
        "type": "Point",
        "coordinates": [
          119.0077794,
          -3.4819451
        ]
      },
      "id": "node/2680204797"
    },
    {
      "type": "Feature",
      "properties": {
        "@id": "node/2689476165",
        "amenity": "clinic",
        "name": "Puskesmas Badak Baru"
      },
      "geometry": {
        "type": "Point",
        "coordinates": [
          117.4202702,
          -0.3270211
        ]
      },
      "id": "node/2689476165"
    },
    {
      "type": "Feature",
      "properties": {
        "@id": "node/2744201896",
        "amenity": "hospital",
        "healthcare": "hospital",
        "name": "Klinik Komuniti Sentosa",
        "name:ms": "Klinik Komuniti Sentosa",
        "operator": "Kementerian Kesihatan Malaysia",
        "operator:short": "KKM",
        "operator:type": "government",
        "operator:wikidata": "Q4294352"
      },
      "geometry": {
        "type": "Point",
        "coordinates": [
          111.8635794,
          2.2670491
        ]
      },
      "id": "node/2744201896"
    },
    {
      "type": "Feature",
      "properties": {
        "@id": "node/2793976085",
        "amenity": "hospital",
        "name": "RS Tentara"
      },
      "geometry": {
        "type": "Point",
        "coordinates": [
          117.1421515,
          -0.5011442
        ]
      },
      "id": "node/2793976085"
    },
    {
      "type": "Feature",
      "properties": {
        "@id": "node/2812737571",
        "amenity": "hospital",
        "name": "Puskesmas"
      },
      "geometry": {
        "type": "Point",
        "coordinates": [
          119.1392214,
          -3.4788986
        ]
      },
      "id": "node/2812737571"
    },
    {
      "type": "Feature",
      "properties": {
        "@id": "node/2962202042",
        "amenity": "pharmacy",
        "dispensing": "yes",
        "healthcare": "pharmacy",
        "name": "Apotik Sadar"
      },
      "geometry": {
        "type": "Point",
        "coordinates": [
          109.3238207,
          -0.0192955
        ]
      },
      "id": "node/2962202042"
    },
    {
      "type": "Feature",
      "properties": {
        "@id": "node/2985540377",
        "amenity": "pharmacy",
        "healthcare": "pharmacy",
        "name": "Apotek Citra",
        "note": "Apotek Citra",
        "source": "digitalglobe"
      },
      "geometry": {
        "type": "Point",
        "coordinates": [
          109.48337,
          0.81803
        ]
      },
      "id": "node/2985540377"
    },
    {
      "type": "Feature",
      "properties": {
        "@id": "node/2987456091",
        "amenity": "clinic",
        "healthcare": "clinic",
        "name": "Klinik",
        "note": "Klinik"
      },
      "geometry": {
        "type": "Point",
        "coordinates": [
          110.5914481,
          0.1190717
        ]
      },
      "id": "node/2987456091"
    },
    {
      "type": "Feature",
      "properties": {
        "@id": "node/2987493401",
        "amenity": "pharmacy",
        "healthcare": "pharmacy",
        "name": "Apotek Sanggau Farma1",
        "note": "Apotek Sanggau Farma Kabupaten Sanggau, Kalimantan Barat, IDN"
      },
      "geometry": {
        "type": "Point",
        "coordinates": [
          110.5897522,
          0.1199055
        ]
      },
      "id": "node/2987493401"
    },
    {
      "type": "Feature",
      "properties": {
        "@id": "node/2987493402",
        "amenity": "pharmacy",
        "healthcare": "pharmacy",
        "name": "Apotek Sehat1",
        "note": "Apotek Sehat Kabupaten Sanggau, Kalimantan Barat, IDN"
      },
      "geometry": {
        "type": "Point",
        "coordinates": [
          110.590081,
          0.1201619
        ]
      },
      "id": "node/2987493402"
    },
    {
      "type": "Feature",
      "properties": {
        "@id": "node/2987493426",
        "addr:city": "Kota Tangerang Selatan",
        "amenity": "hospital",
        "healthcare": "hospital",
        "healthcare:speciality": "maternity",
        "name": "Rs Bersalin/Rs Ibu dan Anak1",
        "note": "Rs Bersalin/Rs Ibu dan Anak1",
        "operator:type": "private"
      },
      "geometry": {
        "type": "Point",
        "coordinates": [
          110.5918282,
          0.120348
        ]
      },
      "id": "node/2987493426"
    },
    {
      "type": "Feature",
      "properties": {
        "@id": "node/2991632556",
        "amenity": "pharmacy",
        "healthcare": "pharmacy",
        "name": "Apotek Yoga",
        "note": "Apotek Yoga Kabupaten Sanggau, Kalimantan Barat, IDN"
      },
      "geometry": {
        "type": "Point",
        "coordinates": [
          110.5979061,
          0.1212573
        ]
      },
      "id": "node/2991632556"
    },
    {
      "type": "Feature",
      "properties": {
        "@id": "node/2991679554",
        "addr:city": "Kabupaten Sanggau",
        "addr:province": "Kalimantan Barat",
        "amenity": "pharmacy",
        "healthcare": "pharmacy",
        "name": "Apotek Fajar",
        "note": "Apotek Fajar Kabupaten Sanggau, Kalimantan Barat, IDN",
        "operator:type": "private"
      },
      "geometry": {
        "type": "Point",
        "coordinates": [
          110.6040859,
          0.1228452
        ]
      },
      "id": "node/2991679554"
    },
    {
      "type": "Feature",
      "properties": {
        "@id": "node/2991679563",
        "addr:city": "Kabupaten Sanggau",
        "addr:province": "Kalimantan Barat",
        "amenity": "clinic",
        "healthcare": "clinic",
        "name": "Puskesmas Tanjung Sekayam",
        "note": "Puskesmas Tanjung Sekayam Kabupaten Sanggau, Kalimantan Barat, IDN",
        "official_name": "UPTD Puskesmas Tanjung Sekayam",
        "operator": "Ministry of Health",
        "operator:en": "Ministry of Health",
        "operator:id": "Kementerian Kesehatan",
        "operator:type": "government",
        "operator:wikidata": "Q12490745"
      },
      "geometry": {
        "type": "Point",
        "coordinates": [
          110.6060386,
          0.1233602
        ]
      },
      "id": "node/2991679563"
    },
    {
      "type": "Feature",
      "properties": {
        "@id": "node/2992040036",
        "amenity": "doctors",
        "healthcare": "doctor",
        "name": "Dr. Marten Batu",
        "note": "Dr. Marten Batu Kabupaten Sanggau, Kalimantan Barat, IDN"
      },
      "geometry": {
        "type": "Point",
        "coordinates": [
          110.5972624,
          0.1226091
        ]
      },
      "id": "node/2992040036"
    },
    {
      "type": "Feature",
      "properties": {
        "@id": "node/2995359462",
        "amenity": "hospital",
        "emergency": "yes",
        "name": "Puskesmas Pangkut"
      },
      "geometry": {
        "type": "Point",
        "coordinates": [
          111.9220855,
          -2.1898601
        ]
      },
      "id": "node/2995359462"
    },
    {
      "type": "Feature",
      "properties": {
        "@id": "node/3001927342",
        "amenity": "clinic",
        "healthcare": "clinic",
        "name": "Dokter Praktek Umum Somora Simbolon",
        "name:id": "Dokter Praktek Umum Somora Simbolon",
        "note": "Dokter Praktek Umum Somora Simbolon Kabupaten Landak, Kalimantan Barat, IDN"
      },
      "geometry": {
        "type": "Point",
        "coordinates": [
          109.3371606,
          0.3187323
        ]
      },
      "id": "node/3001927342"
    },
    {
      "type": "Feature",
      "properties": {
        "@id": "node/3002002220",
        "amenity": "doctors",
        "name": "Dokter Praktek Niken Yulistya",
        "note": "Dokter Praktek Niken Yulistya Kabupaten Pontianak, Kalimantan Barat, IDN"
      },
      "geometry": {
        "type": "Point",
        "coordinates": [
          109.1641688,
          0.3613472
        ]
      },
      "id": "node/3002002220"
    },
    {
      "type": "Feature",
      "properties": {
        "@id": "node/3002002238",
        "amenity": "clinic",
        "name": "Puskesmas Anjungan",
        "note": "Puskesmas Anjungan Kabupaten Pontianak, Kalimantan Barat, IDN"
      },
      "geometry": {
        "type": "Point",
        "coordinates": [
          109.1656602,
          0.3635386
        ]
      },
      "id": "node/3002002238"
    },
    {
      "type": "Feature",
      "properties": {
        "@id": "node/3006385509",
        "amenity": "hospital",
        "name": "Rumah Sakit Khusus1",
        "note": "Rumah Sakit Khusus1"
      },
      "geometry": {
        "type": "Point",
        "coordinates": [
          108.9611391,
          0.3571384
        ]
      },
      "id": "node/3006385509"
    },
    {
      "type": "Feature",
      "properties": {
        "@id": "node/3085549459",
        "amenity": "pharmacy",
        "healthcare": "pharmacy",
        "name": "Apotek Maribar1",
        "note": "Apotek Maribar Kabupaten Landak, Kalimantan Barat, IDN"
      },
      "geometry": {
        "type": "Point",
        "coordinates": [
          109.959014,
          0.3834593
        ]
      },
      "id": "node/3085549459"
    },
    {
      "type": "Feature",
      "properties": {
        "@id": "node/3085549462",
        "amenity": "clinic",
        "healthcare": "clinic",
        "name": "Bidan Nurhassanah",
        "note": "Bidan Nurhassanah Kabupaten Landak, Kalimantan Barat, IDN"
      },
      "geometry": {
        "type": "Point",
        "coordinates": [
          109.9594667,
          0.3832646
        ]
      },
      "id": "node/3085549462"
    },
    {
      "type": "Feature",
      "properties": {
        "@id": "node/3085549463",
        "amenity": "clinic",
        "healthcare": "clinic",
        "name": "Bidan Rita",
        "note": "Bidan Rita Kabupaten Landak, Kalimantan Barat, IDN"
      },
      "geometry": {
        "type": "Point",
        "coordinates": [
          109.9536744,
          0.3810591
        ]
      },
      "id": "node/3085549463"
    },
    {
      "type": "Feature",
      "properties": {
        "@id": "node/3086034254",
        "amenity": "pharmacy",
        "name": "Kimia Farma",
        "opening_hours": "24/7"
      },
      "geometry": {
        "type": "Point",
        "coordinates": [
          117.1455414,
          -0.4787349
        ]
      },
      "id": "node/3086034254"
    },
    {
      "type": "Feature",
      "properties": {
        "@id": "node/3086988901",
        "amenity": "university;hospital",
        "name": "Poltekkes Kemenkes Kalimantan Timur;Universitas/Politeknik/D1-D36;Poltekes Kemenkes Kaltim"
      },
      "geometry": {
        "type": "Point",
        "coordinates": [
          117.1439904,
          -0.4841821
        ]
      },
      "id": "node/3086988901"
    },
    {
      "type": "Feature",
      "properties": {
        "@id": "node/3092168386",
        "amenity": "pharmacy",
        "name": "Apotek \"Purnama\""
      },
      "geometry": {
        "type": "Point",
        "coordinates": [
          117.1485043,
          -0.5000496
        ]
      },
      "id": "node/3092168386"
    },
    {
      "type": "Feature",
      "properties": {
        "@id": "node/3092168959",
        "amenity": "clinic",
        "name": "Klinik11"
      },
      "geometry": {
        "type": "Point",
        "coordinates": [
          117.1487832,
          -0.4971099
        ]
      },
      "id": "node/3092168959"
    },
    {
      "type": "Feature",
      "properties": {
        "@id": "node/3164269982",
        "amenity": "clinic",
        "name": "Puskesmas Sungai Tiung"
      },
      "geometry": {
        "type": "Point",
        "coordinates": [
          114.8389674,
          -3.5016287
        ]
      },
      "id": "node/3164269982"
    },
    {
      "type": "Feature",
      "properties": {
        "@id": "node/3166755866",
        "amenity": "clinic",
        "healthcare": "clinic",
        "name": "Puskesmas Loktabat Utara",
        "operator": "Ministry of Health",
        "operator:en": "Ministry of Health",
        "operator:id": "Kementerian Kesehatan",
        "operator:type": "government",
        "operator:wikidata": "Q12490745"
      },
      "geometry": {
        "type": "Point",
        "coordinates": [
          114.8183913,
          -3.4305801
        ]
      },
      "id": "node/3166755866"
    },
    {
      "type": "Feature",
      "properties": {
        "@id": "node/3178229099",
        "amenity": "hospital",
        "healthcare": "hospital",
        "name": "RS Pelita Insani"
      },
      "geometry": {
        "type": "Point",
        "coordinates": [
          114.8515705,
          -3.4235825
        ]
      },
      "id": "node/3178229099"
    },
    {
      "type": "Feature",
      "properties": {
        "@id": "node/3228014430",
        "amenity": "clinic",
        "healthcare": "clinic",
        "name": "Klinik Melati Husada"
      },
      "geometry": {
        "type": "Point",
        "coordinates": [
          117.0864131,
          -0.5575162
        ]
      },
      "id": "node/3228014430"
    },
    {
      "type": "Feature",
      "properties": {
        "@id": "node/3238959101",
        "amenity": "clinic",
        "name": "Puskesmas Sungai Merdeka"
      },
      "geometry": {
        "type": "Point",
        "coordinates": [
          116.9798121,
          -0.9910938
        ]
      },
      "id": "node/3238959101"
    },
    {
      "type": "Feature",
      "properties": {
        "@id": "node/3239068945",
        "amenity": "clinic",
        "name": "Puskesmas Batuah"
      },
      "geometry": {
        "type": "Point",
        "coordinates": [
          117.0897044,
          -0.7175827
        ]
      },
      "id": "node/3239068945"
    },
    {
      "type": "Feature",
      "properties": {
        "@id": "node/3255367754",
        "amenity": "clinic",
        "name": "Klinik Rizkia Medika"
      },
      "geometry": {
        "type": "Point",
        "coordinates": [
          116.1817628,
          -1.6004181
        ]
      },
      "id": "node/3255367754"
    },
    {
      "type": "Feature",
      "properties": {
        "@id": "node/3280635065",
        "amenity": "clinic",
        "name": "Poskesdes Gunung Besar"
      },
      "geometry": {
        "type": "Point",
        "coordinates": [
          116.0077766,
          -3.3672757
        ]
      },
      "id": "node/3280635065"
    },
    {
      "type": "Feature",
      "properties": {
        "@id": "node/3285383091",
        "amenity": "clinic",
        "name": "Puskesmas Batulicin 1"
      },
      "geometry": {
        "type": "Point",
        "coordinates": [
          115.9306098,
          -3.3428348
        ]
      },
      "id": "node/3285383091"
    },
    {
      "type": "Feature",
      "properties": {
        "@id": "node/3292346095",
        "amenity": "clinic",
        "name": "Puskesmas Batulicin"
      },
      "geometry": {
        "type": "Point",
        "coordinates": [
          116.0043826,
          -3.4485993
        ]
      },
      "id": "node/3292346095"
    },
    {
      "type": "Feature",
      "properties": {
        "@id": "node/3298163325",
        "amenity": "clinic",
        "name": "Poskesdes Betung"
      },
      "geometry": {
        "type": "Point",
        "coordinates": [
          116.2144444,
          -3.4421407
        ]
      },
      "id": "node/3298163325"
    },
    {
      "type": "Feature",
      "properties": {
        "@id": "node/3298183086",
        "amenity": "hospital",
        "healthcare": "hospital",
        "name": "RSUD Kotabaru"
      },
      "geometry": {
        "type": "Point",
        "coordinates": [
          116.2144342,
          -3.2520185
        ]
      },
      "id": "node/3298183086"
    },
    {
      "type": "Feature",
      "properties": {
        "@id": "node/3304166209",
        "amenity": "pharmacy",
        "dispensing": "yes",
        "healthcare": "pharmacy",
        "name": "Apotek Amanah",
        "operator": "hilangkan awan"
      },
      "geometry": {
        "type": "Point",
        "coordinates": [
          115.958158,
          -3.5235094
        ]
      },
      "id": "node/3304166209"
    },
    {
      "type": "Feature",
      "properties": {
        "@id": "node/3304166559",
        "amenity": "hospital",
        "name": "RSUD dr. Andi Abdurrahman Noor",
        "operator": "Pemkab Tanah Bumbu"
      },
      "geometry": {
        "type": "Point",
        "coordinates": [
          115.9585067,
          -3.5220511
        ]
      },
      "id": "node/3304166559"
    },
    {
      "type": "Feature",
      "properties": {
        "@id": "node/3306022165",
        "amenity": "clinic",
        "name": "Puskesmas Sebamban 2"
      },
      "geometry": {
        "type": "Point",
        "coordinates": [
          115.604231,
          -3.714697
        ]
      },
      "id": "node/3306022165"
    },
    {
      "type": "Feature",
      "properties": {
        "@id": "node/3306920107",
        "amenity": "hospital",
        "name": "RSUD Abdul Wahab Syahranie"
      },
      "geometry": {
        "type": "Point",
        "coordinates": [
          117.1435582,
          -0.4793201
        ]
      },
      "id": "node/3306920107"
    },
    {
      "type": "Feature",
      "properties": {
        "@id": "node/3311493679",
        "amenity": "hospital",
        "name": "Akper Pemprov Kaltim"
      },
      "geometry": {
        "type": "Point",
        "coordinates": [
          117.1415769,
          -0.4824172
        ]
      },
      "id": "node/3311493679"
    },
    {
      "type": "Feature",
      "properties": {
        "@id": "node/3311493680",
        "amenity": "hospital",
        "name": "BAPELKES"
      },
      "geometry": {
        "type": "Point",
        "coordinates": [
          117.1438036,
          -0.4840794
        ]
      },
      "id": "node/3311493680"
    },
    {
      "type": "Feature",
      "properties": {
        "@id": "node/3327859780",
        "amenity": "clinic",
        "healthcare": "clinic",
        "name": "Puskesmas Kintap"
      },
      "geometry": {
        "type": "Point",
        "coordinates": [
          115.2076725,
          -3.8646289
        ]
      },
      "id": "node/3327859780"
    },
    {
      "type": "Feature",
      "properties": {
        "@id": "node/3345252245",
        "amenity": "clinic",
        "image": "http://medicine.yale.edu/intmed/globalhealthscholars/Images/lrg323_31658Sukadanaclinic.JPG",
        "name": "Klinik Alam Sehat Lestari (ASRI)",
        "website": "https://alamsehatlestari.org/"
      },
      "geometry": {
        "type": "Point",
        "coordinates": [
          109.961476,
          -1.2523318
        ]
      },
      "id": "node/3345252245"
    },
    {
      "type": "Feature",
      "properties": {
        "@id": "node/3345546361",
        "amenity": "clinic",
        "name": "Puskesmas Sukadana"
      },
      "geometry": {
        "type": "Point",
        "coordinates": [
          109.9495541,
          -1.2357286
        ]
      },
      "id": "node/3345546361"
    },
    {
      "type": "Feature",
      "properties": {
        "@id": "node/3399844362",
        "amenity": "clinic",
        "name": "Puskesmas Pasir Belengkong"
      },
      "geometry": {
        "type": "Point",
        "coordinates": [
          116.209282,
          -1.9557164
        ]
      },
      "id": "node/3399844362"
    },
    {
      "type": "Feature",
      "properties": {
        "@id": "node/3451789824",
        "amenity": "hospital",
        "healthcare": "hospital"
      },
      "geometry": {
        "type": "Point",
        "coordinates": [
          109.4109858,
          -0.1443634
        ]
      },
      "id": "node/3451789824"
    },
    {
      "type": "Feature",
      "properties": {
        "@id": "node/3457296255",
        "amenity": "clinic",
        "name": "Puskesmas Pembantu Lebaho Ulak"
      },
      "geometry": {
        "type": "Point",
        "coordinates": [
          116.7334206,
          -0.3683926
        ]
      },
      "id": "node/3457296255"
    },
    {
      "type": "Feature",
      "properties": {
        "@id": "node/3559317951",
        "amenity": "clinic",
        "name": "Poskesdes Pangi"
      },
      "geometry": {
        "type": "Point",
        "coordinates": [
          115.4293319,
          -2.0737438
        ]
      },
      "id": "node/3559317951"
    },
    {
      "type": "Feature",
      "properties": {
        "@id": "node/3604256130",
        "amenity": "pharmacy",
        "name": "Apotek K24"
      },
      "geometry": {
        "type": "Point",
        "coordinates": [
          115.4248175,
          -2.1756277
        ]
      },
      "id": "node/3604256130"
    },
    {
      "type": "Feature",
      "properties": {
        "@id": "node/3610260145",
        "amenity": "clinic",
        "healthcare": "clinic",
        "name": "Puskesmas Dalam Pagar",
        "operator": "Ministry of Health",
        "operator:en": "Ministry of Health",
        "operator:id": "Kementerian Kesehatan",
        "operator:type": "government",
        "operator:wikidata": "Q12490745"
      },
      "geometry": {
        "type": "Point",
        "coordinates": [
          114.8413053,
          -3.3887278
        ]
      },
      "id": "node/3610260145"
    },
    {
      "type": "Feature",
      "properties": {
        "@id": "node/3612249028",
        "amenity": "clinic",
        "healthcare": "clinic",
        "name": "Puskesmas Sungai Jingah"
      },
      "geometry": {
        "type": "Point",
        "coordinates": [
          114.6033422,
          -3.3087605
        ]
      },
      "id": "node/3612249028"
    },
    {
      "type": "Feature",
      "properties": {
        "@id": "node/3646971058",
        "amenity": "clinic",
        "building": "yes",
        "name": "Puskesmas Mabuun"
      },
      "geometry": {
        "type": "Point",
        "coordinates": [
          115.4149777,
          -2.1708847
        ]
      },
      "id": "node/3646971058"
    },
    {
      "type": "Feature",
      "properties": {
        "@id": "node/3648129877",
        "amenity": "clinic",
        "building": "yes",
        "name": "Puskesdes Kasungai"
      },
      "geometry": {
        "type": "Point",
        "coordinates": [
          115.9203057,
          -1.8132007
        ]
      },
      "id": "node/3648129877"
    },
    {
      "type": "Feature",
      "properties": {
        "@id": "node/3664549054",
        "amenity": "hospital",
        "key": "RSUD Abadi",
        "name": "RSUD Aji Batara Agung Dewa Sakti",
        "name:en": "Aji Batara Agung Dewa Sakti Hospital",
        "operator": "Pemkab Kukar"
      },
      "geometry": {
        "type": "Point",
        "coordinates": [
          117.0442966,
          -1.011814
        ]
      },
      "id": "node/3664549054"
    },
    {
      "type": "Feature",
      "properties": {
        "@id": "node/3670322573",
        "amenity": "clinic",
        "building": "yes",
        "building:levels": "1",
        "name": "Puskesmas Sukadamai"
      },
      "geometry": {
        "type": "Point",
        "coordinates": [
          117.2582975,
          -0.2569252
        ]
      },
      "id": "node/3670322573"
    },
    {
      "type": "Feature",
      "properties": {
        "@id": "node/3677194168",
        "amenity": "clinic",
        "name": "Klinik Mutiara Hati"
      },
      "geometry": {
        "type": "Point",
        "coordinates": [
          116.9619461,
          -0.4684782
        ]
      },
      "id": "node/3677194168"
    },
    {
      "type": "Feature",
      "properties": {
        "@id": "node/3781738898",
        "addr:full": "Jl.Sidomulyo Rt.2 No.56 Telp 0542-733573",
        "amenity": "clinic",
        "building": "yes",
        "building:levels": "1",
        "capacity:persons": "50",
        "name": "Puskesmas Sidomulyo",
        "rooms": "10",
        "website": "http://dkk.balikpapan.go.id/index.php"
      },
      "geometry": {
        "type": "Point",
        "coordinates": [
          116.8237578,
          -1.2298868
        ]
      },
      "id": "node/3781738898"
    },
    {
      "type": "Feature",
      "properties": {
        "@id": "node/3782488813",
        "amenity": "doctors",
        "name": "Dokter Umum Fitri Hidayati",
        "opening_hours": "08:30-12:30,15:30-20:00",
        "wheelchair": "no"
      },
      "geometry": {
        "type": "Point",
        "coordinates": [
          116.8177937,
          -1.2238783
        ]
      },
      "id": "node/3782488813"
    },
    {
      "type": "Feature",
      "properties": {
        "@id": "node/3872380734",
        "amenity": "clinic",
        "name": "Puskesmas Pembantu Pengadan Baru",
        "short_name": "Pustu Pengadan Baru"
      },
      "geometry": {
        "type": "Point",
        "coordinates": [
          117.8128238,
          1.2015405
        ]
      },
      "id": "node/3872380734"
    },
    {
      "type": "Feature",
      "properties": {
        "@id": "node/3872380735",
        "amenity": "clinic",
        "name": "Puskesmas Sangkulirang",
        "operator": "Dinkes Kutim"
      },
      "geometry": {
        "type": "Point",
        "coordinates": [
          117.9831565,
          0.9893369
        ]
      },
      "id": "node/3872380735"
    },
    {
      "type": "Feature",
      "properties": {
        "@id": "node/3878677725",
        "amenity": "clinic",
        "name": "Puskesmas Sesua"
      },
      "geometry": {
        "type": "Point",
        "coordinates": [
          116.6510716,
          3.4761768
        ]
      },
      "id": "node/3878677725"
    },
    {
      "type": "Feature",
      "properties": {
        "@id": "node/3938979543",
        "amenity": "clinic",
        "building": "yes",
        "healthcare": "clinic",
        "name": "Puskesmas Pagatan",
        "operator": "Ministry of Health",
        "operator:en": "Ministry of Health",
        "operator:id": "Kementerian Kesehatan",
        "operator:type": "government",
        "operator:wikidata": "Q12490745"
      },
      "geometry": {
        "type": "Point",
        "coordinates": [
          115.9273662,
          -3.6081471
        ]
      },
      "id": "node/3938979543"
    },
    {
      "type": "Feature",
      "properties": {
        "@id": "node/4002234450",
        "access:roof": "no",
        "addr:full": "Jl.Mulawarman Desa Sumbersari kecamatan sebulu",
        "amenity": "clinic",
        "building:roof": "tin",
        "building:walls": "wood",
        "capacity:persons": "60",
        "name": "Posyandu",
        "rooms": "1"
      },
      "geometry": {
        "type": "Point",
        "coordinates": [
          116.9805575,
          -0.1710104
        ]
      },
      "id": "node/4002234450"
    },
    {
      "type": "Feature",
      "properties": {
        "@id": "node/4002234455",
        "access:roof": "no",
        "addr:full": "Jl.Mulawarman Desa Sumbersari kecamatan sebulu",
        "amenity": "clinic",
        "building:roof": "tile",
        "building:walls": "wood",
        "capacity:persons": "100",
        "name": "Puskesmas Sebulu II"
      },
      "geometry": {
        "type": "Point",
        "coordinates": [
          116.9801593,
          -0.1704917
        ]
      },
      "id": "node/4002234455"
    },
    {
      "type": "Feature",
      "properties": {
        "@id": "node/4002273991",
        "access:roof": "no",
        "addr:full": "Jl.Mulawarman RT.1 Desa Sumber Sari",
        "amenity": "clinic",
        "building:levels": "1",
        "building:roof": "asbestos",
        "building:structure": "plastered",
        "building:walls": "brick",
        "capacity:persons": "5",
        "name": "Pusban",
        "rooms": "5"
      },
      "geometry": {
        "type": "Point",
        "coordinates": [
          116.9799379,
          -0.1704546
        ]
      },
      "id": "node/4002273991"
    },
    {
      "type": "Feature",
      "properties": {
        "@id": "node/4012062482",
        "access:roof": "no",
        "addr:full": "Jl. muso salim",
        "amenity": "doctors",
        "building:roof": "tin",
        "building:structure": "plastered",
        "building:walls": "brick",
        "capacity:persons": "6",
        "name": "Kelinik Sovranita",
        "rooms": "3"
      },
      "geometry": {
        "type": "Point",
        "coordinates": [
          116.9286918,
          -0.1530193
        ]
      },
      "id": "node/4012062482"
    },
    {
      "type": "Feature",
      "properties": {
        "@id": "node/4012066205",
        "addr:full": "Jl. awang Long",
        "amenity": "doctors",
        "building:roof": "tin",
        "building:walls": "brick",
        "name": "Poliklinik As-Syifa Medica",
        "rooms": "6"
      },
      "geometry": {
        "type": "Point",
        "coordinates": [
          116.9069901,
          -0.1692225
        ]
      },
      "id": "node/4012066205"
    },
    {
      "type": "Feature",
      "properties": {
        "@id": "node/4012066228",
        "amenity": "clinic",
        "name": "Posyandu Tunas Harapan",
        "opening_hours": "week 1-53/2 Fr 09:00-12:00; week 2-52/2 We 09:00-12:00"
      },
      "geometry": {
        "type": "Point",
        "coordinates": [
          116.9304172,
          -0.1547867
        ]
      },
      "id": "node/4012066228"
    },
    {
      "type": "Feature",
      "properties": {
        "@id": "node/4012066229",
        "access:roof": "no",
        "addr:full": "Jl. awang Long",
        "amenity": "clinic",
        "building:roof": "tin",
        "building:walls": "brick",
        "name": "Posyandu"
      },
      "geometry": {
        "type": "Point",
        "coordinates": [
          116.9083432,
          -0.1655247
        ]
      },
      "id": "node/4012066229"
    },
    {
      "type": "Feature",
      "properties": {
        "@id": "node/4012066230",
        "addr:full": "Gg. Imam Bonjol",
        "amenity": "clinic",
        "building:walls": "wood",
        "name": "Posyandu"
      },
      "geometry": {
        "type": "Point",
        "coordinates": [
          116.9163406,
          -0.1693646
        ]
      },
      "id": "node/4012066230"
    },
    {
      "type": "Feature",
      "properties": {
        "@id": "node/4012066231",
        "access:roof": "no",
        "addr:full": "Jl. Awang Long",
        "amenity": "clinic",
        "building:walls": "wood",
        "healthcare": "clinic",
        "name": "Puskesman Pembantu"
      },
      "geometry": {
        "type": "Point",
        "coordinates": [
          116.907415,
          -0.1673895
        ]
      },
      "id": "node/4012066231"
    },
    {
      "type": "Feature",
      "properties": {
        "@id": "node/4013730891",
        "amenity": "clinic",
        "name": "Posyandu RT.16"
      },
      "geometry": {
        "type": "Point",
        "coordinates": [
          116.8875172,
          -0.1990719
        ]
      },
      "id": "node/4013730891"
    },
    {
      "type": "Feature",
      "properties": {
        "@id": "node/4013730892",
        "amenity": "clinic",
        "name": "Posyandu Sugih Keriya"
      },
      "geometry": {
        "type": "Point",
        "coordinates": [
          116.8786194,
          -0.1816118
        ]
      },
      "id": "node/4013730892"
    },
    {
      "type": "Feature",
      "properties": {
        "@id": "node/4013730894",
        "amenity": "clinic",
        "name": "Puskesmas Bunga Jadi"
      },
      "geometry": {
        "type": "Point",
        "coordinates": [
          116.8681944,
          -0.1885238
        ]
      },
      "id": "node/4013730894"
    },
    {
      "type": "Feature",
      "properties": {
        "@id": "node/4014506445",
        "access:roof": "no",
        "amenity": "clinic",
        "name": "Bidan"
      },
      "geometry": {
        "type": "Point",
        "coordinates": [
          116.7177586,
          -0.1521319
        ]
      },
      "id": "node/4014506445"
    },
    {
      "type": "Feature",
      "properties": {
        "@id": "node/4014506446",
        "access:roof": "no",
        "amenity": "clinic",
        "healthcare": "clinic",
        "name": "Bidan"
      },
      "geometry": {
        "type": "Point",
        "coordinates": [
          116.7214288,
          -0.1599534
        ]
      },
      "id": "node/4014506446"
    },
    {
      "type": "Feature",
      "properties": {
        "@id": "node/4014509700",
        "access:roof": "no",
        "amenity": "clinic",
        "name": "Posyandu"
      },
      "geometry": {
        "type": "Point",
        "coordinates": [
          116.7162489,
          -0.155396
        ]
      },
      "id": "node/4014509700"
    },
    {
      "type": "Feature",
      "properties": {
        "@id": "node/4014509701",
        "access:roof": "no",
        "amenity": "clinic",
        "name": "Posyandu"
      },
      "geometry": {
        "type": "Point",
        "coordinates": [
          116.7301497,
          -0.185539
        ]
      },
      "id": "node/4014509701"
    },
    {
      "type": "Feature",
      "properties": {
        "@id": "node/4014509702",
        "access:roof": "no",
        "amenity": "clinic",
        "name": "Praktik Kebidanan Komunitas (PKKom)"
      },
      "geometry": {
        "type": "Point",
        "coordinates": [
          116.7193302,
          -0.1503255
        ]
      },
      "id": "node/4014509702"
    },
    {
      "type": "Feature",
      "properties": {
        "@id": "node/4014509704",
        "access:roof": "no",
        "addr:full": "Rt 04 Dusun Kolam",
        "amenity": "clinic",
        "building:structure": "plastered",
        "building:walls": "wood",
        "name": "Puskesmas Pembantu Sabintulung"
      },
      "geometry": {
        "type": "Point",
        "coordinates": [
          116.7777017,
          -0.0677346
        ]
      },
      "id": "node/4014509704"
    },
    {
      "type": "Feature",
      "properties": {
        "@id": "node/4014711198",
        "amenity": "clinic",
        "name": "Puskesmas Pembantu Puan Cepak"
      },
      "geometry": {
        "type": "Point",
        "coordinates": [
          116.902538,
          -0.0534689
        ]
      },
      "id": "node/4014711198"
    },
    {
      "type": "Feature",
      "properties": {
        "@id": "node/4014759598",
        "access:roof": "no",
        "addr:full": "Jl. Unta rt. 22",
        "amenity": "clinic",
        "building:roof": "tile",
        "building:structure": "plastered",
        "building:walls": "brick",
        "name": "Posyandu Melati Putra"
      },
      "geometry": {
        "type": "Point",
        "coordinates": [
          116.9516019,
          -0.1599487
        ]
      },
      "id": "node/4014759598"
    },
    {
      "type": "Feature",
      "properties": {
        "@id": "node/4021991198",
        "amenity": "hospital",
        "healthcare": "hospital",
        "name": "Hospital Semporna",
        "name:en": "Semporna Hospital",
        "name:ms": "Hospital Semporna"
      },
      "geometry": {
        "type": "Point",
        "coordinates": [
          118.6042341,
          4.4829151
        ]
      },
      "id": "node/4021991198"
    },
    {
      "type": "Feature",
      "properties": {
        "@id": "node/4124939404",
        "amenity": "clinic",
        "name": "Puskesmas Muara Kaman"
      },
      "geometry": {
        "type": "Point",
        "coordinates": [
          116.7196632,
          -0.158575
        ]
      },
      "id": "node/4124939404"
    },
    {
      "type": "Feature",
      "properties": {
        "@id": "node/4180503525",
        "amenity": "hospital",
        "name": "Hospital Saratok"
      },
      "geometry": {
        "type": "Point",
        "coordinates": [
          111.3404994,
          1.7477089
        ]
      },
      "id": "node/4180503525"
    },
    {
      "type": "Feature",
      "properties": {
        "@id": "node/4193523717",
        "amenity": "pharmacy",
        "name": "Apotik Budi Farma"
      },
      "geometry": {
        "type": "Point",
        "coordinates": [
          112.9599934,
          -2.543873
        ]
      },
      "id": "node/4193523717"
    },
    {
      "type": "Feature",
      "properties": {
        "@id": "node/4201565400",
        "amenity": "clinic",
        "healthcare": "clinic",
        "name": "Lim Medical Clinic"
      },
      "geometry": {
        "type": "Point",
        "coordinates": [
          110.3616486,
          1.5386809
        ]
      },
      "id": "node/4201565400"
    },
    {
      "type": "Feature",
      "properties": {
        "@id": "node/4211805430",
        "addr:city": "Polewali Mandar",
        "addr:postcode": "91354",
        "addr:street": "Jalan Trans Sulawesi",
        "amenity": "hospital",
        "emergency": "yes",
        "name": "Puskesmas Tinambung",
        "website": "www.polewalimandarkab.go.id"
      },
      "geometry": {
        "type": "Point",
        "coordinates": [
          119.0247675,
          -3.5037555
        ]
      },
      "id": "node/4211805430"
    },
    {
      "type": "Feature",
      "properties": {
        "@id": "node/4223306022",
        "amenity": "pharmacy",
        "healthcare": "pharmacy"
      },
      "geometry": {
        "type": "Point",
        "coordinates": [
          113.0413906,
          3.1707487
        ]
      },
      "id": "node/4223306022"
    },
    {
      "type": "Feature",
      "properties": {
        "@id": "node/4223306061",
        "amenity": "pharmacy",
        "healthcare": "pharmacy"
      },
      "geometry": {
        "type": "Point",
        "coordinates": [
          113.0408871,
          3.1711826
        ]
      },
      "id": "node/4223306061"
    },
    {
      "type": "Feature",
      "properties": {
        "@id": "node/4229591586",
        "amenity": "clinic",
        "name": "Puskesmas Nagara"
      },
      "geometry": {
        "type": "Point",
        "coordinates": [
          115.1072421,
          -2.6285889
        ]
      },
      "id": "node/4229591586"
    },
    {
      "type": "Feature",
      "properties": {
        "@id": "node/4229591587",
        "amenity": "hospital",
        "name": "RSUD Daha Sejahtera",
        "old_name": "RSUD Kelas D Pratama Nagara"
      },
      "geometry": {
        "type": "Point",
        "coordinates": [
          115.118679,
          -2.6360242
        ]
      },
      "id": "node/4229591587"
    },
    {
      "type": "Feature",
      "properties": {
        "@id": "node/4229649122",
        "amenity": "clinic",
        "building": "yes",
        "name": "Puskesmas Kandangan"
      },
      "geometry": {
        "type": "Point",
        "coordinates": [
          115.2650314,
          -2.7763905
        ]
      },
      "id": "node/4229649122"
    },
    {
      "type": "Feature",
      "properties": {
        "@id": "node/4229649123",
        "amenity": "clinic",
        "name": "Puskesmas Pembantu Bangkau"
      },
      "geometry": {
        "type": "Point",
        "coordinates": [
          115.1983275,
          -2.6810255
        ]
      },
      "id": "node/4229649123"
    },
    {
      "type": "Feature",
      "properties": {
        "@id": "node/4231214234",
        "amenity": "clinic",
        "name": "Puskesmas Teluk Pandan"
      },
      "geometry": {
        "type": "Point",
        "coordinates": [
          117.4641519,
          0.2344915
        ]
      },
      "id": "node/4231214234"
    },
    {
      "type": "Feature",
      "properties": {
        "@id": "node/4237025690",
        "amenity": "doctors",
        "name": "Mubarak"
      },
      "geometry": {
        "type": "Point",
        "coordinates": [
          117.1575773,
          -0.4990256
        ]
      },
      "id": "node/4237025690"
    },
    {
      "type": "Feature",
      "properties": {
        "@id": "node/4237039982",
        "amenity": "clinic",
        "healthcare": "clinic",
        "name": "Klinic"
      },
      "geometry": {
        "type": "Point",
        "coordinates": [
          111.8026058,
          -2.8250977
        ]
      },
      "id": "node/4237039982"
    },
    {
      "type": "Feature",
      "properties": {
        "@id": "node/4238755390",
        "amenity": "hospital",
        "healthcare": "hospital"
      },
      "geometry": {
        "type": "Point",
        "coordinates": [
          115.4678128,
          3.7405136
        ]
      },
      "id": "node/4238755390"
    },
    {
      "type": "Feature",
      "properties": {
        "@id": "node/4263603008",
        "amenity": "pharmacy",
        "healthcare": "pharmacy",
        "name": "Apotik Anda"
      },
      "geometry": {
        "type": "Point",
        "coordinates": [
          116.8362188,
          -1.2773223
        ]
      },
      "id": "node/4263603008"
    },
    {
      "type": "Feature",
      "properties": {
        "@id": "node/4279782896",
        "addr:street": "Jl. Iskandar",
        "amenity": "hospital",
        "name": "RS Kesuma"
      },
      "geometry": {
        "type": "Point",
        "coordinates": [
          111.6371316,
          -2.6932303
        ]
      },
      "id": "node/4279782896"
    },
    {
      "type": "Feature",
      "properties": {
        "@id": "node/4313771191",
        "amenity": "clinic",
        "building": "yes",
        "name": "Puskesmas Kahala"
      },
      "geometry": {
        "type": "Point",
        "coordinates": [
          116.3644345,
          -0.0145537
        ]
      },
      "id": "node/4313771191"
    },
    {
      "type": "Feature",
      "properties": {
        "@id": "node/4313815324",
        "amenity": "clinic",
        "name": "Puskesmas Pembantu Genting Tanah",
        "short_name": "Pustu Genting Tanah"
      },
      "geometry": {
        "type": "Point",
        "coordinates": [
          116.430664,
          0.0763964
        ]
      },
      "id": "node/4313815324"
    },
    {
      "type": "Feature",
      "properties": {
        "@id": "node/4323182843",
        "amenity": "clinic",
        "healthcare": "clinic",
        "name": "Puskesmas Sangatta Selatan",
        "operator": "Ministry of Health",
        "operator:en": "Ministry of Health",
        "operator:id": "Kementerian Kesehatan",
        "operator:type": "government",
        "operator:wikidata": "Q12490745"
      },
      "geometry": {
        "type": "Point",
        "coordinates": [
          117.5338512,
          0.4815803
        ]
      },
      "id": "node/4323182843"
    },
    {
      "type": "Feature",
      "properties": {
        "@id": "node/4327979889",
        "addr:street": "Jl Gajah Mada",
        "amenity": "pharmacy",
        "healthcare": "pharmacy",
        "name": "Apotek Kencana",
        "operator": "Apotek Kencana"
      },
      "geometry": {
        "type": "Point",
        "coordinates": [
          109.3418854,
          -0.0349179
        ]
      },
      "id": "node/4327979889"
    },
    {
      "type": "Feature",
      "properties": {
        "@id": "node/4428325296",
        "addr:housenumber": "10",
        "addr:street": "Bekantan VI",
        "amenity": "doctors",
        "name": "dr. Suka Dwi Rahardja, Sp.PA"
      },
      "geometry": {
        "type": "Point",
        "coordinates": [
          114.8367126,
          -3.4527694
        ]
      },
      "id": "node/4428325296"
    },
    {
      "type": "Feature",
      "properties": {
        "@id": "node/4429998289",
        "amenity": "clinic",
        "name": "RSB AINUN"
      },
      "geometry": {
        "type": "Point",
        "coordinates": [
          114.7600718,
          -3.8078783
        ]
      },
      "id": "node/4429998289"
    },
    {
      "type": "Feature",
      "properties": {
        "@id": "node/4438503589",
        "amenity": "clinic",
        "building": "yes",
        "name": "Puskesmas Pembantu Solong"
      },
      "geometry": {
        "type": "Point",
        "coordinates": [
          117.1829318,
          -0.4813691
        ]
      },
      "id": "node/4438503589"
    },
    {
      "type": "Feature",
      "properties": {
        "@id": "node/4474516030",
        "amenity": "clinic",
        "name": "Puskesmas Pembantu Tanjung Batu",
        "short_name": "Pustu Tanjung Batu"
      },
      "geometry": {
        "type": "Point",
        "coordinates": [
          117.0565603,
          -0.3920212
        ]
      },
      "id": "node/4474516030"
    },
    {
      "type": "Feature",
      "properties": {
        "@id": "node/4479008840",
        "amenity": "clinic",
        "healthcare": "clinic",
        "name": "Anugerah"
      },
      "geometry": {
        "type": "Point",
        "coordinates": [
          110.8895053,
          0.0223078
        ]
      },
      "id": "node/4479008840"
    },
    {
      "type": "Feature",
      "properties": {
        "@id": "node/4479073825",
        "amenity": "pharmacy",
        "name": "Apotik Bintang Timur"
      },
      "geometry": {
        "type": "Point",
        "coordinates": [
          110.8894046,
          0.0218667
        ]
      },
      "id": "node/4479073825"
    },
    {
      "type": "Feature",
      "properties": {
        "@id": "node/4519827891",
        "addr:postcode": "78554",
        "addr:street": "Jalan Bonuo Mawa No. 2, Kec. Noyan",
        "amenity": "hospital",
        "name": "Puskesmas Noyan",
        "opening_hours": "Mo-Fr 07:30-01:00",
        "website": "http://puskesmasnoyan.blogspot.co.id"
      },
      "geometry": {
        "type": "Point",
        "coordinates": [
          110.5851718,
          0.7563958
        ]
      },
      "id": "node/4519827891"
    },
    {
      "type": "Feature",
      "properties": {
        "@id": "node/4539609076",
        "addr:street": "Jalan Kuching Ranger Depot",
        "amenity": "pharmacy",
        "healthcare": "pharmacy",
        "level": "0",
        "name": "Happy Pharmacy"
      },
      "geometry": {
        "type": "Point",
        "coordinates": [
          110.3342367,
          1.4817465
        ]
      },
      "id": "node/4539609076"
    },
    {
      "type": "Feature",
      "properties": {
        "@id": "node/4543191189",
        "addr:postcode": "96000",
        "addr:street": "Jalan Lanang Barat",
        "air_conditioning": "yes",
        "amenity": "clinic",
        "healthcare": "clinic",
        "name": "Klinik Kesihatan Jln Lanang",
        "name:en": "Jln Lanang Health Clinic",
        "name:ms": "Klinik Kesihatan Jln Lanang",
        "opening_hours": "Mo-Fr 08:00-17:00",
        "wheelchair": "yes"
      },
      "geometry": {
        "type": "Point",
        "coordinates": [
          111.8415625,
          2.2465055
        ]
      },
      "id": "node/4543191189"
    },
    {
      "type": "Feature",
      "properties": {
        "@id": "node/4552440823",
        "amenity": "clinic",
        "building": "yes",
        "name": "Puskesmas Pembantu Benua Puhun"
      },
      "geometry": {
        "type": "Point",
        "coordinates": [
          116.7979939,
          -0.2785878
        ]
      },
      "id": "node/4552440823"
    },
    {
      "type": "Feature",
      "properties": {
        "@id": "node/4603637090",
        "addr:street": "Gang 6",
        "amenity": "doctors",
        "name": "Puskesmas Sidomulyo"
      },
      "geometry": {
        "type": "Point",
        "coordinates": [
          117.1614569,
          -0.500924
        ]
      },
      "id": "node/4603637090"
    },
    {
      "type": "Feature",
      "properties": {
        "@id": "node/4611017807",
        "amenity": "hospital",
        "name": "Puskesmas Sukamara"
      },
      "geometry": {
        "type": "Point",
        "coordinates": [
          111.1731872,
          -2.7079865
        ]
      },
      "id": "node/4611017807"
    },
    {
      "type": "Feature",
      "properties": {
        "@id": "node/4611100241",
        "amenity": "hospital",
        "name": "RSUD Sukamara"
      },
      "geometry": {
        "type": "Point",
        "coordinates": [
          111.1666307,
          -2.7417919
        ]
      },
      "id": "node/4611100241"
    },
    {
      "type": "Feature",
      "properties": {
        "@id": "node/4617408589",
        "addr:housenumber": "03",
        "addr:postcode": "70714",
        "addr:street": "Kelapa Gading",
        "amenity": "pharmacy",
        "email": "bundazakkiammar@gmail.com",
        "name": "Rumah Herbal Madani",
        "opening_hours": "24/7",
        "operator": "Nashrul Nita",
        "phone": "+6287714243414",
        "website": "https://m.facebook.com/omahherbalmadani/"
      },
      "geometry": {
        "type": "Point",
        "coordinates": [
          114.8578964,
          -3.4601512
        ]
      },
      "id": "node/4617408589"
    },
    {
      "type": "Feature",
      "properties": {
        "@id": "node/4637315390",
        "addr:street": "Jl.Merdeka 3",
        "amenity": "clinic",
        "name": "Klinik Kartika Jaya"
      },
      "geometry": {
        "type": "Point",
        "coordinates": [
          117.1648653,
          -0.4898895
        ]
      },
      "id": "node/4637315390"
    },
    {
      "type": "Feature",
      "properties": {
        "@id": "node/4659113589",
        "amenity": "clinic",
        "name": "Klinik Harmoni"
      },
      "geometry": {
        "type": "Point",
        "coordinates": [
          117.152899,
          -0.4906857
        ]
      },
      "id": "node/4659113589"
    },
    {
      "type": "Feature",
      "properties": {
        "@id": "node/4668358143",
        "amenity": "clinic",
        "name": "Puskesmas Pembantu Argosari"
      },
      "geometry": {
        "type": "Point",
        "coordinates": [
          117.0191832,
          -1.0839617
        ]
      },
      "id": "node/4668358143"
    },
    {
      "type": "Feature",
      "properties": {
        "@id": "node/4668358144",
        "amenity": "clinic",
        "name": "Puskesmas Pembantu Karya Jaya"
      },
      "geometry": {
        "type": "Point",
        "coordinates": [
          117.0561468,
          -1.0288543
        ]
      },
      "id": "node/4668358144"
    },
    {
      "type": "Feature",
      "properties": {
        "@id": "node/4691643890",
        "amenity": "hospital",
        "name": "Rumah Sakit Pratama Sangkulirang"
      },
      "geometry": {
        "type": "Point",
        "coordinates": [
          117.9753876,
          0.986975
        ]
      },
      "id": "node/4691643890"
    },
    {
      "type": "Feature",
      "properties": {
        "@id": "node/4698424990",
        "amenity": "clinic",
        "healthcare": "clinic",
        "name": "Tirta Medical Center"
      },
      "geometry": {
        "type": "Point",
        "coordinates": [
          116.8772093,
          -1.2418337
        ]
      },
      "id": "node/4698424990"
    },
    {
      "type": "Feature",
      "properties": {
        "@id": "node/4706416436",
        "addr:city": "Miri",
        "addr:housenumber": "430-431",
        "addr:postcode": "98000",
        "addr:street": "Jalan Fragrans",
        "amenity": "clinic",
        "healthcare": "clinic",
        "name": "Klinik Dinamik",
        "opening_hours": "Mo-Fr 08:00-16:00,19:00-20:00; Sa 09:00-14:00; Su 07:00-14:00",
        "operator": "Doctor Mohd. Arif",
        "operator:type": "private",
        "phone": "085-433 381"
      },
      "geometry": {
        "type": "Point",
        "coordinates": [
          113.9867074,
          4.396426
        ]
      },
      "id": "node/4706416436"
    },
    {
      "type": "Feature",
      "properties": {
        "@id": "node/4721870289",
        "addr:city": "Samarinda",
        "addr:housenumber": "16",
        "addr:street": "Jalan Palang Merah",
        "amenity": "pharmacy",
        "name": "Apotek Sahabat"
      },
      "geometry": {
        "type": "Point",
        "coordinates": [
          117.1447781,
          -0.4784825
        ]
      },
      "id": "node/4721870289"
    },
    {
      "type": "Feature",
      "properties": {
        "@id": "node/4733442856",
        "amenity": "clinic",
        "name": "Poskesdes Badalungga"
      },
      "geometry": {
        "type": "Point",
        "coordinates": [
          115.5450476,
          -2.4111451
        ]
      },
      "id": "node/4733442856"
    },
    {
      "type": "Feature",
      "properties": {
        "@id": "node/4744305792",
        "amenity": "pharmacy",
        "healthcare": "pharmacy",
        "name": "Ben's Pharmacy"
      },
      "geometry": {
        "type": "Point",
        "coordinates": [
          111.9753235,
          2.2385141
        ]
      },
      "id": "node/4744305792"
    },
    {
      "type": "Feature",
      "properties": {
        "@id": "node/4765879346",
        "amenity": "clinic",
        "name": "Poskesdes Batang Banyu"
      },
      "geometry": {
        "type": "Point",
        "coordinates": [
          115.2714412,
          -2.3531769
        ]
      },
      "id": "node/4765879346"
    },
    {
      "type": "Feature",
      "properties": {
        "@id": "node/4766205743",
        "amenity": "clinic",
        "building": "yes",
        "name": "Poskesdes Keramat"
      },
      "geometry": {
        "type": "Point",
        "coordinates": [
          115.2257089,
          -2.4570715
        ]
      },
      "id": "node/4766205743"
    },
    {
      "type": "Feature",
      "properties": {
        "@id": "node/4768959846",
        "amenity": "clinic",
        "name": "Poskesdes Paran"
      },
      "geometry": {
        "type": "Point",
        "coordinates": [
          115.5076441,
          -2.3089565
        ]
      },
      "id": "node/4768959846"
    },
    {
      "type": "Feature",
      "properties": {
        "@id": "node/4769013070",
        "amenity": "clinic",
        "name": "Puskesmas Halong"
      },
      "geometry": {
        "type": "Point",
        "coordinates": [
          115.655277,
          -2.2636756
        ]
      },
      "id": "node/4769013070"
    },
    {
      "type": "Feature",
      "properties": {
        "@id": "node/4770471294",
        "amenity": "clinic",
        "building": "yes",
        "name": "Puskesmas Danau Panggang"
      },
      "geometry": {
        "type": "Point",
        "coordinates": [
          115.1051479,
          -2.4638464
        ]
      },
      "id": "node/4770471294"
    },
    {
      "type": "Feature",
      "properties": {
        "@id": "node/4770573517",
        "amenity": "clinic",
        "name": "Puskesmas Pembantu Sungai Luang Hilir",
        "short_name": "Pustu Sungai Luang Hilir"
      },
      "geometry": {
        "type": "Point",
        "coordinates": [
          115.120012,
          -2.51
        ]
      },
      "id": "node/4770573517"
    },
    {
      "type": "Feature",
      "properties": {
        "@id": "node/4776033822",
        "amenity": "clinic",
        "name": "Puskesmas Merapun"
      },
      "geometry": {
        "type": "Point",
        "coordinates": [
          117.1982211,
          1.4797903
        ]
      },
      "id": "node/4776033822"
    },
    {
      "type": "Feature",
      "properties": {
        "@id": "node/4784238621",
        "amenity": "pharmacy",
        "brand": "Guardian",
        "brand:wikidata": "Q63371124",
        "brand:wikipedia": "ms:Guardian Malaysia",
        "healthcare": "pharmacy",
        "name": "Guardian",
        "name:en": "Guardian"
      },
      "geometry": {
        "type": "Point",
        "coordinates": [
          118.6137512,
          4.479256
        ]
      },
      "id": "node/4784238621"
    },
    {
      "type": "Feature",
      "properties": {
        "@id": "node/4784238624",
        "amenity": "pharmacy",
        "brand": "Watsons",
        "brand:wikidata": "Q7974785",
        "brand:wikipedia": "en:Watsons",
        "healthcare": "pharmacy",
        "name": "Watsons",
        "name:en": "Watsons",
        "operator": "A.S. Watson Group",
        "operator:wikidata": "Q4647401",
        "operator:wikipedia": "en:A.S. Watson Group"
      },
      "geometry": {
        "type": "Point",
        "coordinates": [
          118.6132844,
          4.4792302
        ]
      },
      "id": "node/4784238624"
    },
    {
      "type": "Feature",
      "properties": {
        "@id": "node/4812409521",
        "amenity": "doctors",
        "name": "Praktek dr. Gunawan"
      },
      "geometry": {
        "type": "Point",
        "coordinates": [
          117.1861953,
          -0.5742221
        ]
      },
      "id": "node/4812409521"
    },
    {
      "type": "Feature",
      "properties": {
        "@id": "node/4812409621",
        "amenity": "doctors",
        "name": "Praktek dr. Honny"
      },
      "geometry": {
        "type": "Point",
        "coordinates": [
          117.1427656,
          -0.5118258
        ]
      },
      "id": "node/4812409621"
    },
    {
      "type": "Feature",
      "properties": {
        "@id": "node/4831760822",
        "amenity": "clinic",
        "name": "Klinik BSTE"
      },
      "geometry": {
        "type": "Point",
        "coordinates": [
          112.3937133,
          -1.94981
        ]
      },
      "id": "node/4831760822"
    },
    {
      "type": "Feature",
      "properties": {
        "@id": "node/4947289308",
        "amenity": "clinic",
        "name": "Puskesmas"
      },
      "geometry": {
        "type": "Point",
        "coordinates": [
          116.9705987,
          1.0880853
        ]
      },
      "id": "node/4947289308"
    },
    {
      "type": "Feature",
      "properties": {
        "@id": "node/4953938999",
        "amenity": "hospital"
      },
      "geometry": {
        "type": "Point",
        "coordinates": [
          119.0789622,
          -3.5021417
        ]
      },
      "id": "node/4953938999"
    },
    {
      "type": "Feature",
      "properties": {
        "@id": "node/4955164898",
        "amenity": "clinic",
        "name": "Puskesmas Pembantu"
      },
      "geometry": {
        "type": "Point",
        "coordinates": [
          116.9970345,
          1.0525684
        ]
      },
      "id": "node/4955164898"
    },
    {
      "type": "Feature",
      "properties": {
        "@id": "node/4955166456",
        "amenity": "clinic",
        "name": "Puskesmas Pembantu"
      },
      "geometry": {
        "type": "Point",
        "coordinates": [
          116.964333,
          1.0566554
        ]
      },
      "id": "node/4955166456"
    },
    {
      "type": "Feature",
      "properties": {
        "@id": "node/4955166477",
        "amenity": "clinic",
        "name": "Puskesmas"
      },
      "geometry": {
        "type": "Point",
        "coordinates": [
          116.9393349,
          1.0611607
        ]
      },
      "id": "node/4955166477"
    },
    {
      "type": "Feature",
      "properties": {
        "@id": "node/4996048932",
        "amenity": "clinic",
        "name": "Puskesmas Telang"
      },
      "geometry": {
        "type": "Point",
        "coordinates": [
          115.028666,
          -2.1005948
        ]
      },
      "id": "node/4996048932"
    },
    {
      "type": "Feature",
      "properties": {
        "@id": "node/4996048938",
        "amenity": "clinic",
        "name": "Puskesmas Pembantu Balawa",
        "short_name": "Pustu Balawa"
      },
      "geometry": {
        "type": "Point",
        "coordinates": [
          115.0484902,
          -2.0514045
        ]
      },
      "id": "node/4996048938"
    },
    {
      "type": "Feature",
      "properties": {
        "@id": "node/4996048947",
        "amenity": "clinic",
        "name": "Polindes Balawa"
      },
      "geometry": {
        "type": "Point",
        "coordinates": [
          115.0509598,
          -2.0474213
        ]
      },
      "id": "node/4996048947"
    },
    {
      "type": "Feature",
      "properties": {
        "@id": "node/4996064734",
        "amenity": "clinic",
        "name": "Poskesdes Sumur"
      },
      "geometry": {
        "type": "Point",
        "coordinates": [
          115.1366188,
          -2.0567052
        ]
      },
      "id": "node/4996064734"
    },
    {
      "type": "Feature",
      "properties": {
        "@id": "node/4996228872",
        "amenity": "clinic",
        "name": "Poskesdes Kambitin"
      },
      "geometry": {
        "type": "Point",
        "coordinates": [
          115.3486032,
          -2.0788231
        ]
      },
      "id": "node/4996228872"
    },
    {
      "type": "Feature",
      "properties": {
        "@id": "node/4996233190",
        "amenity": "clinic",
        "name": "Puskesmas Pembantu Pulau Padang",
        "short_name": "Pustu Pulau Padang"
      },
      "geometry": {
        "type": "Point",
        "coordinates": [
          115.316703,
          -2.0869662
        ]
      },
      "id": "node/4996233190"
    },
    {
      "type": "Feature",
      "properties": {
        "@id": "node/4996233191",
        "amenity": "clinic",
        "name": "Poskesdes Pulau Padang"
      },
      "geometry": {
        "type": "Point",
        "coordinates": [
          115.3144808,
          -2.0803133
        ]
      },
      "id": "node/4996233191"
    },
    {
      "type": "Feature",
      "properties": {
        "@id": "node/4998866648",
        "amenity": "clinic",
        "name": "Poskesdes Kambitin Raya"
      },
      "geometry": {
        "type": "Point",
        "coordinates": [
          115.3716896,
          -2.0743922
        ]
      },
      "id": "node/4998866648"
    },
    {
      "type": "Feature",
      "properties": {
        "@id": "node/5004238212",
        "amenity": "clinic",
        "name": "Poskesdes Kandris"
      },
      "geometry": {
        "type": "Point",
        "coordinates": [
          115.2538092,
          -2.1751364
        ]
      },
      "id": "node/5004238212"
    },
    {
      "type": "Feature",
      "properties": {
        "@id": "node/5004238497",
        "amenity": "clinic",
        "name": "Puskesmas Pembantu Tewah Pupuh",
        "short_name": "Pustu Tewah Pupuh"
      },
      "geometry": {
        "type": "Point",
        "coordinates": [
          115.2878827,
          -2.1312878
        ]
      },
      "id": "node/5004238497"
    },
    {
      "type": "Feature",
      "properties": {
        "@id": "node/5005217239",
        "amenity": "clinic",
        "name": "Puskesmas Angkinang"
      },
      "geometry": {
        "type": "Point",
        "coordinates": [
          115.2934778,
          -2.7294183
        ]
      },
      "id": "node/5005217239"
    },
    {
      "type": "Feature",
      "properties": {
        "@id": "node/5021278655",
        "amenity": "clinic",
        "healthcare": "clinic",
        "name": "UPT Puskesmas Sungai Tabuk 3",
        "old_name": "Puskesmas Sungai Lulut"
      },
      "geometry": {
        "type": "Point",
        "coordinates": [
          114.632442,
          -3.3135147
        ]
      },
      "id": "node/5021278655"
    },
    {
      "type": "Feature",
      "properties": {
        "@id": "node/5021278671",
        "amenity": "clinic",
        "healthcare": "clinic",
        "name": "Puskesmas Pembantu Gardu Mekar Indah",
        "short_name": "Pustu Gardu Mekar Indah"
      },
      "geometry": {
        "type": "Point",
        "coordinates": [
          114.6266592,
          -3.3204968
        ]
      },
      "id": "node/5021278671"
    },
    {
      "type": "Feature",
      "properties": {
        "@id": "node/5021296211",
        "amenity": "pharmacy",
        "healthcare": "pharmacy",
        "name": "Apotek Perintis"
      },
      "geometry": {
        "type": "Point",
        "coordinates": [
          114.6055368,
          -3.3228652
        ]
      },
      "id": "node/5021296211"
    },
    {
      "type": "Feature",
      "properties": {
        "@id": "node/5025507076",
        "amenity": "clinic",
        "name": "Puskesmas Pembantu Maruat",
        "short_name": "Pustu Maruat"
      },
      "geometry": {
        "type": "Point",
        "coordinates": [
          116.5013617,
          -1.5827506
        ]
      },
      "id": "node/5025507076"
    },
    {
      "type": "Feature",
      "properties": {
        "@id": "node/5025608288",
        "amenity": "clinic",
        "name": "Puskesmas Sebakung Taka"
      },
      "geometry": {
        "type": "Point",
        "coordinates": [
          116.4262819,
          -1.5803047
        ]
      },
      "id": "node/5025608288"
    },
    {
      "type": "Feature",
      "properties": {
        "@id": "node/5025640799",
        "amenity": "pharmacy",
        "healthcare": "pharmacy",
        "name": "Apotek Bian Farma"
      },
      "geometry": {
        "type": "Point",
        "coordinates": [
          116.6149054,
          -1.3892728
        ]
      },
      "id": "node/5025640799"
    },
    {
      "type": "Feature",
      "properties": {
        "@id": "node/5031399386",
        "addr:city": "Kota Tarakan",
        "addr:street": "Jl. Sei. Sembakung",
        "amenity": "hospital",
        "description": "ini merupakan lokasi puskesmas yang baru, terletak sekitar 500m dari puskesmas yang lama",
        "emergency": "yes",
        "fax": "+62 551 21794",
        "name": "Puskesmas Mamburungan",
        "operator": "Dinas Kesehatan Kota Tarakan"
      },
      "geometry": {
        "type": "Point",
        "coordinates": [
          117.6270513,
          3.2919733
        ]
      },
      "id": "node/5031399386"
    },
    {
      "type": "Feature",
      "properties": {
        "@id": "node/5031399387",
        "addr:city": "Tarakan",
        "addr:housenumber": "No. 05 c",
        "addr:street": "Jl. Pangeran Antasari",
        "amenity": "hospital",
        "emergency": "yes",
        "healthcare": "hospital",
        "name": "Puskesmas Gunung Lingkas",
        "operator": "Dinas Kesehatan Kota Tarakan"
      },
      "geometry": {
        "type": "Point",
        "coordinates": [
          117.6022271,
          3.2975562
        ]
      },
      "id": "node/5031399387"
    },
    {
      "type": "Feature",
      "properties": {
        "@id": "node/5031399388",
        "amenity": "hospital",
        "name": "Puskesmas Sebengkok",
        "operator": "Dinas Kesehatan Kota Tarakan"
      },
      "geometry": {
        "type": "Point",
        "coordinates": [
          117.5940302,
          3.2967341
        ]
      },
      "id": "node/5031399388"
    },
    {
      "type": "Feature",
      "properties": {
        "@id": "node/5031822375",
        "amenity": "clinic",
        "name": "Polindes Kelurahan Sepaku"
      },
      "geometry": {
        "type": "Point",
        "coordinates": [
          116.7713642,
          -0.8919674
        ]
      },
      "id": "node/5031822375"
    },
    {
      "type": "Feature",
      "properties": {
        "@id": "node/5031822386",
        "amenity": "clinic",
        "name": "Posyandu Manggis"
      },
      "geometry": {
        "type": "Point",
        "coordinates": [
          116.7659153,
          -0.8991804
        ]
      },
      "id": "node/5031822386"
    },
    {
      "type": "Feature",
      "properties": {
        "@id": "node/5031822545",
        "amenity": "clinic",
        "name": "Puskesmas Pembantu Sukaraja"
      },
      "geometry": {
        "type": "Point",
        "coordinates": [
          116.7872214,
          -0.9113815
        ]
      },
      "id": "node/5031822545"
    },
    {
      "type": "Feature",
      "properties": {
        "@id": "node/5031822546",
        "amenity": "pharmacy",
        "name": "Apotek Radiya"
      },
      "geometry": {
        "type": "Point",
        "coordinates": [
          116.7862344,
          -0.910939
        ]
      },
      "id": "node/5031822546"
    },
    {
      "type": "Feature",
      "properties": {
        "@id": "node/5031822572",
        "amenity": "clinic",
        "name": "Puskesmas Sepaku III"
      },
      "geometry": {
        "type": "Point",
        "coordinates": [
          116.8206042,
          -0.9133661
        ]
      },
      "id": "node/5031822572"
    },
    {
      "type": "Feature",
      "properties": {
        "@id": "node/5031822603",
        "amenity": "clinic",
        "name": "Puskesmas Pembantu Argo Mulyo"
      },
      "geometry": {
        "type": "Point",
        "coordinates": [
          116.8506262,
          -0.9272501
        ]
      },
      "id": "node/5031822603"
    },
    {
      "type": "Feature",
      "properties": {
        "@id": "node/5031822705",
        "amenity": "clinic",
        "name": "Puskesmas Pembantu Semoi Dua"
      },
      "geometry": {
        "type": "Point",
        "coordinates": [
          116.879527,
          -0.9449678
        ]
      },
      "id": "node/5031822705"
    },
    {
      "type": "Feature",
      "properties": {
        "@id": "node/5035921931",
        "amenity": "clinic",
        "name": "Puskesmas Sotek"
      },
      "geometry": {
        "type": "Point",
        "coordinates": [
          116.6148707,
          -1.2031881
        ]
      },
      "id": "node/5035921931"
    },
    {
      "type": "Feature",
      "properties": {
        "@id": "node/5036039060",
        "amenity": "clinic",
        "name": "Klinik Dioratu Medicalindo"
      },
      "geometry": {
        "type": "Point",
        "coordinates": [
          116.6765991,
          -1.3473988
        ]
      },
      "id": "node/5036039060"
    },
    {
      "type": "Feature",
      "properties": {
        "@id": "node/5036039061",
        "amenity": "clinic",
        "name": "Puskesmas Pembantu Pejala",
        "short_name": "Pustu Pejala"
      },
      "geometry": {
        "type": "Point",
        "coordinates": [
          116.735778,
          -1.3726943
        ]
      },
      "id": "node/5036039061"
    },
    {
      "type": "Feature",
      "properties": {
        "@id": "node/5036039078",
        "amenity": "clinic",
        "name": "Puskesmas Pembantu Tanjung Tengah",
        "short_name": "Pustu Tanjung Tengah"
      },
      "geometry": {
        "type": "Point",
        "coordinates": [
          116.6833368,
          -1.3908168
        ]
      },
      "id": "node/5036039078"
    },
    {
      "type": "Feature",
      "properties": {
        "@id": "node/5036039143",
        "amenity": "clinic",
        "name": "Puskesmas Petung"
      },
      "geometry": {
        "type": "Point",
        "coordinates": [
          116.6665032,
          -1.353585
        ]
      },
      "id": "node/5036039143"
    },
    {
      "type": "Feature",
      "properties": {
        "@id": "node/5036039167",
        "amenity": "clinic",
        "name": "Puskesmas Pembantu Giripurwa",
        "short_name": "Pustu Giripurwa"
      },
      "geometry": {
        "type": "Point",
        "coordinates": [
          116.6623096,
          -1.342725
        ]
      },
      "id": "node/5036039167"
    },
    {
      "type": "Feature",
      "properties": {
        "@id": "node/5133221621",
        "amenity": "pharmacy",
        "healthcare": "pharmacy",
        "name": "Guardian"
      },
      "geometry": {
        "type": "Point",
        "coordinates": [
          113.0582688,
          3.1974721
        ]
      },
      "id": "node/5133221621"
    },
    {
      "type": "Feature",
      "properties": {
        "@id": "node/5133221624",
        "amenity": "pharmacy",
        "brand": "Watsons",
        "brand:wikidata": "Q7974785",
        "healthcare": "pharmacy",
        "name": "Watsons"
      },
      "geometry": {
        "type": "Point",
        "coordinates": [
          113.0583455,
          3.1980376
        ]
      },
      "id": "node/5133221624"
    },
    {
      "type": "Feature",
      "properties": {
        "@id": "node/5138815123",
        "amenity": "clinic",
        "healthcare": "clinic",
        "name": "Klinik i-Care"
      },
      "geometry": {
        "type": "Point",
        "coordinates": [
          113.0436034,
          3.1700822
        ]
      },
      "id": "node/5138815123"
    },
    {
      "type": "Feature",
      "properties": {
        "@id": "node/5138815627",
        "amenity": "clinic",
        "healthcare": "clinic",
        "name": "Klinik Haji Roslan"
      },
      "geometry": {
        "type": "Point",
        "coordinates": [
          113.0437318,
          3.1703203
        ]
      },
      "id": "node/5138815627"
    },
    {
      "type": "Feature",
      "properties": {
        "@id": "node/5138815629",
        "amenity": "clinic",
        "healthcare": "clinic",
        "name": "Bintulu Laboratory & X-Ray Center"
      },
      "geometry": {
        "type": "Point",
        "coordinates": [
          113.0447453,
          3.1697568
        ]
      },
      "id": "node/5138815629"
    },
    {
      "type": "Feature",
      "properties": {
        "@id": "node/5152860127",
        "air_conditioning": "yes",
        "amenity": "clinic",
        "branch": "Belaga",
        "healthcare": "clinic",
        "name": "Klinik Kesihatan Belaga",
        "name:en": "Belaga Health Clinic",
        "name:ms": "Klinik Kesihatan Belaga",
        "website": "http://www.belagakk.srwk.moh.gov",
        "wheelchair": "yes"
      },
      "geometry": {
        "type": "Point",
        "coordinates": [
          113.7751135,
          2.7064581
        ]
      },
      "id": "node/5152860127"
    },
    {
      "type": "Feature",
      "properties": {
        "@id": "node/5154841223",
        "amenity": "doctors",
        "healthcare": "doctor",
        "name": "Rumah Dokter Silahuddin"
      },
      "geometry": {
        "type": "Point",
        "coordinates": [
          115.1540015,
          -2.9258437
        ]
      },
      "id": "node/5154841223"
    },
    {
      "type": "Feature",
      "properties": {
        "@id": "node/5163053421",
        "amenity": "clinic",
        "healthcare": "clinic",
        "name": "Lee Physician & Drugstore"
      },
      "geometry": {
        "type": "Point",
        "coordinates": [
          110.3561158,
          1.555759
        ]
      },
      "id": "node/5163053421"
    },
    {
      "type": "Feature",
      "properties": {
        "@id": "node/5168210325",
        "amenity": "pharmacy",
        "healthcare": "pharmacy",
        "name": "Kosmec Pharmacy"
      },
      "geometry": {
        "type": "Point",
        "coordinates": [
          110.3580965,
          1.5539325
        ]
      },
      "id": "node/5168210325"
    },
    {
      "type": "Feature",
      "properties": {
        "@id": "node/5171237725",
        "amenity": "pharmacy",
        "healthcare": "pharmacy",
        "name": "Satok Pharmacy"
      },
      "geometry": {
        "type": "Point",
        "coordinates": [
          110.3354933,
          1.5528659
        ]
      },
      "id": "node/5171237725"
    },
    {
      "type": "Feature",
      "properties": {
        "@id": "node/5171246424",
        "amenity": "pharmacy",
        "healthcare": "pharmacy",
        "name": "Region Pharmacy"
      },
      "geometry": {
        "type": "Point",
        "coordinates": [
          110.3363013,
          1.5528155
        ]
      },
      "id": "node/5171246424"
    },
    {
      "type": "Feature",
      "properties": {
        "@id": "node/5172232321",
        "amenity": "doctors",
        "name": "Puskesmas Baruh Jaya"
      },
      "geometry": {
        "type": "Point",
        "coordinates": [
          115.0838521,
          -2.6342181
        ]
      },
      "id": "node/5172232321"
    },
    {
      "type": "Feature",
      "properties": {
        "@id": "node/5205564121",
        "amenity": "pharmacy",
        "healthcare": "pharmacy",
        "name": "Sia Pharmacy"
      },
      "geometry": {
        "type": "Point",
        "coordinates": [
          110.327051,
          1.4308123
        ]
      },
      "id": "node/5205564121"
    },
    {
      "type": "Feature",
      "properties": {
        "@id": "node/5253861821",
        "addr:city": "Kuching",
        "addr:postcode": "93100",
        "addr:street": "Jalan Song Thian Cheok",
        "amenity": "pharmacy",
        "dispensing": "yes",
        "healthcare": "pharmacy",
        "name": "UMH",
        "name:en": "UMH",
        "name:ms": "UMH"
      },
      "geometry": {
        "type": "Point",
        "coordinates": [
          110.3537644,
          1.5556768
        ]
      },
      "id": "node/5253861821"
    },
    {
      "type": "Feature",
      "properties": {
        "@id": "node/5257638328",
        "amenity": "clinic",
        "healthcare": "clinic",
        "name": "Poliklinik Sarikei"
      },
      "geometry": {
        "type": "Point",
        "coordinates": [
          111.5197382,
          2.1225165
        ]
      },
      "id": "node/5257638328"
    },
    {
      "type": "Feature",
      "properties": {
        "@id": "node/5406825423",
        "addr:street": "Gg. Bujangan",
        "amenity": "clinic",
        "healthcare": "centre",
        "name": "PUSTU Kampung Linggang Melapeh"
      },
      "geometry": {
        "type": "Point",
        "coordinates": [
          115.5872741,
          -0.1611697
        ]
      },
      "id": "node/5406825423"
    },
    {
      "type": "Feature",
      "properties": {
        "@id": "node/5469168921",
        "amenity": "pharmacy",
        "healthcare": "pharmacy"
      },
      "geometry": {
        "type": "Point",
        "coordinates": [
          118.6132778,
          4.4794477
        ]
      },
      "id": "node/5469168921"
    },
    {
      "type": "Feature",
      "properties": {
        "@id": "node/5508679051",
        "amenity": "clinic",
        "name": "Pukesmas Pembatu Selat"
      },
      "geometry": {
        "type": "Point",
        "coordinates": [
          114.4061856,
          -2.9760149
        ]
      },
      "id": "node/5508679051"
    },
    {
      "type": "Feature",
      "properties": {
        "@id": "node/5548115614",
        "amenity": "clinic",
        "name": "Poskesdes Hauwai"
      },
      "geometry": {
        "type": "Point",
        "coordinates": [
          115.6728561,
          -2.2443784
        ]
      },
      "id": "node/5548115614"
    },
    {
      "type": "Feature",
      "properties": {
        "@id": "node/5697892682",
        "amenity": "atm;pharmacy",
        "atm": "yes",
        "currency:IDR": "yes",
        "currency:others": "no",
        "healthcare": "pharmacy",
        "name": "Apotik Bintang"
      },
      "geometry": {
        "type": "Point",
        "coordinates": [
          109.3411353,
          -0.0334994
        ]
      },
      "id": "node/5697892682"
    },
    {
      "type": "Feature",
      "properties": {
        "@id": "node/5755335021",
        "amenity": "clinic",
        "healthcare": "clinic",
        "name": "Gribbles Pathology"
      },
      "geometry": {
        "type": "Point",
        "coordinates": [
          110.3371885,
          1.5319006
        ]
      },
      "id": "node/5755335021"
    },
    {
      "type": "Feature",
      "properties": {
        "@id": "node/5768823253",
        "addr:street": "Jl. amborawa darat",
        "amenity": "clinic",
        "name": "pak kacco"
      },
      "geometry": {
        "type": "Point",
        "coordinates": [
          116.9839808,
          -1.0997529
        ]
      },
      "id": "node/5768823253"
    },
    {
      "type": "Feature",
      "properties": {
        "@id": "node/5826298351",
        "amenity": "clinic",
        "healthcare": "clinic",
        "name": "Posyandu Harapan Makmur"
      },
      "geometry": {
        "type": "Point",
        "coordinates": [
          116.9307972,
          -0.1761708
        ]
      },
      "id": "node/5826298351"
    },
    {
      "type": "Feature",
      "properties": {
        "@id": "node/5854378275",
        "addr:city": "Pemangkat",
        "addr:housenumber": "20",
        "addr:postcode": "79154",
        "addr:street": "Jalan Ahmad Kadir Kasim",
        "amenity": "hospital",
        "building": "yes",
        "description": "Rumah Sakit Umum Daerah",
        "healthcare": "hospital",
        "healthcare:speciality": "general",
        "name": "Regional General Hospital",
        "name:en": "Regional General Hospital",
        "name:id": "Rumah Sakit Umum Daerah",
        "opening_hours": "24/7",
        "phone": "+62 562 241203"
      },
      "geometry": {
        "type": "Point",
        "coordinates": [
          108.9788188,
          1.1735831
        ]
      },
      "id": "node/5854378275"
    },
    {
      "type": "Feature",
      "properties": {
        "@id": "node/5854378276",
        "amenity": "hospital",
        "description": "Amkur Maternity Hospital",
        "healthcare": "hospital",
        "healthcare:speciality": "maternity",
        "name": "Amkur Maternity Hospital",
        "name:en": "Amkur Maternity Hospital",
        "name:id": "Rumah Sakit Bersalin Amkur"
      },
      "geometry": {
        "type": "Point",
        "coordinates": [
          108.9779593,
          1.1735602
        ]
      },
      "id": "node/5854378276"
    },
    {
      "type": "Feature",
      "properties": {
        "@id": "node/5873092266",
        "amenity": "pharmacy",
        "name": "Apotek Dunia Sehat"
      },
      "geometry": {
        "type": "Point",
        "coordinates": [
          109.382548,
          -0.0772047
        ]
      },
      "id": "node/5873092266"
    },
    {
      "type": "Feature",
      "properties": {
        "@id": "node/5884155191",
        "amenity": "hospital",
        "healthcare": "hospital",
        "name": "Poskesdes"
      },
      "geometry": {
        "type": "Point",
        "coordinates": [
          116.7001871,
          2.1986797
        ]
      },
      "id": "node/5884155191"
    },
    {
      "type": "Feature",
      "properties": {
        "@id": "node/5884170565",
        "amenity": "hospital",
        "healthcare": "hospital",
        "name": "Puskesmas"
      },
      "geometry": {
        "type": "Point",
        "coordinates": [
          116.6989483,
          2.2003093
        ]
      },
      "id": "node/5884170565"
    },
    {
      "type": "Feature",
      "properties": {
        "@id": "node/5904002629",
        "amenity": "clinic",
        "name": "Puskesmas Pembantu Tanjung Sari"
      },
      "geometry": {
        "type": "Point",
        "coordinates": [
          116.2431112,
          -0.7027882
        ]
      },
      "id": "node/5904002629"
    },
    {
      "type": "Feature",
      "properties": {
        "@id": "node/5998527108",
        "addr:city": "Kabupaten Paser",
        "addr:housenumber": "Harapan Baru",
        "addr:postcode": "76211",
        "addr:street": "Jalan Tirto Modek",
        "amenity": "hospital",
        "email": "pusbanharapanbaru@gmail.com",
        "healthcare": "hospital",
        "healthcare:speciality": "general",
        "name": "Puskesmas Pembantu"
      },
      "geometry": {
        "type": "Point",
        "coordinates": [
          116.41737,
          -1.7710421
        ]
      },
      "id": "node/5998527108"
    },
    {
      "type": "Feature",
      "properties": {
        "@id": "node/6018979747",
        "amenity": "pharmacy",
        "dispensing": "yes",
        "healthcare": "pharmacy",
        "name": "PMG Pharmacy"
      },
      "geometry": {
        "type": "Point",
        "coordinates": [
          111.5202318,
          2.1306805
        ]
      },
      "id": "node/6018979747"
    },
    {
      "type": "Feature",
      "properties": {
        "@id": "node/6071013085",
        "amenity": "hospital",
        "name": "RS. TNI AU Syamsudin Noor"
      },
      "geometry": {
        "type": "Point",
        "coordinates": [
          114.7443104,
          -3.4447362
        ]
      },
      "id": "node/6071013085"
    },
    {
      "type": "Feature",
      "properties": {
        "@id": "node/6351882223",
        "amenity": "clinic",
        "name": "Poskesdes Respen Tangap"
      },
      "geometry": {
        "type": "Point",
        "coordinates": [
          117.0767753,
          3.3071028
        ]
      },
      "id": "node/6351882223"
    },
    {
      "type": "Feature",
      "properties": {
        "@id": "node/6351882244",
        "amenity": "clinic",
        "name": "Poskesdes Bambang"
      },
      "geometry": {
        "type": "Point",
        "coordinates": [
          117.0769081,
          3.3047129
        ]
      },
      "id": "node/6351882244"
    },
    {
      "type": "Feature",
      "properties": {
        "@id": "node/6361933642",
        "amenity": "clinic",
        "name": "Puskesmas Kujau"
      },
      "geometry": {
        "type": "Point",
        "coordinates": [
          117.016325,
          3.4583849
        ]
      },
      "id": "node/6361933642"
    },
    {
      "type": "Feature",
      "properties": {
        "@id": "node/6362047981",
        "amenity": "clinic",
        "name": "Puskesmas Pembantu Gunawan",
        "short_name": "Pustu Gunawan"
      },
      "geometry": {
        "type": "Point",
        "coordinates": [
          116.9056141,
          3.5479639
        ]
      },
      "id": "node/6362047981"
    },
    {
      "type": "Feature",
      "properties": {
        "@id": "node/6363789850",
        "amenity": "clinic",
        "name": "Puskesmas Mansalong"
      },
      "geometry": {
        "type": "Point",
        "coordinates": [
          116.7444026,
          3.7548482
        ]
      },
      "id": "node/6363789850"
    },
    {
      "type": "Feature",
      "properties": {
        "@id": "node/6366856582",
        "amenity": "clinic",
        "name": "Apotek Malinau II"
      },
      "geometry": {
        "type": "Point",
        "coordinates": [
          116.6103727,
          3.5514333
        ]
      },
      "id": "node/6366856582"
    },
    {
      "type": "Feature",
      "properties": {
        "@id": "node/6369274762",
        "amenity": "clinic",
        "name": "Klinik Delta Medica Borneo"
      },
      "geometry": {
        "type": "Point",
        "coordinates": [
          116.8770097,
          1.0673341
        ]
      },
      "id": "node/6369274762"
    },
    {
      "type": "Feature",
      "properties": {
        "@id": "node/6559776189",
        "addr:city": "Miri",
        "addr:housenumber": "8878",
        "addr:postcode": "98000",
        "addr:street": "Jalan Miri-Bintulu",
        "amenity": "pharmacy",
        "branch": "Riam",
        "contact:facebook": "https://www.facebook.com/q10pharmacy/",
        "dispensing": "yes",
        "drive_through": "no",
        "email": "q10pharmacy@gmail.com",
        "healthcare": "pharmacy",
        "mobile": "011-5681 1869",
        "name": "Q10 Pharmacy",
        "opening_hours": "Mo-Su 09:00-20:30",
        "payment:cash": "yes",
        "payment:credit_cards": "yes",
        "payment:debit_cards": "yes",
        "phone": "085-326 939"
      },
      "geometry": {
        "type": "Point",
        "coordinates": [
          113.9916035,
          4.343761
        ]
      },
      "id": "node/6559776189"
    },
    {
      "type": "Feature",
      "properties": {
        "@id": "node/6612716203",
        "amenity": "clinic",
        "healthcare": "clinic",
        "name": "Puskesmas"
      },
      "geometry": {
        "type": "Point",
        "coordinates": [
          114.5874277,
          -3.3234373
        ]
      },
      "id": "node/6612716203"
    },
    {
      "type": "Feature",
      "properties": {
        "@id": "node/6618724210",
        "amenity": "pharmacy",
        "brand": "Kimia Farma",
        "brand:wikidata": "Q11264892",
        "dispensing": "yes",
        "healthcare": "pharmacy",
        "name": "Kimia Farma"
      },
      "geometry": {
        "type": "Point",
        "coordinates": [
          114.5808218,
          -3.3208112
        ]
      },
      "id": "node/6618724210"
    },
    {
      "type": "Feature",
      "properties": {
        "@id": "node/6628882251",
        "amenity": "pharmacy",
        "dispensing": "yes",
        "fixme": "name",
        "healthcare": "pharmacy",
        "name": "Apotek"
      },
      "geometry": {
        "type": "Point",
        "coordinates": [
          114.588557,
          -3.3098769
        ]
      },
      "id": "node/6628882251"
    },
    {
      "type": "Feature",
      "properties": {
        "@id": "node/6628882262",
        "amenity": "pharmacy",
        "dispensing": "yes",
        "healthcare": "pharmacy",
        "name": "Apotek Murah Sehat"
      },
      "geometry": {
        "type": "Point",
        "coordinates": [
          114.5757446,
          -3.3220147
        ]
      },
      "id": "node/6628882262"
    },
    {
      "type": "Feature",
      "properties": {
        "@id": "node/6653262769",
        "amenity": "pharmacy",
        "brand": "Kimia Farma",
        "brand:wikidata": "Q11264892",
        "dispensing": "yes",
        "healthcare": "pharmacy",
        "name": "Kimia Farma"
      },
      "geometry": {
        "type": "Point",
        "coordinates": [
          114.5879314,
          -3.3052982
        ]
      },
      "id": "node/6653262769"
    },
    {
      "type": "Feature",
      "properties": {
        "@id": "node/6670379167",
        "amenity": "pharmacy",
        "check_date": "2024-03-03",
        "dispensing": "yes",
        "healthcare": "pharmacy",
        "name": "Apotek Mukarramah",
        "name:id": "Apotek Mukarramah"
      },
      "geometry": {
        "type": "Point",
        "coordinates": [
          114.5784491,
          -3.3113389
        ]
      },
      "id": "node/6670379167"
    },
    {
      "type": "Feature",
      "properties": {
        "@id": "node/6670379173",
        "amenity": "pharmacy",
        "dispensing": "yes",
        "healthcare": "pharmacy",
        "name": "Apotek Rawasari"
      },
      "geometry": {
        "type": "Point",
        "coordinates": [
          114.5768847,
          -3.3149422
        ]
      },
      "id": "node/6670379173"
    },
    {
      "type": "Feature",
      "properties": {
        "@id": "node/6670379208",
        "amenity": "pharmacy",
        "dispensing": "yes",
        "healthcare": "pharmacy"
      },
      "geometry": {
        "type": "Point",
        "coordinates": [
          114.5844218,
          -3.3197125
        ]
      },
      "id": "node/6670379208"
    },
    {
      "type": "Feature",
      "properties": {
        "@id": "node/6697394347",
        "amenity": "pharmacy",
        "dispensing": "yes",
        "healthcare": "pharmacy",
        "name": "Apotek Kasio"
      },
      "geometry": {
        "type": "Point",
        "coordinates": [
          114.5896172,
          -3.32275
        ]
      },
      "id": "node/6697394347"
    },
    {
      "type": "Feature",
      "properties": {
        "@id": "node/6697394360",
        "amenity": "clinic",
        "healthcare": "clinic",
        "name": "Posyandu"
      },
      "geometry": {
        "type": "Point",
        "coordinates": [
          114.5887714,
          -3.3152351
        ]
      },
      "id": "node/6697394360"
    },
    {
      "type": "Feature",
      "properties": {
        "@id": "node/6697419508",
        "amenity": "doctors",
        "healthcare": "midwife"
      },
      "geometry": {
        "type": "Point",
        "coordinates": [
          114.5829877,
          -3.3282917
        ]
      },
      "id": "node/6697419508"
    },
    {
      "type": "Feature",
      "properties": {
        "@id": "node/6697419509",
        "amenity": "clinic",
        "healthcare": "doctor+pharmacy",
        "healthcare:speciality": "physiologist;neurology;paediatrics;fisiotheraphy",
        "name": "Klinik Hafisa Dahlia"
      },
      "geometry": {
        "type": "Point",
        "coordinates": [
          114.5828322,
          -3.3276498
        ]
      },
      "id": "node/6697419509"
    },
    {
      "type": "Feature",
      "properties": {
        "@id": "node/6700050235",
        "amenity": "pharmacy",
        "dispensing": "yes",
        "healthcare": "pharmacy"
      },
      "geometry": {
        "type": "Point",
        "coordinates": [
          114.5733167,
          -3.3226584
        ]
      },
      "id": "node/6700050235"
    },
    {
      "type": "Feature",
      "properties": {
        "@id": "node/6700448453",
        "amenity": "pharmacy",
        "brand": "Kimia Farma",
        "brand:wikidata": "Q11264892",
        "dispensing": "yes",
        "healthcare": "pharmacy",
        "name": "Kimia Farma"
      },
      "geometry": {
        "type": "Point",
        "coordinates": [
          114.5965198,
          -3.290275
        ]
      },
      "id": "node/6700448453"
    },
    {
      "type": "Feature",
      "properties": {
        "@id": "node/6700461553",
        "amenity": "pharmacy",
        "brand": "Kimia Farma",
        "brand:wikidata": "Q11264892",
        "dispensing": "yes",
        "healthcare": "pharmacy",
        "name": "Kimia Farma"
      },
      "geometry": {
        "type": "Point",
        "coordinates": [
          114.5992837,
          -3.292467
        ]
      },
      "id": "node/6700461553"
    },
    {
      "type": "Feature",
      "properties": {
        "@id": "node/6702037853",
        "amenity": "clinic",
        "healthcare": "clinic",
        "name": "Klinik Kinibalu",
        "opening_hours": "Mo-Sa 08:00-20:00"
      },
      "geometry": {
        "type": "Point",
        "coordinates": [
          114.5842307,
          -3.3177588
        ]
      },
      "id": "node/6702037853"
    },
    {
      "type": "Feature",
      "properties": {
        "@id": "node/6739755078",
        "amenity": "pharmacy",
        "brand": "Kimia Farma",
        "brand:wikidata": "Q11264892",
        "dispensing": "yes",
        "healthcare": "pharmacy",
        "name": "Kimia Farma"
      },
      "geometry": {
        "type": "Point",
        "coordinates": [
          114.601891,
          -3.323764
        ]
      },
      "id": "node/6739755078"
    },
    {
      "type": "Feature",
      "properties": {
        "@id": "node/6739758092",
        "amenity": "pharmacy",
        "brand": "Kimia Farma",
        "brand:wikidata": "Q11264892",
        "dispensing": "yes",
        "healthcare": "pharmacy",
        "name": "Kimia Farma"
      },
      "geometry": {
        "type": "Point",
        "coordinates": [
          114.5968627,
          -3.3198329
        ]
      },
      "id": "node/6739758092"
    },
    {
      "type": "Feature",
      "properties": {
        "@id": "node/6745797321",
        "amenity": "clinic",
        "healthcare": "clinic",
        "name": "Klinik Kesihatan Long Bedian"
      },
      "geometry": {
        "type": "Point",
        "coordinates": [
          114.7352099,
          3.7957317
        ]
      },
      "id": "node/6745797321"
    },
    {
      "type": "Feature",
      "properties": {
        "@id": "node/6761790699",
        "amenity": "pharmacy",
        "brand": "Kimia Farma",
        "brand:wikidata": "Q11264892",
        "dispensing": "yes",
        "healthcare": "pharmacy",
        "name": "Kimia Farma"
      },
      "geometry": {
        "type": "Point",
        "coordinates": [
          114.5993675,
          -3.307256
        ]
      },
      "id": "node/6761790699"
    },
    {
      "type": "Feature",
      "properties": {
        "@id": "node/6764270874",
        "amenity": "pharmacy",
        "brand": "Kimia Farma",
        "brand:wikidata": "Q11264892",
        "dispensing": "yes",
        "healthcare": "pharmacy",
        "name": "Kimia Farma"
      },
      "geometry": {
        "type": "Point",
        "coordinates": [
          114.6335411,
          -3.3594895
        ]
      },
      "id": "node/6764270874"
    },
    {
      "type": "Feature",
      "properties": {
        "@id": "node/6776387672",
        "amenity": "clinic",
        "healthcare": "clinic",
        "healthcare:speciality": "general",
        "name": "Balai Pengobatan Advent"
      },
      "geometry": {
        "type": "Point",
        "coordinates": [
          114.5743362,
          -3.3222028
        ]
      },
      "id": "node/6776387672"
    },
    {
      "type": "Feature",
      "properties": {
        "@id": "node/6776387675",
        "amenity": "pharmacy",
        "dispensing": "yes",
        "healthcare": "pharmacy",
        "name": "Apotek Al Jihad"
      },
      "geometry": {
        "type": "Point",
        "coordinates": [
          114.57399,
          -3.3223474
        ]
      },
      "id": "node/6776387675"
    },
    {
      "type": "Feature",
      "properties": {
        "@id": "node/6824412307",
        "amenity": "pharmacy",
        "dispensing": "yes",
        "healthcare": "pharmacy"
      },
      "geometry": {
        "type": "Point",
        "coordinates": [
          116.6069784,
          3.5689349
        ]
      },
      "id": "node/6824412307"
    },
    {
      "type": "Feature",
      "properties": {
        "@id": "node/6824412317",
        "amenity": "pharmacy",
        "dispensing": "yes",
        "healthcare": "pharmacy"
      },
      "geometry": {
        "type": "Point",
        "coordinates": [
          116.6059603,
          3.5698267
        ]
      },
      "id": "node/6824412317"
    },
    {
      "type": "Feature",
      "properties": {
        "@id": "node/6824946085",
        "amenity": "pharmacy",
        "dispensing": "yes",
        "healthcare": "pharmacy",
        "name": "Apotik"
      },
      "geometry": {
        "type": "Point",
        "coordinates": [
          116.6102422,
          3.5745902
        ]
      },
      "id": "node/6824946085"
    },
    {
      "type": "Feature",
      "properties": {
        "@id": "node/6854731593",
        "addr:street": "Jalan D. I. Panjaitan",
        "amenity": "clinic",
        "name": "Ketapang Police Clinic"
      },
      "geometry": {
        "type": "Point",
        "coordinates": [
          109.977669,
          -1.8284745
        ]
      },
      "id": "node/6854731593"
    },
    {
      "type": "Feature",
      "properties": {
        "@id": "node/6886428842",
        "amenity": "pharmacy",
        "brand": "Kimia Farma",
        "brand:wikidata": "Q11264892",
        "dispensing": "yes",
        "healthcare": "pharmacy",
        "name": "Kimia Farma"
      },
      "geometry": {
        "type": "Point",
        "coordinates": [
          114.6017823,
          -3.3052667
        ]
      },
      "id": "node/6886428842"
    },
    {
      "type": "Feature",
      "properties": {
        "@id": "node/7087733979",
        "amenity": "clinic",
        "name": "Puskesmas Suliliran Baru"
      },
      "geometry": {
        "type": "Point",
        "coordinates": [
          116.2534015,
          -1.9864965
        ]
      },
      "id": "node/7087733979"
    },
    {
      "type": "Feature",
      "properties": {
        "@id": "node/7087884885",
        "addr:postcode": "93300",
        "addr:street": "Simpang Tiga",
        "amenity": "pharmacy",
        "healthcare": "pharmacy",
        "name": "KinCentre Pharmacy",
        "name:en": "KinCentre Pharmacy",
        "opening_hours": "Mo-Su 09:00-21:30",
        "survey:date": "2020-10-05"
      },
      "geometry": {
        "type": "Point",
        "coordinates": [
          110.3589923,
          1.5285582
        ]
      },
      "id": "node/7087884885"
    },
    {
      "type": "Feature",
      "properties": {
        "@id": "node/7150292285",
        "amenity": "hospital",
        "healthcare": "hospital",
        "name": "PUSKESMAS KUMPAI BATU ATAS",
        "operator": "ANGGA",
        "operator:type": "public"
      },
      "geometry": {
        "type": "Point",
        "coordinates": [
          111.5732967,
          -2.7856543
        ]
      },
      "id": "node/7150292285"
    },
    {
      "type": "Feature",
      "properties": {
        "@id": "node/7161494192",
        "amenity": "clinic",
        "name": "Klinik Cahaya Imani"
      },
      "geometry": {
        "type": "Point",
        "coordinates": [
          115.2720349,
          -2.7786001
        ]
      },
      "id": "node/7161494192"
    },
    {
      "type": "Feature",
      "properties": {
        "@id": "node/7217877185",
        "amenity": "clinic",
        "healthcare": "clinic",
        "name": "Wong Yieng Beauty Professional Centre"
      },
      "geometry": {
        "type": "Point",
        "coordinates": [
          110.3526687,
          1.5533459
        ]
      },
      "id": "node/7217877185"
    },
    {
      "type": "Feature",
      "properties": {
        "@id": "node/7227739112",
        "amenity": "clinic",
        "healthcare": "clinic",
        "healthcare:speciality": "plastic_surgery",
        "name": "Darplastic"
      },
      "geometry": {
        "type": "Point",
        "coordinates": [
          114.6083141,
          -3.3009765
        ]
      },
      "id": "node/7227739112"
    },
    {
      "type": "Feature",
      "properties": {
        "@id": "node/7227739113",
        "amenity": "clinic",
        "healthcare": "clinic",
        "healthcare:speciality": "ophthalmology",
        "name": "Matta"
      },
      "geometry": {
        "type": "Point",
        "coordinates": [
          114.6082735,
          -3.3009273
        ]
      },
      "id": "node/7227739113"
    },
    {
      "type": "Feature",
      "properties": {
        "@id": "node/7227739158",
        "amenity": "pharmacy",
        "dispensing": "yes",
        "healthcare": "pharmacy"
      },
      "geometry": {
        "type": "Point",
        "coordinates": [
          114.6025616,
          -3.2954339
        ]
      },
      "id": "node/7227739158"
    },
    {
      "type": "Feature",
      "properties": {
        "@id": "node/7227739165",
        "amenity": "pharmacy",
        "dispensing": "yes",
        "healthcare": "pharmacy",
        "name": "Apotek Az Farma"
      },
      "geometry": {
        "type": "Point",
        "coordinates": [
          114.6017337,
          -3.2947341
        ]
      },
      "id": "node/7227739165"
    },
    {
      "type": "Feature",
      "properties": {
        "@id": "node/7231850685",
        "amenity": "clinic",
        "healthcare": "clinic",
        "name": "Klinik Ng Tekalit"
      },
      "geometry": {
        "type": "Point",
        "coordinates": [
          112.5607462,
          1.9068856
        ]
      },
      "id": "node/7231850685"
    },
    {
      "type": "Feature",
      "properties": {
        "@id": "node/7330415684",
        "addr:city": "Kota Balikpapan",
        "addr:housenumber": "30",
        "addr:street": "Jalan Mayjen Sutoyo",
        "amenity": "hospital",
        "emergency": "yes",
        "healthcare": "hospital",
        "healthcare:speciality": "general",
        "name": "RSUD Beriman Balikpapan",
        "operator": "Andi Herman",
        "operator:type": "public"
      },
      "geometry": {
        "type": "Point",
        "coordinates": [
          116.8472077,
          -1.2632244
        ]
      },
      "id": "node/7330415684"
    },
    {
      "type": "Feature",
      "properties": {
        "@id": "node/7353571531",
        "amenity": "doctors",
        "healthcare": "doctor"
      },
      "geometry": {
        "type": "Point",
        "coordinates": [
          114.5977328,
          -3.3266733
        ]
      },
      "id": "node/7353571531"
    },
    {
      "type": "Feature",
      "properties": {
        "@id": "node/7363711424",
        "amenity": "hospital",
        "healthcare": "hospital",
        "name": "RSU Tanjung Selor"
      },
      "geometry": {
        "type": "Point",
        "coordinates": [
          117.3808,
          2.830158
        ]
      },
      "id": "node/7363711424"
    },
    {
      "type": "Feature",
      "properties": {
        "@id": "node/7428254394",
        "addr:city": "Samarinda",
        "addr:full": "Jalan Gurami No.48 Samarinda",
        "amenity": "pharmacy",
        "name": "Apotek Gabjav"
      },
      "geometry": {
        "type": "Point",
        "coordinates": [
          117.1588401,
          -0.5063462
        ]
      },
      "id": "node/7428254394"
    },
    {
      "type": "Feature",
      "properties": {
        "@id": "node/7428870928",
        "addr:city": "Balikpapan",
        "amenity": "pharmacy",
        "healthcare": "pharmacy",
        "name": "Century Healthcare"
      },
      "geometry": {
        "type": "Point",
        "coordinates": [
          116.8383363,
          -1.2774129
        ]
      },
      "id": "node/7428870928"
    },
    {
      "type": "Feature",
      "properties": {
        "@id": "node/7428870929",
        "addr:city": "Balikpapan",
        "amenity": "pharmacy",
        "brand": "Guardian",
        "brand:wikidata": "Q63371124",
        "healthcare": "pharmacy",
        "name": "Guardian"
      },
      "geometry": {
        "type": "Point",
        "coordinates": [
          116.8383336,
          -1.2776448
        ]
      },
      "id": "node/7428870929"
    },
    {
      "type": "Feature",
      "properties": {
        "@id": "node/7502801552",
        "addr:city": "Sibu",
        "addr:housenumber": "19",
        "addr:postcode": "96000",
        "addr:street": "Jalan Salim 17",
        "amenity": "pharmacy",
        "dispensing": "yes",
        "healthcare": "pharmacy",
        "name": "Hometown Pharmacy",
        "name:en": "Hometown Pharmacy",
        "opening_hours": "08:00-21:00"
      },
      "geometry": {
        "type": "Point",
        "coordinates": [
          111.8623043,
          2.2661788
        ]
      },
      "id": "node/7502801552"
    },
    {
      "type": "Feature",
      "properties": {
        "@id": "node/7502817847",
        "addr:city": "Sibu",
        "addr:housenumber": "28",
        "addr:postcode": "96000",
        "addr:street": "Jalan Salim 17",
        "amenity": "pharmacy",
        "dispensing": "yes",
        "healthcare": "pharmacy",
        "name": "Kedai Ubat Salim",
        "name:ms": "Kedai Ubat Salim"
      },
      "geometry": {
        "type": "Point",
        "coordinates": [
          111.8628287,
          2.2664886
        ]
      },
      "id": "node/7502817847"
    },
    {
      "type": "Feature",
      "properties": {
        "@id": "node/7871131586",
        "amenity": "hospital",
        "name": "Puskesmas Tumbang Miri"
      },
      "geometry": {
        "type": "Point",
        "coordinates": [
          113.5512898,
          -0.9155907
        ]
      },
      "id": "node/7871131586"
    },
    {
      "type": "Feature",
      "properties": {
        "@id": "node/7884472653",
        "amenity": "pharmacy",
        "healthcare": "pharmacy",
        "name": "Provida Pharmacy"
      },
      "geometry": {
        "type": "Point",
        "coordinates": [
          110.3445715,
          1.5138768
        ]
      },
      "id": "node/7884472653"
    },
    {
      "type": "Feature",
      "properties": {
        "@id": "node/7884498656",
        "amenity": "pharmacy",
        "healthcare": "pharmacy",
        "name": "Healthcare Pharmacy"
      },
      "geometry": {
        "type": "Point",
        "coordinates": [
          110.344571,
          1.513396
        ]
      },
      "id": "node/7884498656"
    },
    {
      "type": "Feature",
      "properties": {
        "@id": "node/7884521744",
        "amenity": "pharmacy",
        "healthcare": "pharmacy",
        "name": "Batu Lintang Pharmacy"
      },
      "geometry": {
        "type": "Point",
        "coordinates": [
          110.3413587,
          1.534812
        ]
      },
      "id": "node/7884521744"
    },
    {
      "type": "Feature",
      "properties": {
        "@id": "node/7884614091",
        "amenity": "pharmacy",
        "healthcare": "pharmacy",
        "name": "Oriental Pharmacy"
      },
      "geometry": {
        "type": "Point",
        "coordinates": [
          110.3428313,
          1.5599072
        ]
      },
      "id": "node/7884614091"
    },
    {
      "type": "Feature",
      "properties": {
        "@id": "node/7885813556",
        "amenity": "clinic",
        "healthcare": "clinic",
        "name": "Specialist Clinic Damai"
      },
      "geometry": {
        "type": "Point",
        "coordinates": [
          110.3373629,
          1.5349695
        ]
      },
      "id": "node/7885813556"
    },
    {
      "type": "Feature",
      "properties": {
        "@id": "node/7886379497",
        "amenity": "pharmacy",
        "healthcare": "pharmacy",
        "name": "Wija Pharmacy"
      },
      "geometry": {
        "type": "Point",
        "coordinates": [
          110.3230254,
          1.5550486
        ]
      },
      "id": "node/7886379497"
    },
    {
      "type": "Feature",
      "properties": {
        "@id": "node/7903640517",
        "amenity": "hospital",
        "healthcare": "hospital",
        "name": "puskesmas kebunsari"
      },
      "geometry": {
        "type": "Point",
        "coordinates": [
          119.1913115,
          -3.4370901
        ]
      },
      "id": "node/7903640517"
    },
    {
      "type": "Feature",
      "properties": {
        "@id": "node/7977209586",
        "amenity": "pharmacy",
        "drive_through": "no",
        "healthcare": "pharmacy",
        "name": "Pronature Pharmacy",
        "survey:date": "2020-10-05",
        "wheelchair": "no"
      },
      "geometry": {
        "type": "Point",
        "coordinates": [
          110.3671714,
          1.5172156
        ]
      },
      "id": "node/7977209586"
    },
    {
      "type": "Feature",
      "properties": {
        "@id": "node/7977710586",
        "amenity": "clinic",
        "healthcare": "clinic",
        "name": "Klinik Dr. Wong Kai Siong",
        "survey:date": "2020-10-06"
      },
      "geometry": {
        "type": "Point",
        "coordinates": [
          110.3663579,
          1.5173754
        ]
      },
      "id": "node/7977710586"
    },
    {
      "type": "Feature",
      "properties": {
        "@id": "node/8086065652",
        "amenity": "hospital",
        "healthcare": "hospital",
        "healthcare:speciality": "general",
        "name": "Puskesmas Pembantu Desa Kelekat",
        "operator": "Esshy Edmeyzella, Amd.Keb",
        "operator:type": "government_facility-public"
      },
      "geometry": {
        "type": "Point",
        "coordinates": [
          116.3063466,
          0.208725
        ]
      },
      "id": "node/8086065652"
    },
    {
      "type": "Feature",
      "properties": {
        "@id": "node/8170174121",
        "amenity": "clinic",
        "healthcare": "clinic",
        "healthcare:speciality": "general",
        "name": "Klinik Kesihatan Tarat",
        "note": "#mapdemicutm20",
        "source": "local knowledge"
      },
      "geometry": {
        "type": "Point",
        "coordinates": [
          110.5348532,
          1.2059238
        ]
      },
      "id": "node/8170174121"
    },
    {
      "type": "Feature",
      "properties": {
        "@id": "node/8187976561",
        "amenity": "hospital",
        "healthcare": "hospital",
        "name": "Omni Hospital"
      },
      "geometry": {
        "type": "Point",
        "coordinates": [
          116.872623,
          -1.2431814
        ]
      },
      "id": "node/8187976561"
    },
    {
      "type": "Feature",
      "properties": {
        "@id": "node/8491745287",
        "amenity": "clinic",
        "healthcare": "clinic",
        "healthcare:speciality": "otolaryngology;obstetrics",
        "name": "Klinik Utama Rawat Jalan Sutoyo Medika"
      },
      "geometry": {
        "type": "Point",
        "coordinates": [
          114.5779774,
          -3.3214301
        ]
      },
      "id": "node/8491745287"
    },
    {
      "type": "Feature",
      "properties": {
        "@id": "node/8587068498",
        "amenity": "clinic",
        "healthcare": "clinic",
        "name": "Puskesmas Wonerejo"
      },
      "geometry": {
        "type": "Point",
        "coordinates": [
          117.1251966,
          -0.4979537
        ]
      },
      "id": "node/8587068498"
    },
    {
      "type": "Feature",
      "properties": {
        "@id": "node/8587068500",
        "amenity": "pharmacy",
        "dispensing": "yes",
        "healthcare": "pharmacy",
        "name": "Toko Obat Kem-Kem Cendana"
      },
      "geometry": {
        "type": "Point",
        "coordinates": [
          117.1254862,
          -0.4975735
        ]
      },
      "id": "node/8587068500"
    },
    {
      "type": "Feature",
      "properties": {
        "@id": "node/8832196863",
        "amenity": "pharmacy",
        "dispensing": "yes",
        "healthcare": "pharmacy",
        "name": "Apotek Thaibah"
      },
      "geometry": {
        "type": "Point",
        "coordinates": [
          114.8289604,
          -3.4429756
        ]
      },
      "id": "node/8832196863"
    },
    {
      "type": "Feature",
      "properties": {
        "@id": "node/8838727860",
        "amenity": "clinic",
        "healthcare": "clinic",
        "name": "Klinik Praktama Asri"
      },
      "geometry": {
        "type": "Point",
        "coordinates": [
          114.8057812,
          -3.4482413
        ]
      },
      "id": "node/8838727860"
    },
    {
      "type": "Feature",
      "properties": {
        "@id": "node/8839431171",
        "amenity": "clinic",
        "healthcare": "clinic",
        "name": "Puskesmas Sekolaq Darat"
      },
      "geometry": {
        "type": "Point",
        "coordinates": [
          115.7433217,
          -0.2739212
        ]
      },
      "id": "node/8839431171"
    },
    {
      "type": "Feature",
      "properties": {
        "@id": "node/8855586694",
        "amenity": "hospital",
        "healthcare": "hospital",
        "name": "Puskesmas Teluk Bayur"
      },
      "geometry": {
        "type": "Point",
        "coordinates": [
          117.4229429,
          2.1376631
        ]
      },
      "id": "node/8855586694"
    },
    {
      "type": "Feature",
      "properties": {
        "@id": "node/8903385174",
        "amenity": "pharmacy",
        "dispensing": "yes",
        "healthcare": "pharmacy",
        "name": "Apotek Mega Farma",
        "opening_hours": "Mo-Sa 08:00-22:00"
      },
      "geometry": {
        "type": "Point",
        "coordinates": [
          116.6207916,
          -1.3893197
        ]
      },
      "id": "node/8903385174"
    },
    {
      "type": "Feature",
      "properties": {
        "@id": "node/8908752859",
        "amenity": "pharmacy",
        "dispensing": "yes",
        "healthcare": "pharmacy",
        "name": "Vio Farma"
      },
      "geometry": {
        "type": "Point",
        "coordinates": [
          116.6143496,
          -1.3937259
        ]
      },
      "id": "node/8908752859"
    },
    {
      "type": "Feature",
      "properties": {
        "@id": "node/8940245238",
        "amenity": "hospital",
        "healthcare": "hospital",
        "name": "Apotik Bidan Rusda"
      },
      "geometry": {
        "type": "Point",
        "coordinates": [
          117.658437,
          1.3515582
        ]
      },
      "id": "node/8940245238"
    },
    {
      "type": "Feature",
      "properties": {
        "@id": "node/8941560113",
        "addr:city": "Sendawar",
        "addr:postcode": "75776",
        "addr:street": "Jalan Sengkereaq Ingkih",
        "amenity": "hospital",
        "healthcare": "hospital",
        "name": "RS Pratama"
      },
      "geometry": {
        "type": "Point",
        "coordinates": [
          115.6269457,
          -0.1586081
        ]
      },
      "id": "node/8941560113"
    },
    {
      "type": "Feature",
      "properties": {
        "@id": "node/8943820322",
        "addr:city": "Penajam Paser Utara",
        "addr:housenumber": "Sungai Parit RT 04",
        "addr:postcode": "76142",
        "addr:street": "Jalan Manunggal",
        "amenity": "hospital",
        "healthcare": "hospital",
        "healthcare:speciality": "general",
        "name": "Pos Kesehatan Desa"
      },
      "geometry": {
        "type": "Point",
        "coordinates": [
          116.7521408,
          -1.3134399
        ]
      },
      "id": "node/8943820322"
    },
    {
      "type": "Feature",
      "properties": {
        "@id": "node/8943823144",
        "addr:city": "Penajam Paser Utara",
        "addr:housenumber": "Sungai Parit RT 04",
        "addr:postcode": "76142",
        "addr:street": "Jalan Manunggal",
        "amenity": "hospital",
        "healthcare": "hospital",
        "healthcare:speciality": "general",
        "name": "Puskesmas Pembantu Kelurahan Sungai Parit"
      },
      "geometry": {
        "type": "Point",
        "coordinates": [
          116.7521403,
          -1.3136237
        ]
      },
      "id": "node/8943823144"
    },
    {
      "type": "Feature",
      "properties": {
        "@id": "node/8948722695",
        "amenity": "hospital",
        "name": "Eks RSJ Tamban"
      },
      "geometry": {
        "type": "Point",
        "coordinates": [
          114.4973525,
          -3.3386635
        ]
      },
      "id": "node/8948722695"
    },
    {
      "type": "Feature",
      "properties": {
        "@id": "node/9013013421",
        "amenity": "pharmacy",
        "dispensing": "yes",
        "drive_through": "yes",
        "healthcare": "pharmacy",
        "name": "Apotek Alifa Farma",
        "phone": "+6287817224664"
      },
      "geometry": {
        "type": "Point",
        "coordinates": [
          114.8482707,
          -3.4587285
        ]
      },
      "id": "node/9013013421"
    },
    {
      "type": "Feature",
      "properties": {
        "@id": "node/9023149189",
        "amenity": "clinic",
        "healthcare": "clinic",
        "name": "LMMC"
      },
      "geometry": {
        "type": "Point",
        "coordinates": [
          114.8443635,
          -3.4436263
        ]
      },
      "id": "node/9023149189"
    },
    {
      "type": "Feature",
      "properties": {
        "@id": "node/9023149192",
        "amenity": "hospital",
        "healthcare": "hospital",
        "name": "RS Mawar"
      },
      "geometry": {
        "type": "Point",
        "coordinates": [
          114.8380571,
          -3.4387948
        ]
      },
      "id": "node/9023149192"
    },
    {
      "type": "Feature",
      "properties": {
        "@id": "node/9025756270",
        "addr:full": "Jl. RTA Milono KM 4,5 No. 425, Langkai, Kec. Pahandut, Kota Palangka Raya, Kalimantan Tengah 73111",
        "amenity": "hospital",
        "emergency": "yes",
        "healthcare": "hospital",
        "name": "Rumah Sakit Siloam Palangka Raya"
      },
      "geometry": {
        "type": "Point",
        "coordinates": [
          113.9206051,
          -2.2421611
        ]
      },
      "id": "node/9025756270"
    },
    {
      "type": "Feature",
      "properties": {
        "@id": "node/9030193263",
        "amenity": "clinic",
        "name": "Puskesmas Hayaping"
      },
      "geometry": {
        "type": "Point",
        "coordinates": [
          115.2435833,
          -1.9801515
        ]
      },
      "id": "node/9030193263"
    },
    {
      "type": "Feature",
      "properties": {
        "@id": "node/9041116522",
        "amenity": "hospital",
        "healthcare": "hospital",
        "name": "RSU Syifa Medika"
      },
      "geometry": {
        "type": "Point",
        "coordinates": [
          114.8165312,
          -3.4583279
        ]
      },
      "id": "node/9041116522"
    },
    {
      "type": "Feature",
      "properties": {
        "@id": "node/9050193988",
        "amenity": "hospital",
        "healthcare": "hospital",
        "name": "RSU Al-Mansyur Medika"
      },
      "geometry": {
        "type": "Point",
        "coordinates": [
          114.8480654,
          -3.4418648
        ]
      },
      "id": "node/9050193988"
    },
    {
      "type": "Feature",
      "properties": {
        "@id": "node/9065803311",
        "amenity": "clinic",
        "name": "Polindes Wigas Marahati"
      },
      "geometry": {
        "type": "Point",
        "coordinates": [
          115.0833468,
          -1.815187
        ]
      },
      "id": "node/9065803311"
    },
    {
      "type": "Feature",
      "properties": {
        "@id": "node/9313424660",
        "amenity": "pharmacy",
        "name": "Apotek Kurnia"
      },
      "geometry": {
        "type": "Point",
        "coordinates": [
          116.7630366,
          -0.9090336
        ]
      },
      "id": "node/9313424660"
    },
    {
      "type": "Feature",
      "properties": {
        "@id": "node/9496806369",
        "amenity": "hospital",
        "emergency": "yes",
        "healthcare": "hospital",
        "name": "UGD"
      },
      "geometry": {
        "type": "Point",
        "coordinates": [
          116.8347214,
          -1.2430446
        ]
      },
      "id": "node/9496806369"
    },
    {
      "type": "Feature",
      "properties": {
        "@id": "node/9507103342",
        "amenity": "hospital",
        "healthcare": "hospital",
        "name": "IGD RS Meloy"
      },
      "geometry": {
        "type": "Point",
        "coordinates": [
          117.534769,
          0.504687
        ]
      },
      "id": "node/9507103342"
    },
    {
      "type": "Feature",
      "properties": {
        "@id": "node/9555463312",
        "addr:city": "Bintulu",
        "addr:housenumber": "196 & 197",
        "addr:postcode": "97000",
        "addr:street": "Jalan Sultan Iskandar",
        "air_conditioning": "yes",
        "amenity": "clinic",
        "email": "kliniksyazwani@gmail.com",
        "healthcare": "clinic",
        "healthcare:speciality": "general",
        "name": "Klinik Syazwani Sdn Bhd",
        "opening_hours": "Mo-Fr 08:00-18:30, Sa 09:00-12:00",
        "operator": "Dr Syazwani Arshad",
        "operator:type": "private"
      },
      "geometry": {
        "type": "Point",
        "coordinates": [
          113.0565721,
          3.1969976
        ]
      },
      "id": "node/9555463312"
    },
    {
      "type": "Feature",
      "properties": {
        "@id": "node/9562049367",
        "amenity": "clinic",
        "name": "SMP Negeri 1 Tanah Siang"
      },
      "geometry": {
        "type": "Point",
        "coordinates": [
          114.5079929,
          -0.5249063
        ]
      },
      "id": "node/9562049367"
    },
    {
      "type": "Feature",
      "properties": {
        "@id": "node/9562049399",
        "amenity": "clinic",
        "name": "Puskesmas Saripoi"
      },
      "geometry": {
        "type": "Point",
        "coordinates": [
          114.5009627,
          -0.5491672
        ]
      },
      "id": "node/9562049399"
    },
    {
      "type": "Feature",
      "properties": {
        "@id": "node/9562087288",
        "amenity": "clinic",
        "name": "Puskesmas Puruk Cahu Seberang"
      },
      "geometry": {
        "type": "Point",
        "coordinates": [
          114.5946711,
          -0.6238413
        ]
      },
      "id": "node/9562087288"
    },
    {
      "type": "Feature",
      "properties": {
        "@id": "node/9619867242",
        "amenity": "hospital",
        "healthcare": "hospital",
        "name": "RSUD Hadji Boejasin"
      },
      "geometry": {
        "type": "Point",
        "coordinates": [
          114.7865236,
          -3.8279905
        ]
      },
      "id": "node/9619867242"
    },
    {
      "type": "Feature",
      "properties": {
        "@id": "node/9657826322",
        "amenity": "clinic",
        "healthcare": "clinic",
        "healthcare:speciality": "general;paediatrics;orthopaedics;urology;radiology",
        "name": "Uni-Clinic"
      },
      "geometry": {
        "type": "Point",
        "coordinates": [
          110.417799,
          1.4657899
        ]
      },
      "id": "node/9657826322"
    },
    {
      "type": "Feature",
      "properties": {
        "@id": "node/9774227100",
        "amenity": "clinic",
        "healthcare": "clinic",
        "name": "Posyandu",
        "operator": "Posyandu",
        "operator:wikidata": "Q12506263"
      },
      "geometry": {
        "type": "Point",
        "coordinates": [
          111.7100789,
          -2.6679777
        ]
      },
      "id": "node/9774227100"
    },
    {
      "type": "Feature",
      "properties": {
        "@id": "node/9840186844",
        "amenity": "doctors",
        "healthcare": "doctor",
        "name": "Dr Edi Hartoyo Sp A"
      },
      "geometry": {
        "type": "Point",
        "coordinates": [
          114.6102028,
          -3.334529
        ]
      },
      "id": "node/9840186844"
    },
    {
      "type": "Feature",
      "properties": {
        "@id": "node/9840424343",
        "amenity": "doctors",
        "healthcare": "doctor",
        "name": "Dokter Gigi Buyung Maglenda"
      },
      "geometry": {
        "type": "Point",
        "coordinates": [
          114.6179429,
          -3.3298525
        ]
      },
      "id": "node/9840424343"
    },
    {
      "type": "Feature",
      "properties": {
        "@id": "node/9840969516",
        "amenity": "pharmacy",
        "healthcare": "pharmacy",
        "name": "Toko Obat Zhafran Surgi Mufti"
      },
      "geometry": {
        "type": "Point",
        "coordinates": [
          114.5953256,
          -3.3074816
        ]
      },
      "id": "node/9840969516"
    },
    {
      "type": "Feature",
      "properties": {
        "@id": "node/9842933236",
        "amenity": "doctors",
        "healthcare": "doctor",
        "name": "Amanda Estetika"
      },
      "geometry": {
        "type": "Point",
        "coordinates": [
          114.598712,
          -3.3260067
        ]
      },
      "id": "node/9842933236"
    },
    {
      "type": "Feature",
      "properties": {
        "@id": "node/9843315760",
        "amenity": "doctors",
        "healthcare": "doctor",
        "name": "Praktek Dokter Dr. Iskandar Halim Sp.A"
      },
      "geometry": {
        "type": "Point",
        "coordinates": [
          114.5976841,
          -3.3134051
        ]
      },
      "id": "node/9843315760"
    },
    {
      "type": "Feature",
      "properties": {
        "@id": "node/9886959342",
        "amenity": "hospital",
        "healthcare": "hospital",
        "name": "Puskesmas Rapak Mahang"
      },
      "geometry": {
        "type": "Point",
        "coordinates": [
          116.9902173,
          -0.4431712
        ]
      },
      "id": "node/9886959342"
    },
    {
      "type": "Feature",
      "properties": {
        "@id": "node/9886986240",
        "amenity": "pharmacy",
        "branch": "Wahid Hasyim 2",
        "brand": "Kimia Farma",
        "brand:wikidata": "Q11264892",
        "healthcare": "pharmacy",
        "name": "Kimia Farma"
      },
      "geometry": {
        "type": "Point",
        "coordinates": [
          117.1556326,
          -0.4432403
        ]
      },
      "id": "node/9886986240"
    },
    {
      "type": "Feature",
      "properties": {
        "@id": "node/9887068894",
        "amenity": "pharmacy",
        "healthcare": "pharmacy",
        "name": "Apotek M Yamin"
      },
      "geometry": {
        "type": "Point",
        "coordinates": [
          117.1485155,
          -0.4663129
        ]
      },
      "id": "node/9887068894"
    },
    {
      "type": "Feature",
      "properties": {
        "@id": "node/9887220475",
        "amenity": "clinic",
        "healthcare": "clinic",
        "name": "Tirta Medical Centre Samarinda"
      },
      "geometry": {
        "type": "Point",
        "coordinates": [
          117.1310665,
          -0.4716683
        ]
      },
      "id": "node/9887220475"
    },
    {
      "type": "Feature",
      "properties": {
        "@id": "node/9887252404",
        "amenity": "pharmacy",
        "healthcare": "pharmacy",
        "name": "Apotek Sinar Merdeka"
      },
      "geometry": {
        "type": "Point",
        "coordinates": [
          117.1653555,
          -0.4873523
        ]
      },
      "id": "node/9887252404"
    },
    {
      "type": "Feature",
      "properties": {
        "@id": "node/9888863259",
        "amenity": "clinic",
        "healthcare": "clinic",
        "name": "Klinik Kulit Umara"
      },
      "geometry": {
        "type": "Point",
        "coordinates": [
          117.1234072,
          -0.477218
        ]
      },
      "id": "node/9888863259"
    },
    {
      "type": "Feature",
      "properties": {
        "@id": "node/9888970377",
        "amenity": "clinic",
        "healthcare": "clinic",
        "name": "Kantor NCI Centre Samarinda"
      },
      "geometry": {
        "type": "Point",
        "coordinates": [
          117.1415229,
          -0.4845036
        ]
      },
      "id": "node/9888970377"
    },
    {
      "type": "Feature",
      "properties": {
        "@id": "node/9903461907",
        "amenity": "pharmacy",
        "healthcare": "pharmacy",
        "name": "Apotek Mulia Jaya"
      },
      "geometry": {
        "type": "Point",
        "coordinates": [
          116.8641388,
          -1.2755749
        ]
      },
      "id": "node/9903461907"
    },
    {
      "type": "Feature",
      "properties": {
        "@id": "node/9903580167",
        "amenity": "pharmacy",
        "name": "Apotek Surya"
      },
      "geometry": {
        "type": "Point",
        "coordinates": [
          117.1536091,
          -0.5037409
        ]
      },
      "id": "node/9903580167"
    },
    {
      "type": "Feature",
      "properties": {
        "@id": "node/9909215333",
        "amenity": "clinic",
        "healthcare": "clinic",
        "name": "Karunia Medical Clinic Balikpapan"
      },
      "geometry": {
        "type": "Point",
        "coordinates": [
          116.8671309,
          -1.2416918
        ]
      },
      "id": "node/9909215333"
    },
    {
      "type": "Feature",
      "properties": {
        "@id": "node/9909255948",
        "amenity": "clinic",
        "healthcare": "clinic",
        "name": "SMEC Klinik Spesialis Mata"
      },
      "geometry": {
        "type": "Point",
        "coordinates": [
          116.8625464,
          -1.2430831
        ]
      },
      "id": "node/9909255948"
    },
    {
      "type": "Feature",
      "properties": {
        "@id": "node/9910691519",
        "amenity": "doctors",
        "healthcare": "doctor",
        "name": "Klinik Anam Dr Fatima Zahra Sp OG"
      },
      "geometry": {
        "type": "Point",
        "coordinates": [
          117.4818808,
          0.1170148
        ]
      },
      "id": "node/9910691519"
    },
    {
      "type": "Feature",
      "properties": {
        "@id": "node/9971957289",
        "amenity": "hospital",
        "healthcare": "hospital",
        "name": "KMI Tawau Medical Centre"
      },
      "geometry": {
        "type": "Point",
        "coordinates": [
          117.8836921,
          4.2470925
        ]
      },
      "id": "node/9971957289"
    },
    {
      "type": "Feature",
      "properties": {
        "@id": "node/9986220403",
        "amenity": "pharmacy",
        "building": "yes",
        "healthcare": "pharmacy",
        "name": "Apotek Kimia Farma"
      },
      "geometry": {
        "type": "Point",
        "coordinates": [
          116.8564856,
          -1.237163
        ]
      },
      "id": "node/9986220403"
    },
    {
      "type": "Feature",
      "properties": {
        "@id": "node/10023181066",
        "amenity": "pharmacy",
        "healthcare": "pharmacy",
        "name": "Apotek Karunia 2 Bontang"
      },
      "geometry": {
        "type": "Point",
        "coordinates": [
          117.4869553,
          0.1365705
        ]
      },
      "id": "node/10023181066"
    },
    {
      "type": "Feature",
      "properties": {
        "@id": "node/10054310137",
        "amenity": "pharmacy",
        "name": "Mulita Apotek"
      },
      "geometry": {
        "type": "Point",
        "coordinates": [
          117.1787937,
          -0.4840632
        ]
      },
      "id": "node/10054310137"
    },
    {
      "type": "Feature",
      "properties": {
        "@id": "node/10125249957",
        "amenity": "hospital",
        "healthcare": "hospital",
        "name": "RSUD Pratama Batu Buil"
      },
      "geometry": {
        "type": "Point",
        "coordinates": [
          111.6085083,
          -0.2920673
        ]
      },
      "id": "node/10125249957"
    },
    {
      "type": "Feature",
      "properties": {
        "@id": "node/10125249958",
        "amenity": "clinic",
        "healthcare": "clinic",
        "name": "Puskesmas Pemuar",
        "operator": "Ministry of Health",
        "operator:en": "Ministry of Health",
        "operator:id": "Kementerian Kesehatan",
        "operator:wikidata": "Q12490745"
      },
      "geometry": {
        "type": "Point",
        "coordinates": [
          111.6571984,
          -0.3182976
        ]
      },
      "id": "node/10125249958"
    },
    {
      "type": "Feature",
      "properties": {
        "@id": "node/10129370784",
        "addr:city": "Amuntai",
        "addr:postcode": "71419",
        "addr:street": "Jalan Suwandi Sumarta",
        "amenity": "pharmacy",
        "dispensing": "yes",
        "health_facility:type": "pharmacy",
        "healthcare": "pharmacy",
        "name": "Apotek Agung Medika"
      },
      "geometry": {
        "type": "Point",
        "coordinates": [
          115.2488377,
          -2.4291382
        ]
      },
      "id": "node/10129370784"
    },
    {
      "type": "Feature",
      "properties": {
        "@id": "node/10148399118",
        "addr:housenumber": "05435230262",
        "addr:postcode": "76252",
        "addr:street": "Jalan Negara",
        "amenity": "clinic",
        "name": "Apotek Kusuma Farms",
        "opening_hours": "24/7"
      },
      "geometry": {
        "type": "Point",
        "coordinates": [
          115.9114314,
          -1.8206565
        ]
      },
      "id": "node/10148399118"
    },
    {
      "type": "Feature",
      "properties": {
        "@id": "node/10178418900",
        "amenity": "clinic",
        "name": "Puskesmas Sei Ayak"
      },
      "geometry": {
        "type": "Point",
        "coordinates": [
          111.0678381,
          0.1054921
        ]
      },
      "id": "node/10178418900"
    },
    {
      "type": "Feature",
      "properties": {
        "@id": "node/10548348415",
        "amenity": "hospital",
        "healthcare": "hospital",
        "name": "Aliya Kost"
      },
      "geometry": {
        "type": "Point",
        "coordinates": [
          108.9604033,
          0.3569418
        ]
      },
      "id": "node/10548348415"
    },
    {
      "type": "Feature",
      "properties": {
        "@id": "node/10578443730",
        "amenity": "pharmacy",
        "name": "Apotek Matahari"
      },
      "geometry": {
        "type": "Point",
        "coordinates": [
          115.3312741,
          -2.6476591
        ]
      },
      "id": "node/10578443730"
    },
    {
      "type": "Feature",
      "properties": {
        "@id": "node/10738690572",
        "amenity": "clinic",
        "healthcare": "clinic",
        "name": "Puskesmas Belitang",
        "operator": "Ministry of Health",
        "operator:en": "Ministry of Health",
        "operator:id": "Kementerian Kesehatan",
        "operator:wikidata": "Q12490745"
      },
      "geometry": {
        "type": "Point",
        "coordinates": [
          111.2397135,
          0.1280509
        ]
      },
      "id": "node/10738690572"
    },
    {
      "type": "Feature",
      "properties": {
        "@id": "node/10738716902",
        "amenity": "clinic",
        "healthcare": "clinic",
        "operator": "Ministry of Health",
        "operator:en": "Ministry of Health",
        "operator:id": "Kementerian Kesehatan",
        "operator:wikidata": "Q12490745"
      },
      "geometry": {
        "type": "Point",
        "coordinates": [
          111.2380002,
          0.1659626
        ]
      },
      "id": "node/10738716902"
    },
    {
      "type": "Feature",
      "properties": {
        "@id": "node/10738716903",
        "amenity": "clinic",
        "healthcare": "clinic",
        "name": "Posyandu",
        "operator": "Posyandu",
        "operator:wikidata": "Q12506263"
      },
      "geometry": {
        "type": "Point",
        "coordinates": [
          111.2373886,
          0.1653099
        ]
      },
      "id": "node/10738716903"
    },
    {
      "type": "Feature",
      "properties": {
        "@id": "node/10738718122",
        "amenity": "clinic",
        "healthcare": "clinic",
        "name": "Puskesmas Maboh Permai",
        "operator": "Ministry of Health",
        "operator:en": "Ministry of Health",
        "operator:id": "Kementerian Kesehatan",
        "operator:wikidata": "Q12490745"
      },
      "geometry": {
        "type": "Point",
        "coordinates": [
          111.1831501,
          0.1797855
        ]
      },
      "id": "node/10738718122"
    },
    {
      "type": "Feature",
      "properties": {
        "@id": "node/10823277005",
        "addr:city": "Miri",
        "addr:housenumber": "171A",
        "addr:postcode": "98000",
        "addr:street": "Jalan Brooke",
        "alt_name": "RE Medical Consultancy Sdn Bhd",
        "amenity": "clinic",
        "fax": "085-425 603",
        "healthcare": "clinic",
        "name": "Judson Clinic & Surgery",
        "opening_hours": "Mo-Fr 08:00-12:30,14:30-16:30; Sa 08:00-12:30",
        "operator": "RE Medical Consultancy Sdn Bhd",
        "operator:type": "private",
        "phone": "085-419 288;085-419 289"
      },
      "geometry": {
        "type": "Point",
        "coordinates": [
          113.9886679,
          4.3944812
        ]
      },
      "id": "node/10823277005"
    },
    {
      "type": "Feature",
      "properties": {
        "@id": "node/10862087827",
        "amenity": "clinic",
        "name": "Poskesdes Haringen"
      },
      "geometry": {
        "type": "Point",
        "coordinates": [
          115.1679169,
          -2.0765607
        ]
      },
      "id": "node/10862087827"
    },
    {
      "type": "Feature",
      "properties": {
        "@id": "node/10942558705",
        "addr:housenumber": "01",
        "addr:postcode": "74381",
        "addr:street": "Batu Pangojin",
        "amenity": "hospital",
        "name": "Puskesmas Rantau Pulut I",
        "opening_hours": "24/7"
      },
      "geometry": {
        "type": "Point",
        "coordinates": [
          112.1177076,
          -1.9230083
        ]
      },
      "id": "node/10942558705"
    },
    {
      "type": "Feature",
      "properties": {
        "@id": "node/10942602405",
        "addr:postcode": "74281",
        "amenity": "hospital",
        "name": "UPTD Puskesmas Danau Sembuluh",
        "opening_hours": "24/7"
      },
      "geometry": {
        "type": "Point",
        "coordinates": [
          112.3783243,
          -2.7282799
        ]
      },
      "id": "node/10942602405"
    },
    {
      "type": "Feature",
      "properties": {
        "@id": "node/10961090242",
        "addr:city": "Kuching",
        "addr:postcode": "93350",
        "addr:street": "Lorong Keranji 4",
        "amenity": "clinic",
        "healthcare": "dialysis",
        "healthcare:speciality": "nephrology",
        "name": "Persatuan Dialisis Cahaya"
      },
      "geometry": {
        "type": "Point",
        "coordinates": [
          110.3859302,
          1.5276654
        ]
      },
      "id": "node/10961090242"
    },
    {
      "type": "Feature",
      "properties": {
        "@id": "node/10961136354",
        "addr:city": "Kuching",
        "addr:postcode": "93100",
        "addr:street": "Jalan Song Thian Cheok",
        "amenity": "clinic",
        "healthcare": "clinic",
        "name": "Kang's Clinic"
      },
      "geometry": {
        "type": "Point",
        "coordinates": [
          110.3535816,
          1.555359
        ]
      },
      "id": "node/10961136354"
    },
    {
      "type": "Feature",
      "properties": {
        "@id": "node/11058013946",
        "addr:city": "Kuching",
        "addr:housenumber": "Sublot 13, Ground Floor, Song Plaza",
        "addr:postcode": "93350",
        "addr:street": "Jalan Tun Jugah",
        "amenity": "pharmacy",
        "healthcare": "pharmacy",
        "name": "SHiNE Pharmacy"
      },
      "geometry": {
        "type": "Point",
        "coordinates": [
          110.3548283,
          1.522375
        ]
      },
      "id": "node/11058013946"
    },
    {
      "type": "Feature",
      "properties": {
        "@id": "node/11063326198",
        "addr:city": "Pemangkat",
        "addr:housenumber": "27",
        "addr:postcode": "79453",
        "addr:street": "Jalan Mohammad Hambal",
        "amenity": "pharmacy",
        "healthcare": "pharmacy"
      },
      "geometry": {
        "type": "Point",
        "coordinates": [
          108.9743206,
          1.1762511
        ]
      },
      "id": "node/11063326198"
    },
    {
      "type": "Feature",
      "properties": {
        "@id": "node/11063360228",
        "addr:city": "Pemangkat",
        "addr:housenumber": "5",
        "addr:postcode": "79453",
        "addr:street": "Jalan Mohammad Hambal",
        "amenity": "pharmacy",
        "healthcare": "pharmacy",
        "name": "Apotek Bersama"
      },
      "geometry": {
        "type": "Point",
        "coordinates": [
          108.9742348,
          1.1759893
        ]
      },
      "id": "node/11063360228"
    },
    {
      "type": "Feature",
      "properties": {
        "@id": "node/11222237315",
        "amenity": "clinic",
        "healthcare": "clinic",
        "name": "POSYANDU DESA IPU MEA",
        "operator": "Posyandu",
        "operator:wikidata": "Q12506263"
      },
      "geometry": {
        "type": "Point",
        "coordinates": [
          115.0808822,
          -1.9089643
        ]
      },
      "id": "node/11222237315"
    },
    {
      "type": "Feature",
      "properties": {
        "@id": "node/11226886812",
        "amenity": "pharmacy",
        "healthcare": "pharmacy",
        "name": "Apotek Lavista",
        "survey:date": "2023-09-29"
      },
      "geometry": {
        "type": "Point",
        "coordinates": [
          117.4731358,
          0.1413766
        ]
      },
      "id": "node/11226886812"
    },
    {
      "type": "Feature",
      "properties": {
        "@id": "node/11257000959",
        "addr:city": "Sibu",
        "addr:postcode": "96000",
        "addr:street": "Jalan Lau King Howe 1",
        "amenity": "pharmacy",
        "healthcare": "pharmacy",
        "name": "MyTown Pharmacy"
      },
      "geometry": {
        "type": "Point",
        "coordinates": [
          111.8207725,
          2.2907743
        ]
      },
      "id": "node/11257000959"
    },
    {
      "type": "Feature",
      "properties": {
        "@id": "node/11299547932",
        "addr:street": "H.M. Arsyad",
        "amenity": "hospital",
        "healthcare": "hospital",
        "name": "RSUD dr. Murdjani"
      },
      "geometry": {
        "type": "Point",
        "coordinates": [
          112.9478344,
          -2.5429208
        ]
      },
      "id": "node/11299547932"
    },
    {
      "type": "Feature",
      "properties": {
        "@id": "node/11299985169",
        "amenity": "pharmacy",
        "brand": "Guardian",
        "brand:wikidata": "Q63371124",
        "healthcare": "pharmacy",
        "name": "Guardian"
      },
      "geometry": {
        "type": "Point",
        "coordinates": [
          113.0583253,
          3.2021628
        ]
      },
      "id": "node/11299985169"
    },
    {
      "type": "Feature",
      "properties": {
        "@id": "node/11301380013",
        "amenity": "pharmacy",
        "healthcare": "pharmacy",
        "name": "ALPRO Pharmacy",
        "opening_hours": "Mo-Su 10:00-21:00"
      },
      "geometry": {
        "type": "Point",
        "coordinates": [
          110.4466101,
          1.4559836
        ]
      },
      "id": "node/11301380013"
    },
    {
      "type": "Feature",
      "properties": {
        "@id": "node/11301380263",
        "amenity": "pharmacy",
        "drive_through": "no",
        "healthcare": "pharmacy",
        "name": "Damai Pharmacy",
        "opening_hours": "Mo-Su 10:00-21:00"
      },
      "geometry": {
        "type": "Point",
        "coordinates": [
          110.4471224,
          1.4559677
        ]
      },
      "id": "node/11301380263"
    },
    {
      "type": "Feature",
      "properties": {
        "@id": "node/11301439148",
        "addr:city": "Kota Samarahan",
        "addr:postcode": "94300",
        "addr:street": "Jalan Datuk Mohamad Musa",
        "amenity": "pharmacy",
        "healthcare": "pharmacy",
        "name": "Ting Pharmacy"
      },
      "geometry": {
        "type": "Point",
        "coordinates": [
          110.4103352,
          1.4547524
        ]
      },
      "id": "node/11301439148"
    },
    {
      "type": "Feature",
      "properties": {
        "@id": "node/11331186750",
        "amenity": "pharmacy",
        "brand": "Watsons",
        "brand:wikidata": "Q7974785",
        "drive_through": "no",
        "healthcare": "pharmacy",
        "name": "Watsons"
      },
      "geometry": {
        "type": "Point",
        "coordinates": [
          110.4087203,
          1.4539635
        ]
      },
      "id": "node/11331186750"
    },
    {
      "type": "Feature",
      "properties": {
        "@id": "node/11337959717",
        "addr:city": "Kuching",
        "addr:housenumber": "Sublot 12, Lot 1519, Block 26",
        "addr:postcode": "94300",
        "addr:street": "Unicapital, Jalan Uni Garden, Kota Samarahan",
        "amenity": "clinic",
        "healthcare": "clinic",
        "name": "Klinik Morni"
      },
      "geometry": {
        "type": "Point",
        "coordinates": [
          110.4172388,
          1.4641129
        ]
      },
      "id": "node/11337959717"
    },
    {
      "type": "Feature",
      "properties": {
        "@id": "node/11365499897",
        "amenity": "clinic",
        "healthcare": "clinic",
        "name": "Klinik Lee"
      },
      "geometry": {
        "type": "Point",
        "coordinates": [
          110.5654435,
          1.1683947
        ]
      },
      "id": "node/11365499897"
    },
    {
      "type": "Feature",
      "properties": {
        "@id": "node/11372534369",
        "addr:housenumber": "780",
        "addr:postcode": "98150",
        "addr:street": "Jalan Miri–Bintulu",
        "amenity": "pharmacy",
        "healthcare": "pharmacy",
        "name": "Grateful Pharmacy",
        "payment:cash": "yes",
        "payment:electronic_purses": "yes",
        "phone": "085-719 285"
      },
      "geometry": {
        "type": "Point",
        "coordinates": [
          113.9644685,
          4.0969519
        ]
      },
      "id": "node/11372534369"
    },
    {
      "type": "Feature",
      "properties": {
        "@id": "node/11374686969",
        "amenity": "clinic",
        "healthcare": "clinic",
        "name": "Kandilo Jaya clinic",
        "name:en": "Kandilo Jaya clinic",
        "name:hi": "Kandilo Jaya Klinik"
      },
      "geometry": {
        "type": "Point",
        "coordinates": [
          115.9267669,
          -1.8322617
        ]
      },
      "id": "node/11374686969"
    },
    {
      "type": "Feature",
      "properties": {
        "@id": "node/11459917664",
        "addr:city": "Miri",
        "addr:housenumber": "7171",
        "addr:place": "Bandar Baru Permyjaya",
        "addr:postcode": "98000",
        "amenity": "pharmacy",
        "branch": "Permyjaya",
        "dispensing": "yes",
        "drive_through": "no",
        "healthcare": "pharmacy",
        "mobile": "012-885 5917",
        "name": "True Label Pharmacy",
        "opening_hours": "Mo-Sa 08:00-20:30; Su 09:00-18:00",
        "operator": "True Label Pharmacy Sdn Bhd",
        "phone": "085-651 270",
        "website": "https://www.truelabelpharmacy.com.my/"
      },
      "geometry": {
        "type": "Point",
        "coordinates": [
          114.038774,
          4.4507984
        ]
      },
      "id": "node/11459917664"
    },
    {
      "type": "Feature",
      "properties": {
        "@id": "node/11472382990",
        "addr:city": "Miri",
        "addr:housenumber": "7988",
        "addr:place": "Bandar Baru Permyjaya",
        "addr:postcode": "98000",
        "amenity": "pharmacy",
        "dispensing": "yes",
        "drive_through": "no",
        "healthcare": "pharmacy",
        "mobile": "013-830 0814",
        "name": "630 Pharmacy",
        "opening_hours": "Mo-Sa 08:00-21:00; Su 10:30-21:00",
        "phone": "085-415 720"
      },
      "geometry": {
        "type": "Point",
        "coordinates": [
          114.0405859,
          4.4507921
        ]
      },
      "id": "node/11472382990"
    },
    {
      "type": "Feature",
      "properties": {
        "@id": "node/11475661185",
        "addr:city": "Miri",
        "addr:housenumber": "3111",
        "addr:postcode": "98000",
        "addr:street": "Lorong Permata 4A/2",
        "amenity": "pharmacy",
        "drive_through": "no",
        "healthcare": "pharmacy",
        "name": "Kedai Ubat Permai Jaya"
      },
      "geometry": {
        "type": "Point",
        "coordinates": [
          114.0438166,
          4.4316573
        ]
      },
      "id": "node/11475661185"
    },
    {
      "type": "Feature",
      "properties": {
        "@id": "node/11475698231",
        "addr:city": "Miri",
        "addr:housenumber": "8530",
        "addr:postcode": "98000",
        "addr:street": "Jalan Luak Bay",
        "amenity": "pharmacy",
        "branch": "Luak Bay",
        "dispensing": "yes",
        "drive_through": "no",
        "healthcare": "pharmacy",
        "mobile": "012-885 5936",
        "name": "True Label Pharmacy",
        "opening_hours": "Mo-Sa 07:30-19:30; Su 08:00-17:00",
        "operator": "True Label Pharmacy Sdn Bhd",
        "phone": "085-324 396",
        "website": "https://www.truelabelpharmacy.com.my/"
      },
      "geometry": {
        "type": "Point",
        "coordinates": [
          113.9809039,
          4.3572488
        ]
      },
      "id": "node/11475698231"
    },
    {
      "type": "Feature",
      "properties": {
        "@id": "node/11475698233",
        "addr:city": "Miri",
        "addr:housenumber": "9995-9997",
        "addr:postcode": "98000",
        "addr:street": "Jalan Luak Bay",
        "amenity": "pharmacy",
        "branch": "Miri",
        "dispensing": "yes",
        "drive_through": "no",
        "healthcare": "pharmacy",
        "mobile": "012-731 6805",
        "name": "Big Pharmacy",
        "opening_hours": "Mo-Su 08:00-20:30",
        "operator": "BIG Pharmacy Sarawak Sdn Bhd",
        "website": "https://bigpharmacy.com.my/"
      },
      "geometry": {
        "type": "Point",
        "coordinates": [
          113.980618,
          4.3578616
        ]
      },
      "id": "node/11475698233"
    },
    {
      "type": "Feature",
      "properties": {
        "@id": "node/11478987402",
        "addr:city": "Miri",
        "addr:housenumber": "2961",
        "addr:postcode": "98000",
        "addr:street": "Jalan Pujut 7",
        "amenity": "pharmacy",
        "dispensing": "yes",
        "drive_through": "no",
        "healthcare": "pharmacy",
        "mobile": "012-824 9680",
        "name": "Vision Pharmacy",
        "opening_hours": "Mo-Sa 08:30-20:030; Su 10:00-14:00",
        "website": "https://www.visionpharmacy.net/"
      },
      "geometry": {
        "type": "Point",
        "coordinates": [
          114.0183846,
          4.4482313
        ]
      },
      "id": "node/11478987402"
    },
    {
      "type": "Feature",
      "properties": {
        "@id": "node/11478987404",
        "amenity": "clinic",
        "healthcare": "clinic",
        "name": "Prima Mediclinic"
      },
      "geometry": {
        "type": "Point",
        "coordinates": [
          114.023303,
          4.4483449
        ]
      },
      "id": "node/11478987404"
    },
    {
      "type": "Feature",
      "properties": {
        "@id": "node/11478987420",
        "addr:city": "Miri",
        "addr:housenumber": "7199",
        "addr:place": "Bandar Baru Permyjaya",
        "addr:postcode": "98000",
        "air_conditioning": "yes",
        "amenity": "clinic",
        "contact:facebook": "https://www.facebook.com/klinikindahpermaimiri/",
        "healthcare": "clinic",
        "name": "Klinik Indah Permai",
        "opening_hours": "Mo-Fr 07:00-12:30,14:00-17:00,19:00-21:00; Sa-Su 08:00-12:30",
        "payment:cash": "yes",
        "payment:credit_cards": "yes",
        "payment:debit_cards": "yes",
        "payment:electronic_purses": "yes",
        "phone": "085-657 516"
      },
      "geometry": {
        "type": "Point",
        "coordinates": [
          114.0385183,
          4.4518431
        ]
      },
      "id": "node/11478987420"
    },
    {
      "type": "Feature",
      "properties": {
        "@id": "node/11482092463",
        "amenity": "pharmacy",
        "healthcare": "pharmacy",
        "name": "Bestcare Pharmacy"
      },
      "geometry": {
        "type": "Point",
        "coordinates": [
          113.8463487,
          4.0569624
        ]
      },
      "id": "node/11482092463"
    },
    {
      "type": "Feature",
      "properties": {
        "@id": "node/11482649710",
        "amenity": "clinic",
        "healthcare": "clinic",
        "name": "Klinik Steven Ngo"
      },
      "geometry": {
        "type": "Point",
        "coordinates": [
          113.9636342,
          4.0974697
        ]
      },
      "id": "node/11482649710"
    },
    {
      "type": "Feature",
      "properties": {
        "@id": "node/11482802934",
        "addr:city": "Miri",
        "addr:housenumber": "8524",
        "addr:postcode": "98000",
        "addr:street": "Jalan Luak Bay",
        "amenity": "pharmacy",
        "branch": "Luak Bay",
        "dispensing": "yes",
        "drive_through": "no",
        "healthcare": "pharmacy",
        "mobile": "019-267 2923",
        "name": "Farmasi Alpro",
        "name:en": "Alpro Pharmacy",
        "opening_hours": "Mo-Su 08:00-20:00",
        "operator": "Alpro Group",
        "website": "https://www.alpropharmacy.com/"
      },
      "geometry": {
        "type": "Point",
        "coordinates": [
          113.9812064,
          4.3576003
        ]
      },
      "id": "node/11482802934"
    },
    {
      "type": "Feature",
      "properties": {
        "@id": "node/11492081074",
        "addr:city": "Miri",
        "addr:housenumber": "VS.01",
        "addr:postcode": "98000",
        "addr:street": "Lorong 2",
        "amenity": "pharmacy",
        "contact:facebook": "https://www.facebook.com/profile.php?id=100064050101487",
        "dispensing": "yes",
        "drive_through": "no",
        "healthcare": "pharmacy",
        "name": "Wellcare Pharmacy",
        "opening_hours": "Mo-Sa 09:00-20:00; Su 12:00-20:00",
        "phone": "085-650 620"
      },
      "geometry": {
        "type": "Point",
        "coordinates": [
          114.0402001,
          4.4797537
        ]
      },
      "id": "node/11492081074"
    },
    {
      "type": "Feature",
      "properties": {
        "@id": "node/11494245247",
        "addr:city": "Miri",
        "addr:housenumber": "8883",
        "addr:postcode": "98000",
        "addr:street": "Jalan Miri-Bintulu",
        "amenity": "pharmacy",
        "branch": "Riam",
        "brand": "Guardian",
        "brand:wikidata": "Q63371124",
        "drive_through": "no",
        "healthcare": "pharmacy",
        "name": "Guardian",
        "opening_hours": "Mo-Su 09:00-21:00",
        "phone": "085-324 119",
        "website": "https://www.guardian.com.my/"
      },
      "geometry": {
        "type": "Point",
        "coordinates": [
          113.9916634,
          4.3441631
        ]
      },
      "id": "node/11494245247"
    },
    {
      "type": "Feature",
      "properties": {
        "@id": "node/11494715938",
        "addr:city": "Miri",
        "addr:housenumber": "D-G-02",
        "addr:place": "Miri Times Square",
        "addr:postcode": "98000",
        "amenity": "pharmacy",
        "branch": "Miri Times Square",
        "dispensing": "yes",
        "drive_through": "no",
        "healthcare": "pharmacy",
        "mobile": "012-853 7277",
        "name": "True Label Pharmacy",
        "opening_hours": "Mo-Sa 08:30-20:00; Su 09:00-14:00",
        "operator": "True Label Pharmacy Sdn Bhd",
        "phone": "085-428 787",
        "website": "https://www.truelabelpharmacy.com.my/"
      },
      "geometry": {
        "type": "Point",
        "coordinates": [
          113.9853076,
          4.3923995
        ]
      },
      "id": "node/11494715938"
    },
    {
      "type": "Feature",
      "properties": {
        "@id": "node/11494715946",
        "addr:city": "Miri",
        "addr:housenumber": "D-G-10",
        "addr:place": "Miri Times Square",
        "addr:postcode": "98000",
        "amenity": "pharmacy",
        "branch": "Miri Times Square",
        "brand": "Guardian",
        "brand:wikidata": "Q63371124",
        "drive_through": "no",
        "healthcare": "pharmacy",
        "name": "Guardian",
        "opening_hours": "Mo-Su 09:00-21:00",
        "payment:cash": "yes",
        "payment:credit_cards": "yes",
        "payment:debit_cards": "yes",
        "payment:electronic_purses": "yes",
        "phone": "085-325 064",
        "website": "https://www.guardian.com.my/"
      },
      "geometry": {
        "type": "Point",
        "coordinates": [
          113.9854165,
          4.3930293
        ]
      },
      "id": "node/11494715946"
    },
    {
      "type": "Feature",
      "properties": {
        "@id": "node/11494715958",
        "addr:city": "Miri",
        "addr:housenumber": "D-G-20",
        "addr:place": "Miri Times Square",
        "addr:postcode": "98000",
        "amenity": "clinic",
        "contact:facebook": "https://www.facebook.com/KlinikMedikaGroup/",
        "healthcare": "clinic",
        "healthcare:speciality": "general",
        "mobile": "012-868 3889",
        "name": "Klinik Medika",
        "opening_hours": "Mo-Tu 08:00-13:00,14:00-17:00; We-Sa 08:00-13:00,14:00-21:00",
        "phone": "085-683 896"
      },
      "geometry": {
        "type": "Point",
        "coordinates": [
          113.9858208,
          4.3933558
        ]
      },
      "id": "node/11494715958"
    },
    {
      "type": "Feature",
      "properties": {
        "@id": "node/11496218074",
        "addr:city": "Miri",
        "addr:housenumber": "8813",
        "addr:postcode": "98000",
        "addr:street": "Jalan Miri-Bintulu",
        "amenity": "clinic",
        "healthcare": "clinic",
        "mobile": "016-625 7964",
        "name": "Klinik Ohana",
        "opening_hours": "Mo-Su 08:00-23:00"
      },
      "geometry": {
        "type": "Point",
        "coordinates": [
          113.9914085,
          4.3423064
        ]
      },
      "id": "node/11496218074"
    },
    {
      "type": "Feature",
      "properties": {
        "@id": "node/11496218078",
        "addr:city": "Miri",
        "addr:housenumber": "3064",
        "addr:postcode": "98000",
        "addr:street": "Jalan Morsjaya 2",
        "amenity": "pharmacy",
        "contact:facebook": "https://www.facebook.com/profile.php?id=100072221460408",
        "dispensing": "yes",
        "drive_through": "no",
        "healthcare": "pharmacy",
        "name": "Clover Pharmacy",
        "opening_hours": "Mo 08:15-17:15; Tu-Su 08:15-20:00",
        "phone": "085-430 198"
      },
      "geometry": {
        "type": "Point",
        "coordinates": [
          113.9881476,
          4.3539618
        ]
      },
      "id": "node/11496218078"
    },
    {
      "type": "Feature",
      "properties": {
        "@id": "node/11496218088",
        "addr:city": "Miri",
        "addr:housenumber": "3013",
        "addr:postcode": "98000",
        "addr:street": "Jalan Morsjaya 7",
        "amenity": "clinic",
        "healthcare": "clinic",
        "name": "Lau Clinic",
        "opening_hours": "Mo-Sa 08:00-12:00,14:00-18:00; Su 08:00-11:00",
        "phone": "085-419 927"
      },
      "geometry": {
        "type": "Point",
        "coordinates": [
          113.9878321,
          4.3537562
        ]
      },
      "id": "node/11496218088"
    },
    {
      "type": "Feature",
      "properties": {
        "@id": "node/11496218089",
        "addr:city": "Miri",
        "addr:housenumber": "3001",
        "addr:postcode": "98000",
        "addr:street": "Jalan Morsjaya",
        "amenity": "clinic",
        "healthcare": "clinic",
        "mobile": "014-921 7966",
        "name": "PMG Medical Clinic",
        "opening_hours": "Mo-Su 08:00-12:00,14:00-16:30,18:30-20:00",
        "operator": "Public Medicare Group",
        "operator:type": "private",
        "phone": "085-637 699",
        "website": "https://pmg2u.com/"
      },
      "geometry": {
        "type": "Point",
        "coordinates": [
          113.9874925,
          4.3538706
        ]
      },
      "id": "node/11496218089"
    },
    {
      "type": "Feature",
      "properties": {
        "@id": "node/11496218094",
        "addr:city": "Miri",
        "addr:housenumber": "2997",
        "addr:postcode": "98000",
        "addr:street": "Jalan Morsjaya",
        "amenity": "pharmacy",
        "branch": "Morsjaya",
        "drive_through": "no",
        "healthcare": "pharmacy",
        "mobile": "019-726 8923",
        "name": "Farmasi Alpro",
        "name:en": "Alpro Pharmacy",
        "opening_hours": "Mo-Su 08:00-21:00",
        "operator": "Alpro Group",
        "website": "https://www.alpropharmacy.com/"
      },
      "geometry": {
        "type": "Point",
        "coordinates": [
          113.9873763,
          4.354066
        ]
      },
      "id": "node/11496218094"
    },
    {
      "type": "Feature",
      "properties": {
        "@id": "node/11496218095",
        "addr:city": "Miri",
        "addr:housenumber": "3023",
        "addr:postcode": "98000",
        "addr:street": "Jalan Morsjaya",
        "amenity": "pharmacy",
        "branch": "Morsjaya",
        "dispensing": "yes",
        "drive_through": "no",
        "healthcare": "pharmacy",
        "mobile": "016-663 7966",
        "name": "PMG Pharmacy",
        "opening_hours": "Mo-Su 08:00-21:00",
        "operator": "Public Medicare Group",
        "website": "https://pmg2u.com/"
      },
      "geometry": {
        "type": "Point",
        "coordinates": [
          113.9879355,
          4.353133
        ]
      },
      "id": "node/11496218095"
    },
    {
      "type": "Feature",
      "properties": {
        "@id": "node/11496218096",
        "addr:city": "Miri",
        "addr:housenumber": "3031",
        "addr:postcode": "98000",
        "addr:street": "Jalan Morsjaya",
        "amenity": "pharmacy",
        "drive_through": "no",
        "healthcare": "pharmacy",
        "name": "Amcal Pharmacy",
        "opening_hours": "Mo-Sa 08:30-19:30; Su 08:30-13:00"
      },
      "geometry": {
        "type": "Point",
        "coordinates": [
          113.9881779,
          4.3527307
        ]
      },
      "id": "node/11496218096"
    },
    {
      "type": "Feature",
      "properties": {
        "@id": "node/11497049037",
        "addr:city": "Miri",
        "addr:housenumber": "2466-2467",
        "addr:postcode": "98000",
        "addr:street": "Jalan Boulevard 2",
        "amenity": "pharmacy",
        "branch": "Boulevard",
        "dispensing": "yes",
        "drive_through": "no",
        "healthcare": "pharmacy",
        "mobile": "019-910 4923",
        "name": "Farmasi Alpro",
        "name:en": "Alpro Pharmacy",
        "opening_hours": "Mo-Su 08:00-21:00",
        "operator": "Alpro Group",
        "website": "https://www.alpropharmacy.com/"
      },
      "geometry": {
        "type": "Point",
        "coordinates": [
          114.0124459,
          4.4160046
        ]
      },
      "id": "node/11497049037"
    },
    {
      "type": "Feature",
      "properties": {
        "@id": "node/11500247851",
        "addr:city": "Miri",
        "addr:housenumber": "561",
        "addr:postcode": "98000",
        "addr:street": "Jalan Pelita Utama",
        "amenity": "pharmacy",
        "branch": "Pelita",
        "dispensing": "yes",
        "drive_through": "no",
        "healthcare": "pharmacy",
        "name": "Vision Pharmacy",
        "opening_hours": "Mo-Sa 08:00-20:00; Su 10:00-14:00",
        "website": "https://www.visionpharmacy.net/"
      },
      "geometry": {
        "type": "Point",
        "coordinates": [
          114.0015037,
          4.406852
        ]
      },
      "id": "node/11500247851"
    },
    {
      "type": "Feature",
      "properties": {
        "@id": "node/11502197127",
        "addr:city": "Miri",
        "addr:housenumber": "442",
        "addr:postcode": "98000",
        "addr:street": "Jalan Bendahara",
        "amenity": "clinic",
        "healthcare": "clinic",
        "healthcare:speciality": "general",
        "name": "Klinik Haizam",
        "opening_hours": "Mo-Fr 08:00-12:00,14:00-16:00; Sa-Su 08:00-12:00",
        "phone": "085-415 612"
      },
      "geometry": {
        "type": "Point",
        "coordinates": [
          113.986597,
          4.3958475
        ]
      },
      "id": "node/11502197127"
    },
    {
      "type": "Feature",
      "properties": {
        "@id": "node/11502197129",
        "addr:city": "Miri",
        "addr:housenumber": "436",
        "addr:postcode": "98000",
        "addr:street": "Jalan Bendahara",
        "amenity": "clinic",
        "healthcare": "clinic",
        "healthcare:speciality": "cardiology;general",
        "name": "Roy Wong Heart & Medical Specialist Clinic",
        "phone": "085-415 551"
      },
      "geometry": {
        "type": "Point",
        "coordinates": [
          113.9864992,
          4.3960952
        ]
      },
      "id": "node/11502197129"
    },
    {
      "type": "Feature",
      "properties": {
        "@id": "node/11502197130",
        "addr:city": "Miri",
        "addr:housenumber": "130-132/500-501",
        "addr:postcode": "98000",
        "addr:street": "Jalan Permaisuri",
        "amenity": "pharmacy",
        "drive_through": "no",
        "healthcare": "pharmacy",
        "name": "Farmasi Permaisuri",
        "opening_hours": "Mo-Sa 08:00-20:00; Su 09:00-17:00"
      },
      "geometry": {
        "type": "Point",
        "coordinates": [
          113.9871983,
          4.3979743
        ]
      },
      "id": "node/11502197130"
    },
    {
      "type": "Feature",
      "properties": {
        "@id": "node/11502197134",
        "addr:city": "Miri",
        "addr:housenumber": "1158",
        "addr:postcode": "98000",
        "addr:street": "Jalan Sri Dagang",
        "amenity": "clinic",
        "healthcare": "clinic",
        "name": "Teo's Clinic & Maternity Centre",
        "opening_hours": "Mo-Fr 08:00-15:30; Sa 08:00-12:00",
        "phone": "085-424 209"
      },
      "geometry": {
        "type": "Point",
        "coordinates": [
          113.9861291,
          4.3970457
        ]
      },
      "id": "node/11502197134"
    },
    {
      "type": "Feature",
      "properties": {
        "@id": "node/11503606751",
        "addr:city": "Miri",
        "addr:housenumber": "753",
        "addr:postcode": "98000",
        "addr:street": "Jalan Calliandra",
        "amenity": "pharmacy",
        "contact:facebook": "https://www.facebook.com/MorinePharmacy/",
        "dispensing": "yes",
        "drive_through": "no",
        "healthcare": "pharmacy",
        "name": "Morine Pharmacy",
        "opening_hours": "Mo-Sa 08:30-18:00",
        "phone": "085-425 024"
      },
      "geometry": {
        "type": "Point",
        "coordinates": [
          113.989233,
          4.3995546
        ]
      },
      "id": "node/11503606751"
    },
    {
      "type": "Feature",
      "properties": {
        "@id": "node/11505453558",
        "addr:city": "Miri",
        "addr:housenumber": "2934",
        "addr:postcode": "98000",
        "addr:street": "Lorong Caltha",
        "amenity": "pharmacy",
        "contact:facebook": "https://www.facebook.com/BrightwayPharmacy",
        "drive_through": "no",
        "healthcare": "pharmacy",
        "name": "Brightway Pharmacy",
        "opening_hours": "Mo-Sa 09:00-19:00, Su 10:00-18:00",
        "phone": "085-436 908"
      },
      "geometry": {
        "type": "Point",
        "coordinates": [
          114.0087035,
          4.4152262
        ]
      },
      "id": "node/11505453558"
    },
    {
      "type": "Feature",
      "properties": {
        "@id": "node/11507724178",
        "addr:city": "Miri",
        "addr:housenumber": "9528",
        "addr:postcode": "98000",
        "addr:street": "Jalan Cahaya",
        "amenity": "doctors",
        "branch": "Miri",
        "contact:facebook": "https://www.facebook.com/permaimirisc/",
        "healthcare": "doctor",
        "healthcare:speciality": "psychiatry",
        "mobile": "010-275 8342",
        "name": "Permai Specialist Clinic Sdn Bhd",
        "name:zh": "美里心理健康资料讯站",
        "opening_hours": "Th 14:00-14:30,18:00-19:30; Fr 08:30-16:30,18:00-19:30; Sa 08:30-16:30",
        "website": "https://www.permaimentalhealth.com/"
      },
      "geometry": {
        "type": "Point",
        "coordinates": [
          114.007313,
          4.3683559
        ]
      },
      "id": "node/11507724178"
    },
    {
      "type": "Feature",
      "properties": {
        "@id": "node/11507724186",
        "addr:city": "Miri",
        "addr:housenumber": "9540",
        "addr:postcode": "98000",
        "addr:street": "Jalan Cahaya",
        "amenity": "pharmacy",
        "contact:facebook": "https://www.facebook.com/bypasspharmacymiri/",
        "dispensing": "yes",
        "drive_through": "no",
        "healthcare": "pharmacy",
        "mobile": "010-280 7229",
        "name": "Bypass Pharmacy",
        "opening_hours": "Mo-Sa 08:00-20:00; Su 08:00-17:00"
      },
      "geometry": {
        "type": "Point",
        "coordinates": [
          114.0081348,
          4.3680324
        ]
      },
      "id": "node/11507724186"
    },
    {
      "type": "Feature",
      "properties": {
        "@id": "node/11508018982",
        "addr:city": "Bau",
        "addr:postcode": "94000",
        "addr:street": "Jalan Selamat",
        "amenity": "hospital",
        "healthcare": "hospital",
        "name": "Pejabat Kesihatan Daerah Bau",
        "name:ms": "Pejabat Kesihatan Daerah Bau"
      },
      "geometry": {
        "type": "Point",
        "coordinates": [
          110.1520766,
          1.419613
        ]
      },
      "id": "node/11508018982"
    },
    {
      "type": "Feature",
      "properties": {
        "@id": "node/11510383082",
        "addr:city": "Miri",
        "addr:housenumber": "2372-2373",
        "addr:postcode": "98000",
        "addr:street": "Jalan Boulevard 1",
        "amenity": "pharmacy",
        "branch": "Boulevard",
        "dispensing": "yes",
        "drive_through": "no",
        "healthcare": "pharmacy",
        "mobile": "011-3179 8096",
        "name": "PMG Pharmacy",
        "opening_hours": "Mo-Su 08:00-21:00",
        "operator": "Public Medicare Group",
        "website": "https://pmg2u.com/"
      },
      "geometry": {
        "type": "Point",
        "coordinates": [
          114.0122737,
          4.4142586
        ]
      },
      "id": "node/11510383082"
    },
    {
      "type": "Feature",
      "properties": {
        "@id": "node/11510770753",
        "addr:city": "Miri",
        "addr:housenumber": "8830",
        "addr:postcode": "98000",
        "addr:street": "Jalan Miri By Pass",
        "alt_name": "Cabemi Pharma Sdn Bhd",
        "amenity": "pharmacy",
        "dispensing": "yes",
        "drive_through": "no",
        "healthcare": "pharmacy",
        "name": "Mi Pharmacy",
        "opening_hours": "Mo-Su 09:00-20:00",
        "operator": "Cabemi Pharma Sdn Bhd",
        "payment:cash": "yes",
        "payment:electronic_purses": "yes"
      },
      "geometry": {
        "type": "Point",
        "coordinates": [
          113.9923366,
          4.3431234
        ]
      },
      "id": "node/11510770753"
    },
    {
      "type": "Feature",
      "properties": {
        "@id": "node/11512785823",
        "addr:city": "Miri",
        "addr:housenumber": "8526",
        "addr:postcode": "98000",
        "addr:street": "Jalan Luak Bay",
        "amenity": "pharmacy",
        "branch": "Luak Bay",
        "brand": "Guardian",
        "brand:wikidata": "Q63371124",
        "drive_through": "no",
        "healthcare": "pharmacy",
        "name": "Guardian",
        "opening_hours": "Mo-Su 09:30-20:30",
        "website": "https://www.guardian.com.my/"
      },
      "geometry": {
        "type": "Point",
        "coordinates": [
          113.9810557,
          4.3574165
        ]
      },
      "id": "node/11512785823"
    },
    {
      "type": "Feature",
      "properties": {
        "@id": "node/11515766037",
        "addr:city": "Miri",
        "addr:housenumber": "11657",
        "addr:postcode": "98000",
        "addr:street": "Jalan Maigold",
        "amenity": "pharmacy",
        "branch": "Senadin",
        "dispensing": "yes",
        "drive_through": "no",
        "healthcare": "pharmacy",
        "mobile": "011-3340 6612",
        "name": "PMG Pharmacy",
        "opening_hours": "Mo-Su 09:00-21:00",
        "operator": "Public Medicare Group",
        "phone": "085-628 996",
        "website": "https://pmg2u.com/"
      },
      "geometry": {
        "type": "Point",
        "coordinates": [
          114.0104681,
          4.4910353
        ]
      },
      "id": "node/11515766037"
    },
    {
      "type": "Feature",
      "properties": {
        "@id": "node/11516248312",
        "amenity": "pharmacy",
        "healthcare": "pharmacy",
        "name": "BIG Pharmacy"
      },
      "geometry": {
        "type": "Point",
        "coordinates": [
          110.3511427,
          1.5036439
        ]
      },
      "id": "node/11516248312"
    },
    {
      "type": "Feature",
      "properties": {
        "@id": "node/11518085571",
        "addr:city": "Miri",
        "addr:housenumber": "3",
        "addr:postcode": "98000",
        "addr:street": "Jalan Miri By Pass",
        "amenity": "pharmacy",
        "branch": "Mega Emart Riam",
        "dispensing": "yes",
        "drive_through": "no",
        "healthcare": "pharmacy",
        "mobile": "010-565 3966",
        "name": "PMG Pharmacy",
        "opening_hours": "Mo-Su 08:00-22:00",
        "operator": "Public Medicare Group",
        "phone": "085-323 968",
        "website": "https://pmg2u.com/"
      },
      "geometry": {
        "type": "Point",
        "coordinates": [
          113.993482,
          4.3440843
        ]
      },
      "id": "node/11518085571"
    },
    {
      "type": "Feature",
      "properties": {
        "@id": "node/11518085576",
        "addr:city": "Miri",
        "addr:housenumber": "56",
        "addr:postcode": "98000",
        "addr:street": "Jalan Miri By Pass",
        "amenity": "pharmacy",
        "branch": "Mega Emart Riam",
        "brand": "Watsons",
        "brand:wikidata": "Q7974785",
        "dispensing": "no",
        "drive_through": "no",
        "healthcare": "pharmacy",
        "name": "Watsons",
        "opening_hours": "Mo-Su 09:00-21:30",
        "payment:cards": "yes",
        "payment:cash": "yes",
        "payment:credit_cards": "yes",
        "payment:debit_cards": "yes",
        "payment:electronic_purses": "yes",
        "phone": "085-325 790",
        "website": "https://www.watsons.com.my/"
      },
      "geometry": {
        "type": "Point",
        "coordinates": [
          113.9935197,
          4.3441758
        ]
      },
      "id": "node/11518085576"
    },
    {
      "type": "Feature",
      "properties": {
        "@id": "node/11527516390",
        "addr:city": "Miri",
        "addr:housenumber": "8564",
        "addr:postcode": "98000",
        "addr:street": "Lorong Tunku Abdul Rahman 1",
        "amenity": "clinic",
        "healthcare": "clinic",
        "name": "Miracare Clinic",
        "opening_hours": "Mo-Fr 08:00-17:00, Sa 08:00-12:00",
        "phone": "010-803 2417"
      },
      "geometry": {
        "type": "Point",
        "coordinates": [
          114.0003184,
          4.3375236
        ]
      },
      "id": "node/11527516390"
    },
    {
      "type": "Feature",
      "properties": {
        "@id": "node/11528429724",
        "addr:city": "Miri",
        "addr:housenumber": "1091",
        "addr:postcode": "98000",
        "addr:street": "Jalan Zinnia",
        "amenity": "pharmacy",
        "branch": "Jalan Merpati",
        "drive_through": "no",
        "healthcare": "pharmacy",
        "mobile": "011-1024 1024",
        "name": "Q10 Pharmacy",
        "opening_hours": "Mo-Su 09:30-21:00",
        "phone": "085-326 939"
      },
      "geometry": {
        "type": "Point",
        "coordinates": [
          113.9898269,
          4.4002873
        ]
      },
      "id": "node/11528429724"
    },
    {
      "type": "Feature",
      "properties": {
        "@id": "node/11529876045",
        "addr:city": "Miri",
        "addr:housenumber": "12233",
        "addr:postcode": "98000",
        "addr:street": "Jalan Oya",
        "amenity": "pharmacy",
        "contact:facebook": "https://www.facebook.com/rejoicepharmacymiri/",
        "dispensing": "yes",
        "drive_through": "no",
        "healthcare": "pharmacy",
        "name": "Rejoice Pharmacy",
        "opening_hours": "Mo-Sa 08:00-20:00; Su 08:00-13:00",
        "phone": "085-614 490"
      },
      "geometry": {
        "type": "Point",
        "coordinates": [
          113.9936638,
          4.3175875
        ]
      },
      "id": "node/11529876045"
    },
    {
      "type": "Feature",
      "properties": {
        "@id": "node/11529876053",
        "addr:city": "Miri",
        "addr:housenumber": "980/2435",
        "addr:postcode": "98000",
        "addr:street": "Jalan Kuching",
        "amenity": "pharmacy",
        "contact:facebook": "https://www.facebook.com/q10pharmacy/",
        "dispensing": "yes",
        "drive_through": "no",
        "healthcare": "pharmacy",
        "name": "Q10 Pharmacy",
        "opening_hours": "Mo-Su 08:00-19:00"
      },
      "geometry": {
        "type": "Point",
        "coordinates": [
          113.9924621,
          4.3189482
        ]
      },
      "id": "node/11529876053"
    },
    {
      "type": "Feature",
      "properties": {
        "@id": "node/11534203101",
        "addr:city": "Miri",
        "addr:housenumber": "11211",
        "addr:place": "Taman Tunku",
        "addr:postcode": "98000",
        "amenity": "clinic",
        "healthcare": "clinic",
        "healthcare:speciality": "general",
        "name": "Klinik Sri Tunku",
        "opening_hours": "Mo-Fr 08:00-12:00,14:00-17:00,19:00-21:00; Sa-Su 08:00-12:00,19:00-21:00"
      },
      "geometry": {
        "type": "Point",
        "coordinates": [
          113.9936,
          4.307643
        ]
      },
      "id": "node/11534203101"
    },
    {
      "type": "Feature",
      "properties": {
        "@id": "node/11539179369",
        "addr:city": "Miri",
        "addr:housenumber": "102-104",
        "addr:place": "Bandar Baru Permyjaya",
        "addr:postcode": "98000",
        "amenity": "pharmacy",
        "branch": "Permy Mall",
        "brand": "Guardian",
        "brand:wikidata": "Q63371124",
        "dispensing": "no",
        "drive_through": "no",
        "healthcare": "pharmacy",
        "name": "Guardian",
        "opening_hours": "Mo-Su 10:00-21:00",
        "website": "https://www.guardian.com.my/"
      },
      "geometry": {
        "type": "Point",
        "coordinates": [
          114.0378173,
          4.4498498
        ]
      },
      "id": "node/11539179369"
    },
    {
      "type": "Feature",
      "properties": {
        "@id": "node/11539902533",
        "addr:city": "Miri",
        "addr:housenumber": "10664-10665",
        "addr:postcode": "98000",
        "addr:street": "Jalan Dato Seri Joseph Balan Seling",
        "amenity": "clinic",
        "contact:facebook": "https://www.facebook.com/MTDENTERPRISE/",
        "healthcare": "clinic",
        "healthcare:speciality": "occupational;general",
        "name": "Dr. Ray Lu Clinic",
        "phone": "085-654 635"
      },
      "geometry": {
        "type": "Point",
        "coordinates": [
          114.0252818,
          4.4501766
        ]
      },
      "id": "node/11539902533"
    },
    {
      "type": "Feature",
      "properties": {
        "@id": "node/11543211268",
        "addr:city": "Miri",
        "addr:housenumber": "6118",
        "addr:place": "Bandar Baru Permyjaya",
        "addr:postcode": "98100",
        "amenity": "clinic",
        "healthcare": "clinic",
        "name": "Chen Child Specialist Clinic",
        "opening_hours": "Mo-Sa 08:00-16:30"
      },
      "geometry": {
        "type": "Point",
        "coordinates": [
          114.0340518,
          4.4495584
        ]
      },
      "id": "node/11543211268"
    },
    {
      "type": "Feature",
      "properties": {
        "@id": "node/11546116736",
        "addr:city": "Miri",
        "addr:housenumber": "926/2350-927/2351",
        "addr:postcode": "98000",
        "addr:street": "Jalan Lintang 4",
        "amenity": "clinic",
        "healthcare": "clinic",
        "name": "Klinik Komuniti Taman Tunku",
        "opening_hours": "Mo-Su 09:00-21:00",
        "phone": "085-612 804"
      },
      "geometry": {
        "type": "Point",
        "coordinates": [
          113.9933007,
          4.3183917
        ]
      },
      "id": "node/11546116736"
    },
    {
      "type": "Feature",
      "properties": {
        "@id": "node/11546116759",
        "addr:city": "Miri",
        "addr:housenumber": "11197",
        "addr:postcode": "98000",
        "addr:street": "Jalan Bukit",
        "amenity": "pharmacy",
        "contact:facebook": "https://www.facebook.com/advancemedicpharmacy/",
        "drive_through": "no",
        "healthcare": "pharmacy",
        "name": "Advance Medic Pharmacy (AM)",
        "opening_hours": "Mo-Su 09:00-21:00",
        "phone": "085-612 075"
      },
      "geometry": {
        "type": "Point",
        "coordinates": [
          113.9927746,
          4.3079124
        ]
      },
      "id": "node/11546116759"
    },
    {
      "type": "Feature",
      "properties": {
        "@id": "node/11546930110",
        "addr:city": "Miri",
        "addr:housenumber": "8022",
        "addr:place": "Bandar Baru Permyjaya",
        "addr:postcode": "98000",
        "amenity": "clinic",
        "healthcare": "clinic",
        "name": "Klinik Komuniti Permyjaya",
        "opening_hours": "Mo-Su 11:00-20:00",
        "operator": "Ministry of Health Malaysia",
        "operator:type": "government",
        "phone": "085-442 821"
      },
      "geometry": {
        "type": "Point",
        "coordinates": [
          114.0405241,
          4.4512188
        ]
      },
      "id": "node/11546930110"
    },
    {
      "type": "Feature",
      "properties": {
        "@id": "node/11546930128",
        "addr:city": "Miri",
        "addr:housenumber": "7161",
        "addr:place": "Bandar Baru Permyjaya",
        "addr:postcode": "98000",
        "amenity": "pharmacy",
        "branch": "Permyjaya",
        "dispensing": "yes",
        "drive_through": "no",
        "healthcare": "pharmacy",
        "mobile": "019-790 6923",
        "name": "Farmasi Alpro",
        "name:en": "Alpro Pharmacy",
        "opening_hours": "Mo-Su 09:00-21:00",
        "operator": "Alpro Group",
        "website": "https://www.alpropharmacy.com/"
      },
      "geometry": {
        "type": "Point",
        "coordinates": [
          114.0378265,
          4.4507918
        ]
      },
      "id": "node/11546930128"
    },
    {
      "type": "Feature",
      "properties": {
        "@id": "node/11548533569",
        "addr:city": "Miri",
        "addr:housenumber": "963A/2418A",
        "addr:postcode": "98000",
        "addr:street": "Jalan Kuching",
        "amenity": "pharmacy",
        "dispensing": "yes",
        "drive_through": "no",
        "healthcare": "pharmacy",
        "name": "Kings Pharmacy",
        "opening_hours": "Mo-Su 08:00-20:00",
        "operator": "Kingsley Pharmacy Sdn Bhd",
        "phone": "085-616 733"
      },
      "geometry": {
        "type": "Point",
        "coordinates": [
          113.9926727,
          4.318712
        ]
      },
      "id": "node/11548533569"
    },
    {
      "type": "Feature",
      "properties": {
        "@id": "node/11549982800",
        "addr:city": "Miri",
        "addr:housenumber": "14573",
        "addr:postcode": "98000",
        "addr:street": "Jalan Airport",
        "amenity": "clinic",
        "healthcare": "clinic",
        "name": "Borneo Integrated & Complementary Medical Clinic",
        "name:zh": "婆罗洲综合性医务所",
        "opening_hours": "Mo-Sa 08:40-16:30"
      },
      "geometry": {
        "type": "Point",
        "coordinates": [
          113.9839673,
          4.3294777
        ]
      },
      "id": "node/11549982800"
    },
    {
      "type": "Feature",
      "properties": {
        "@id": "node/11553954221",
        "addr:city": "Miri",
        "addr:housenumber": "2051",
        "addr:place": "Marina Square 1",
        "addr:postcode": "98000",
        "amenity": "pharmacy",
        "contact:facebook": "https://www.facebook.com/marinapharmacymiri/",
        "dispensing": "yes",
        "drive_through": "no",
        "healthcare": "pharmacy",
        "mobile": "010-234 1760",
        "name": "Marina Pharmacy",
        "opening_hours": "Mo-Sa 09:00-18:00; Su 09:00-17:00",
        "website": "https://www.instagram.com/marinapharmacymiri/"
      },
      "geometry": {
        "type": "Point",
        "coordinates": [
          113.9789846,
          4.3893422
        ]
      },
      "id": "node/11553954221"
    },
    {
      "type": "Feature",
      "properties": {
        "@id": "node/11559278079",
        "addr:city": "Miri",
        "addr:housenumber": "3053",
        "addr:postcode": "98000",
        "addr:street": "Jalan Morsjaya",
        "amenity": "clinic",
        "contact:facebook": "https://www.facebook.com/georgemedicalclinic/",
        "healthcare": "clinic",
        "mobile": "011-5942 2557",
        "name": "George Medical Clinic",
        "opening_hours": "Mo-Fr 08:00-12:00,13:30-17:00; Sa 08:00-12:00",
        "phone": "085-636 648",
        "website": "https://www.georgemedicalclinic.com/"
      },
      "geometry": {
        "type": "Point",
        "coordinates": [
          113.9882455,
          4.3545951
        ]
      },
      "id": "node/11559278079"
    },
    {
      "type": "Feature",
      "properties": {
        "@id": "node/11559703196",
        "addr:city": "Miri",
        "addr:housenumber": "512",
        "addr:postcode": "98000",
        "addr:street": "Jalan Pelita Utama",
        "amenity": "clinic",
        "healthcare": "clinic",
        "healthcare:speciality": "general",
        "mobile": "011-1600 7966",
        "name": "PMG Medical Clinic",
        "opening_hours": "Mo-Su 08:00-12:00,14:00-16:00,19:00-21:00",
        "phone": "085-325 969"
      },
      "geometry": {
        "type": "Point",
        "coordinates": [
          114.0002167,
          4.406017
        ]
      },
      "id": "node/11559703196"
    },
    {
      "type": "Feature",
      "properties": {
        "@id": "node/11559703197",
        "addr:city": "Miri",
        "addr:housenumber": "512",
        "addr:postcode": "98000",
        "addr:street": "Jalan Pelita Utama",
        "amenity": "clinic",
        "healthcare": "clinic",
        "healthcare:speciality": "fertility",
        "mobile": "019-817 7111",
        "name": "London Fertility Clinic",
        "phone": "085-422 299"
      },
      "geometry": {
        "type": "Point",
        "coordinates": [
          114.0002712,
          4.4059715
        ]
      },
      "id": "node/11559703197"
    },
    {
      "type": "Feature",
      "properties": {
        "@id": "node/11559703198",
        "addr:city": "Miri",
        "addr:housenumber": "553",
        "addr:postcode": "98000",
        "addr:street": "Jalan Pelita Utama",
        "amenity": "pharmacy",
        "branch": "Pelita",
        "dispensing": "yes",
        "drive_through": "no",
        "healthcare": "pharmacy",
        "mobile": "019-796 0923",
        "name": "Farmasi Alpro",
        "name:en": "Alpro Pharmacy",
        "opening_hours": "Mo-Su 08:00-20:30",
        "operator": "Alpro Group",
        "website": "https://www.alpropharmacy.com/"
      },
      "geometry": {
        "type": "Point",
        "coordinates": [
          114.0008632,
          4.4065366
        ]
      },
      "id": "node/11559703198"
    },
    {
      "type": "Feature",
      "properties": {
        "@id": "node/11576549912",
        "addr:city": "Miri",
        "addr:housenumber": "1280B",
        "addr:postcode": "98000",
        "addr:street": "Jalan Baiduri 4",
        "amenity": "pharmacy",
        "contact:facebook": "https://www.facebook.com/gcarepx/",
        "drive_through": "no",
        "healthcare": "pharmacy",
        "name": "G-Care Pharmacy",
        "opening_hours": "Mo-Sa 08:30-21:00; Su 09:00-18:00",
        "phone": "085-683 990"
      },
      "geometry": {
        "type": "Point",
        "coordinates": [
          114.0156818,
          4.4357391
        ]
      },
      "id": "node/11576549912"
    },
    {
      "type": "Feature",
      "properties": {
        "@id": "node/11594887148",
        "addr:city": "Miri",
        "addr:housenumber": "1927-1928",
        "addr:place": "Marina Square 2",
        "addr:postcode": "98000",
        "amenity": "doctors",
        "healthcare": "doctor",
        "healthcare:speciality": "dermatology",
        "mobile": "012-618 8971",
        "name": "Klinik Dr Ko",
        "opening_hours": "Mo-Sa 09:00-17:00"
      },
      "geometry": {
        "type": "Point",
        "coordinates": [
          113.9807232,
          4.392727
        ]
      },
      "id": "node/11594887148"
    },
    {
      "type": "Feature",
      "properties": {
        "@id": "node/11598341684",
        "addr:city": "Miri",
        "addr:housenumber": "142/506",
        "addr:postcode": "98000",
        "addr:street": "Jalan Permaisuri",
        "amenity": "pharmacy",
        "branch": "Jalan Permaisuri",
        "dispensing": "yes",
        "drive_through": "no",
        "healthcare": "pharmacy",
        "name": "Farmasi Alpro",
        "name:en": "Alpro Pharmacy",
        "opening_hours": "Mo-Su 08:00-20:00",
        "operator": "Alpro Group",
        "phone": "019-936 4923",
        "website": "https://www.alpropharmacy.com/"
      },
      "geometry": {
        "type": "Point",
        "coordinates": [
          113.987293,
          4.3982604
        ]
      },
      "id": "node/11598341684"
    },
    {
      "type": "Feature",
      "properties": {
        "@id": "node/11607465273",
        "addr:city": "Miri",
        "addr:housenumber": "3468",
        "addr:postcode": "98000",
        "addr:street": "Jalan Piasau Utara 4",
        "amenity": "pharmacy",
        "contact:facebook": "https://www.facebook.com/morningstarpharmacy/",
        "dispensing": "yes",
        "drive_through": "no",
        "healthcare": "pharmacy",
        "name": "Morningstar Pharmacy",
        "opening_hours": "Mo-Sa 08:30-19:00",
        "phone": "085-647 271"
      },
      "geometry": {
        "type": "Point",
        "coordinates": [
          114.0102449,
          4.4486284
        ]
      },
      "id": "node/11607465273"
    },
    {
      "type": "Feature",
      "properties": {
        "@id": "node/11608082512",
        "addr:city": "Miri",
        "addr:housenumber": "1190",
        "addr:postcode": "98000",
        "addr:street": "Jalan Epal 2",
        "amenity": "clinic",
        "healthcare": "clinic",
        "healthcare:speciality": "general",
        "name": "Klinik Komuniti Pujut",
        "opening_hours": "Sa-Th 11:00-17:00,18:00-20:00; Fr 14:15-17:00,18:00-20:00",
        "phone": "085-491 63"
      },
      "geometry": {
        "type": "Point",
        "coordinates": [
          114.0192063,
          4.4247398
        ]
      },
      "id": "node/11608082512"
    },
    {
      "type": "Feature",
      "properties": {
        "@id": "node/11618813062",
        "addr:city": "Miri",
        "addr:housenumber": "2A",
        "addr:postcode": "98000",
        "addr:street": "Jalan Bendahara",
        "amenity": "clinic",
        "healthcare": "clinic",
        "healthcare:speciality": "general",
        "name": "Klinik Yee",
        "opening_hours": "Mo-Fr 07:30-12:00,13:30-16:30,18:30-21:30; Sa 07:30-12:30",
        "phone": "085-435 411"
      },
      "geometry": {
        "type": "Point",
        "coordinates": [
          113.9856203,
          4.3921081
        ]
      },
      "id": "node/11618813062"
    },
    {
      "type": "Feature",
      "properties": {
        "@id": "node/11621187571",
        "addr:city": "Miri",
        "addr:housenumber": "G.21-24",
        "addr:postcode": "98000",
        "addr:street": "Jalan Miri-Pujut",
        "amenity": "pharmacy",
        "branch": "Bintang Megamall Miri",
        "brand": "Guardian",
        "brand:wikidata": "Q63371124",
        "drive_through": "no",
        "healthcare": "pharmacy",
        "name": "Guardian",
        "opening_hours": "Mo-Su 10:00-22:00",
        "phone": "085-439 050",
        "website": "https://www.guardian.com.my/"
      },
      "geometry": {
        "type": "Point",
        "coordinates": [
          113.9937995,
          4.3972194
        ]
      },
      "id": "node/11621187571"
    },
    {
      "type": "Feature",
      "properties": {
        "@id": "node/11622228674",
        "addr:city": "Miri",
        "addr:housenumber": "1061",
        "addr:postcode": "98000",
        "addr:street": "Jalan Bintang Jaya 1",
        "amenity": "clinic",
        "healthcare": "clinic",
        "name": "Klinik Kong",
        "opening_hours": "Mo-Fr 08:00-12:00,14:00-16:30,19:00-21:00; Sa 08:00-12:00,14:00-16:30; Su 08:00-12:00"
      },
      "geometry": {
        "type": "Point",
        "coordinates": [
          113.9945908,
          4.3979063
        ]
      },
      "id": "node/11622228674"
    },
    {
      "type": "Feature",
      "properties": {
        "@id": "node/11622228680",
        "addr:city": "Miri",
        "addr:housenumber": "1067",
        "addr:postcode": "98000",
        "addr:street": "Jalan Bintang Jaya 1",
        "amenity": "clinic",
        "contact:facebook": "https://www.facebook.com/klinikyeo/",
        "healthcare": "clinic",
        "healthcare:speciality": "dermatology",
        "name": "Klinik Yeo Skin & Medical",
        "opening_hours": "Mo-Fr 07:30-12:30,14:00-17; 00; Sa 07:30-12:30",
        "phone": "085-431 835;085-434 067"
      },
      "geometry": {
        "type": "Point",
        "coordinates": [
          113.9949877,
          4.3982405
        ]
      },
      "id": "node/11622228680"
    },
    {
      "type": "Feature",
      "properties": {
        "@id": "node/11622597993",
        "addr:city": "Miri",
        "addr:housenumber": "1386",
        "addr:postcode": "98000",
        "addr:street": "Jalan Kubu",
        "amenity": "clinic",
        "contact:facebook": "https://www.facebook.com/KJMKlinik/",
        "healthcare": "clinic",
        "healthcare:speciality": "general",
        "mobile": "011-1608 0916",
        "name": "Klinik Medik Jaya",
        "opening_hours": "Mo-Th 08:30-21:00; Fr 08:30-16:30; Sa 09:00-12:00",
        "phone": "085-419 836",
        "website": "https://www.instagram.com/klinikjayamedik/"
      },
      "geometry": {
        "type": "Point",
        "coordinates": [
          113.9840621,
          4.3879177
        ]
      },
      "id": "node/11622597993"
    },
    {
      "type": "Feature",
      "properties": {
        "@id": "node/11622597999",
        "addr:city": "Miri",
        "addr:housenumber": "1406",
        "addr:postcode": "98000",
        "addr:street": "Jalan Kubu",
        "amenity": "clinic",
        "contact:facebook": "https://www.facebook.com/nazrensclinic/",
        "healthcare": "clinic",
        "healthcare:speciality": "general",
        "name": "Nazren's Clinic",
        "opening_hours": "Fr-Th 08:00-13:00,14:00-17:00",
        "phone": "085-326 260"
      },
      "geometry": {
        "type": "Point",
        "coordinates": [
          113.9834919,
          4.3866048
        ]
      },
      "id": "node/11622597999"
    },
    {
      "type": "Feature",
      "properties": {
        "@id": "node/11630729340",
        "addr:city": "Miri",
        "addr:housenumber": "6138-6139",
        "addr:place": "Bandar Baru Permyjaya",
        "addr:postcode": "98000",
        "amenity": "clinic",
        "contact:facebook": "https://www.facebook.com/uniklinikmiri/",
        "healthcare": "clinic",
        "mobile": "019 221 1174",
        "name": "Uni Klinik",
        "opening_hours": "Mo-Th 09:00-23:00; Fr 09:00-11:45,14:00-23:00; Sa-Su 09:00-23:00",
        "phone": "085-656 081"
      },
      "geometry": {
        "type": "Point",
        "coordinates": [
          114.0348924,
          4.4499391
        ]
      },
      "id": "node/11630729340"
    },
    {
      "type": "Feature",
      "properties": {
        "@id": "node/11637776367",
        "addr:city": "Miri",
        "addr:housenumber": "5271",
        "addr:postcode": "98000",
        "addr:street": "Kuala Baram Bypass Road",
        "amenity": "pharmacy",
        "branch": "Permyajaya",
        "contact:facebook": "https://www.facebook.com/Miri.Sarawa/",
        "dispensing": "yes",
        "drive_through": "no",
        "healthcare": "pharmacy",
        "mobile": "012-838 7554",
        "name": "Vision Pharmacy",
        "opening_hours": "Mo-Sa 08:30-20:30; Su 10:00-14:00",
        "website": "https://www.visionpharmacy.net/"
      },
      "geometry": {
        "type": "Point",
        "coordinates": [
          114.0427317,
          4.4751529
        ]
      },
      "id": "node/11637776367"
    },
    {
      "type": "Feature",
      "properties": {
        "@id": "node/11637810078",
        "addr:city": "Miri",
        "addr:housenumber": "5257",
        "addr:postcode": "98000",
        "addr:street": "Kuala Baram Bypass Road",
        "amenity": "clinic",
        "contact:facebook": "https://www.facebook.com/klinik.desaindahmiri/",
        "healthcare": "clinic",
        "healthcare:speciality": "general",
        "name": "Klinik Desa Indah",
        "opening_hours": "Mo-Fr 08:00-13:00,14:00-16:00,19:00-21:00; Sa-Su 08:00-13:00,19:00-21:00",
        "phone": "085-645 257"
      },
      "geometry": {
        "type": "Point",
        "coordinates": [
          114.0427298,
          4.4762213
        ]
      },
      "id": "node/11637810078"
    },
    {
      "type": "Feature",
      "properties": {
        "@id": "node/11651314751",
        "amenity": "pharmacy",
        "brand": "Guardian",
        "brand:wikidata": "Q63371124",
        "healthcare": "pharmacy",
        "name": "Guardian",
        "source": "kartaview",
        "source:date": "2020-05-18"
      },
      "geometry": {
        "type": "Point",
        "coordinates": [
          117.8883287,
          4.2442915
        ]
      },
      "id": "node/11651314751"
    },
    {
      "type": "Feature",
      "properties": {
        "@id": "node/11653038150",
        "addr:city": "Miri",
        "addr:housenumber": "667",
        "addr:postcode": "98000",
        "addr:street": "Jalan Tritonia",
        "amenity": "clinic",
        "contact:facebook": "https://www.facebook.com/klinikasiah/",
        "healthcare": "clinic",
        "name": "Klinik Asiah",
        "opening_hours": "Mo-Fr 08:00-17:30; Sa 08:00-12:30",
        "phone": "085-420 200"
      },
      "geometry": {
        "type": "Point",
        "coordinates": [
          113.9891401,
          4.4009169
        ]
      },
      "id": "node/11653038150"
    },
    {
      "type": "Feature",
      "properties": {
        "@id": "node/11662159462",
        "addr:city": "Miri",
        "addr:housenumber": "2968",
        "addr:postcode": "98000",
        "addr:street": "Jalan Pujut 7",
        "amenity": "pharmacy",
        "contact:facebook": "https://www.facebook.com/profile.php?id=61552688399000",
        "dispensing": "yes",
        "drive_through": "no",
        "healthcare": "pharmacy",
        "mobile": "011-1239 8942",
        "name": "Together Pharmacy",
        "opening_hours": "Mo-Fr 09:00-20:00; Sa 09:00-19:00; Su 09:00-13:00"
      },
      "geometry": {
        "type": "Point",
        "coordinates": [
          114.0186553,
          4.4483279
        ]
      },
      "id": "node/11662159462"
    },
    {
      "type": "Feature",
      "properties": {
        "@id": "node/11674334039",
        "addr:city": "Miri",
        "addr:housenumber": "1282",
        "addr:postcode": "98000",
        "addr:street": "Jalan Kubu",
        "amenity": "clinic",
        "healthcare": "clinic",
        "healthcare:speciality": "occupational;general",
        "name": "Klinik Peter Lee",
        "opening_hours": "Mo-Sa 07:30-12:00,13:30-16:45; Sa 07:30-12:00,13:30-15:30; Su 07:30-11:30",
        "phone": "085-411 578;085-652 339"
      },
      "geometry": {
        "type": "Point",
        "coordinates": [
          113.9850278,
          4.390033
        ]
      },
      "id": "node/11674334039"
    },
    {
      "type": "Feature",
      "properties": {
        "@id": "node/11676277742",
        "amenity": "pharmacy",
        "dispensing": "yes",
        "healthcare": "pharmacy",
        "name": "apotek fatimah"
      },
      "geometry": {
        "type": "Point",
        "coordinates": [
          115.2967682,
          -2.2811385
        ]
      },
      "id": "node/11676277742"
    },
    {
      "type": "Feature",
      "properties": {
        "@id": "node/11676727299",
        "addr:city": "Miri",
        "addr:housenumber": "1290",
        "addr:postcode": "98000",
        "addr:street": "Jalan Melayu",
        "amenity": "pharmacy",
        "dispensing": "yes",
        "drive_through": "no",
        "healthcare": "pharmacy",
        "name": "Farmasi Center Point",
        "name:en": "Center Point Pharmacy",
        "opening_hours": "Mo-Su 09:00-20:00",
        "phone": "085-413 754"
      },
      "geometry": {
        "type": "Point",
        "coordinates": [
          113.9858751,
          4.3895516
        ]
      },
      "id": "node/11676727299"
    },
    {
      "type": "Feature",
      "properties": {
        "@id": "node/11676727301",
        "addr:city": "Miri",
        "addr:housenumber": "1291",
        "addr:postcode": "98000",
        "addr:street": "Jalan Melayu",
        "amenity": "clinic",
        "healthcare": "clinic",
        "name": "Lee Clinic",
        "opening_hours": "Mo-Fr 08:00-12:30,13:30-16:30; Sa-Su 08:00-12:00",
        "phone": "085-436 411"
      },
      "geometry": {
        "type": "Point",
        "coordinates": [
          113.9858987,
          4.3896011
        ]
      },
      "id": "node/11676727301"
    },
    {
      "type": "Feature",
      "properties": {
        "@id": "node/11696750695",
        "amenity": "clinic",
        "healthcare": "clinic",
        "name": "Klinik Sin Onn"
      },
      "geometry": {
        "type": "Point",
        "coordinates": [
          117.9047715,
          4.2737591
        ]
      },
      "id": "node/11696750695"
    },
    {
      "type": "Feature",
      "properties": {
        "@id": "node/11699320438",
        "amenity": "clinic",
        "healthcare": "dialysis",
        "healthcare:speciality": "nephrology",
        "name": "Pusat Hemodialisis Mawar",
        "phone": "089-747615"
      },
      "geometry": {
        "type": "Point",
        "coordinates": [
          117.9253387,
          4.2581276
        ]
      },
      "id": "node/11699320438"
    },
    {
      "type": "Feature",
      "properties": {
        "@id": "node/11699962208",
        "amenity": "clinic",
        "healthcare": "clinic",
        "name": "Klinik Dr. Lilian Hong"
      },
      "geometry": {
        "type": "Point",
        "coordinates": [
          117.8998522,
          4.2603958
        ]
      },
      "id": "node/11699962208"
    },
    {
      "type": "Feature",
      "properties": {
        "@id": "node/11701127910",
        "addr:city": "Miri",
        "addr:housenumber": "2310",
        "addr:postcode": "98000",
        "addr:street": "Jalan Datuk Muip",
        "amenity": "pharmacy",
        "branch": "Bulatan",
        "contact:facebook": "https://www.facebook.com/truelabelpharmacymiri/",
        "dispensing": "yes",
        "drive_through": "no",
        "healthcare": "pharmacy",
        "mobile": "012-885 5905",
        "name": "True Label Pharmacy",
        "opening_hours": "Mo-Sa 07:30-20:00; Su 08:00-17:00",
        "operator": "True Label Pharmacy Sdn Bhd",
        "phone": "085-668 396;085-628 890",
        "website": "https://www.truelabelpharmacy.com.my/"
      },
      "geometry": {
        "type": "Point",
        "coordinates": [
          114.0079116,
          4.4259485
        ]
      },
      "id": "node/11701127910"
    },
    {
      "type": "Feature",
      "properties": {
        "@id": "node/11704090532",
        "addr:city": "Miri",
        "addr:housenumber": "2549",
        "addr:postcode": "98000",
        "addr:street": "Jalan Bulatan Park",
        "amenity": "clinic",
        "healthcare": "clinic",
        "name": "Klinik Nur Sejahtera LPKKN Miri",
        "opening_hours": "Mo-Fr 08:00-17:30",
        "phone": "085-491 170"
      },
      "geometry": {
        "type": "Point",
        "coordinates": [
          114.0079161,
          4.4246253
        ]
      },
      "id": "node/11704090532"
    },
    {
      "type": "Feature",
      "properties": {
        "@id": "node/11704472141",
        "addr:city": "Miri",
        "addr:housenumber": "2188",
        "addr:postcode": "98000",
        "addr:street": "Jalan Saberkas 1B",
        "amenity": "clinic",
        "healthcare": "clinic",
        "healthcare:speciality": "occupational",
        "name": "Klinik Dr Nuing",
        "opening_hours": "Mo-Fr 08:00-12:00,13:30-17:00",
        "phone": "085-622 260"
      },
      "geometry": {
        "type": "Point",
        "coordinates": [
          114.0167459,
          4.420349
        ]
      },
      "id": "node/11704472141"
    },
    {
      "type": "Feature",
      "properties": {
        "@id": "node/11717993083",
        "amenity": "hospital",
        "healthcare": "hospital"
      },
      "geometry": {
        "type": "Point",
        "coordinates": [
          111.5178567,
          2.0510845
        ]
      },
      "id": "node/11717993083"
    },
    {
      "type": "Feature",
      "properties": {
        "@id": "node/11724393997",
        "addr:city": "Miri",
        "addr:housenumber": "643",
        "addr:postcode": "98000",
        "addr:street": "Jalan Ross",
        "amenity": "clinic",
        "healthcare": "clinic",
        "name": "Miri Medical Clinic - Dr. Philip Ting",
        "phone": "085-413 887"
      },
      "geometry": {
        "type": "Point",
        "coordinates": [
          113.9885875,
          4.3974635
        ]
      },
      "id": "node/11724393997"
    },
    {
      "type": "Feature",
      "properties": {
        "@id": "node/11724725792",
        "addr:city": "Miri",
        "addr:housenumber": "CG.07",
        "addr:postcode": "98000",
        "addr:street": "Jalan Dato Permaisuri 1",
        "amenity": "pharmacy",
        "branch": "Tudan",
        "dispensing": "yes",
        "drive_through": "no",
        "healthcare": "pharmacy",
        "mobile": "016-851 7966",
        "name": "PMG Pharmacy",
        "opening_hours": "Mo-Su 08:00-21:00",
        "operator": "Public Medicare Group",
        "website": "https://pmg2u.com/"
      },
      "geometry": {
        "type": "Point",
        "coordinates": [
          114.0397682,
          4.4787404
        ]
      },
      "id": "node/11724725792"
    },
    {
      "type": "Feature",
      "properties": {
        "@id": "node/11724725793",
        "addr:city": "Miri",
        "addr:housenumber": "2863",
        "addr:postcode": "98000",
        "addr:street": "Jalan Jepun",
        "amenity": "clinic",
        "contact:facebook": "https://www.facebook.com/kliniksteven/",
        "healthcare": "clinic",
        "healthcare:speciality": "general",
        "mobile": "019-985 0732",
        "name": "Klinik Steven Ngo",
        "opening_hours": "Mo-Fr 08:00-16:30,19:00-21:00; Sa 08:00-12:00,14:00-16:30; Su 14:00-16:30,19:00-21:00"
      },
      "geometry": {
        "type": "Point",
        "coordinates": [
          114.0394419,
          4.478932
        ]
      },
      "id": "node/11724725793"
    },
    {
      "type": "Feature",
      "properties": {
        "@id": "node/11736885070",
        "addr:postcode": "75553",
        "addr:street": "Soekarno-Hatta, Kupang Baru, Kukar",
        "amenity": "clinic",
        "name": "Pusban Desa Kupang Baru,"
      },
      "geometry": {
        "type": "Point",
        "coordinates": [
          116.6884021,
          0.083061
        ]
      },
      "id": "node/11736885070"
    },
    {
      "type": "Feature",
      "properties": {
        "@id": "node/11736919773",
        "addr:city": "Miri",
        "addr:housenumber": "2927",
        "addr:postcode": "98000",
        "addr:street": "Jalan Bulan Sabit",
        "amenity": "clinic",
        "healthcare": "clinic",
        "name": "SK Wong Clinic",
        "opening_hours": "Mo-Fr 08:00-11:30,14:00-15:30,19:00-20:30; Sa 08:00-11:30",
        "phone": "085-438 787"
      },
      "geometry": {
        "type": "Point",
        "coordinates": [
          114.0082786,
          4.4148991
        ]
      },
      "id": "node/11736919773"
    },
    {
      "type": "Feature",
      "properties": {
        "@id": "node/11738465199",
        "addr:city": "Miri",
        "addr:housenumber": "2119",
        "addr:postcode": "98000",
        "addr:street": "Jalan Krokop 10B",
        "amenity": "pharmacy",
        "contact:facebook": "https://www.facebook.com/kenyalangpharma/",
        "dispensing": "yes",
        "drive_through": "no",
        "healthcare": "pharmacy",
        "mobile": "016-891 0250",
        "name": "BestCare Pharmacy",
        "opening_hours": "Mo-Su 07:30-18:30"
      },
      "geometry": {
        "type": "Point",
        "coordinates": [
          114.002421,
          4.4272888
        ]
      },
      "id": "node/11738465199"
    },
    {
      "type": "Feature",
      "properties": {
        "@id": "node/11738562472",
        "addr:city": "Miri",
        "addr:housenumber": "2860",
        "addr:postcode": "98000",
        "addr:street": "Jalan Jepun",
        "amenity": "pharmacy",
        "branch": "Tudan",
        "brand": "Guardian",
        "brand:wikidata": "Q63371124",
        "contact:facebook": "https://www.facebook.com/profile.php?id=61557154342761",
        "dispensing": "yes",
        "drive_through": "no",
        "healthcare": "pharmacy",
        "name": "Guardian",
        "website": "https://www.guardian.com.my/"
      },
      "geometry": {
        "type": "Point",
        "coordinates": [
          114.0394435,
          4.4784511
        ]
      },
      "id": "node/11738562472"
    },
    {
      "type": "Feature",
      "properties": {
        "@id": "node/11741310316",
        "addr:city": "Miri",
        "addr:housenumber": "16",
        "addr:postcode": "98000",
        "addr:street": "Jalan Bendahara",
        "amenity": "pharmacy",
        "dispensing": "yes",
        "drive_through": "no",
        "healthcare": "pharmacy",
        "name": "Moh Heng Pharmacy Sdn Bhd",
        "opening_hours": "Mo-Sa 08:00-12:00,13:00-17:00",
        "phone": "085-412 810"
      },
      "geometry": {
        "type": "Point",
        "coordinates": [
          113.9863519,
          4.3938347
        ]
      },
      "id": "node/11741310316"
    },
    {
      "type": "Feature",
      "properties": {
        "@id": "node/11741758955",
        "amenity": "clinic",
        "fax": "086584619",
        "healthcare": "clinic",
        "name": "Klinik Kesihatan Tatau",
        "operator": "Kementerian Kesihatan Malaysia",
        "operator:short": "KKM",
        "operator:type": "public",
        "operator:wikidata": "Q4294352"
      },
      "geometry": {
        "type": "Point",
        "coordinates": [
          112.8552234,
          2.8834886
        ]
      },
      "id": "node/11741758955"
    },
    {
      "type": "Feature",
      "properties": {
        "@id": "node/11758734992",
        "addr:city": "Miri",
        "addr:housenumber": "2962",
        "addr:postcode": "98000",
        "addr:street": "Jalan Krokop 10A",
        "amenity": "clinic",
        "healthcare": "clinic",
        "name": "Prime Borneo Clinic",
        "opening_hours": "Mo-Fr 08:00-12:00,13:00-16:00,19:00-21:00; Sa-Su 08:00-12:00,19:00-21:00"
      },
      "geometry": {
        "type": "Point",
        "coordinates": [
          114.000758,
          4.426746
        ]
      },
      "id": "node/11758734992"
    },
    {
      "type": "Feature",
      "properties": {
        "@id": "node/11768209652",
        "addr:city": "Miri",
        "addr:housenumber": "600",
        "addr:postcode": "98000",
        "addr:street": "Jalan Pelita 2",
        "amenity": "clinic",
        "contact:facebook": "https://www.facebook.com/profile.php?id=61558370681045",
        "healthcare": "clinic",
        "mobile": "011-6745 0600",
        "name": "Pelita Clinic",
        "opening_hours": "Mo-Su 09:00-12:00,14:00-16:00"
      },
      "geometry": {
        "type": "Point",
        "coordinates": [
          114.0019307,
          4.4058343
        ]
      },
      "id": "node/11768209652"
    },
    {
      "type": "Feature",
      "properties": {
        "@id": "node/11769029509",
        "addr:city": "Miri",
        "addr:housenumber": "2524",
        "addr:postcode": "98000",
        "addr:street": "Jalan Boulevard 2A/1",
        "amenity": "pharmacy",
        "contact:facebook": "https://www.facebook.com/FamilyPharmacyMiri/",
        "dispensing": "yes",
        "drive_through": "no",
        "healthcare": "pharmacy",
        "mobile": "010-806 1436",
        "name": "Family Pharmacy",
        "opening_hours": "Mo-Sa 09:00-18:00"
      },
      "geometry": {
        "type": "Point",
        "coordinates": [
          114.0108571,
          4.4158423
        ]
      },
      "id": "node/11769029509"
    },
    {
      "type": "Feature",
      "properties": {
        "@id": "node/11786163456",
        "amenity": "clinic",
        "healthcare": "clinic",
        "name": "Apotek Agung"
      },
      "geometry": {
        "type": "Point",
        "coordinates": [
          109.356185,
          -0.0784871
        ]
      },
      "id": "node/11786163456"
    },
    {
      "type": "Feature",
      "properties": {
        "@id": "node/11806114320",
        "addr:city": "Miri",
        "addr:housenumber": "1040",
        "addr:postcode": "98000",
        "addr:street": "Jalan Selesa",
        "amenity": "clinic",
        "healthcare": "clinic",
        "healthcare:speciality": "gynaecology",
        "name": "Roland Mattu Specialist Obstetrician & Gynaecologist",
        "opening_hours": "Mo-Fr 08:00-10:00; Sa 08:00-12:00",
        "operator": "Columbia Asia Hospital Miri",
        "operator:type": "private",
        "website": "https://www.columbiaasia.com/malaysia/doctors/dr-roland-dom-mattu/"
      },
      "geometry": {
        "type": "Point",
        "coordinates": [
          114.001819,
          4.4111153
        ]
      },
      "id": "node/11806114320"
    },
    {
      "type": "Feature",
      "properties": {
        "@id": "node/11807179900",
        "addr:city": "Miri",
        "addr:housenumber": "2468",
        "addr:postcode": "98000",
        "addr:street": "Jalan Boulevard 2",
        "amenity": "clinic",
        "healthcare": "clinic",
        "name": "Alpro Clinic",
        "opening_hours": "Mo-Su 09:00-21:00",
        "operator": "Alpro Group",
        "operator:type": "private",
        "website": "https://www.alpropharmacy.com/services/alpro-clinic/"
      },
      "geometry": {
        "type": "Point",
        "coordinates": [
          114.0123457,
          4.4159168
        ]
      },
      "id": "node/11807179900"
    },
    {
      "type": "Feature",
      "properties": {
        "@id": "node/11809897272",
        "addr:city": "Miri",
        "addr:housenumber": "28E/63",
        "addr:postcode": "98000",
        "addr:street": "Jalan Raja",
        "alt_name": "Preston Pharmacy Sdn Bhd",
        "amenity": "pharmacy",
        "contact:facebook": "https://www.facebook.com/khwongpharmacy/",
        "dispensing": "yes",
        "drive_through": "no",
        "healthcare": "pharmacy",
        "name": "Farmasi KH Wong",
        "name:en": "KH Wong Pharmacy",
        "opening_hours": "Mo-Sa 07:30-17:30",
        "phone": "085-413 313"
      },
      "geometry": {
        "type": "Point",
        "coordinates": [
          113.9873311,
          4.3926432
        ]
      },
      "id": "node/11809897272"
    },
    {
      "type": "Feature",
      "properties": {
        "@id": "node/11809897277",
        "addr:city": "Miri",
        "addr:housenumber": "352",
        "addr:postcode": "98000",
        "addr:street": "Jalan Cythula",
        "amenity": "clinic",
        "healthcare": "clinic",
        "name": "Chan Clinic",
        "opening_hours": "Mo-Fr 07:30-12:00,13:30-16:30,19:00-20:30; Sa 07:30-12:00; Su 08:00-11:00",
        "phone": "085-432 380"
      },
      "geometry": {
        "type": "Point",
        "coordinates": [
          113.9878343,
          4.3943263
        ]
      },
      "id": "node/11809897277"
    },
    {
      "type": "Feature",
      "properties": {
        "@id": "node/11813208784",
        "addr:city": "Miri",
        "addr:housenumber": "561",
        "addr:postcode": "98000",
        "addr:street": "Jalan Daisy",
        "amenity": "clinic",
        "healthcare": "clinic",
        "name": "Klinik Chong",
        "name:en": "Chong Specialist Clinic",
        "opening_hours": "Mo-Fr 08:00-12:00,13:30-16:30; Sa 08:00-12:30",
        "phone": "085-439 336"
      },
      "geometry": {
        "type": "Point",
        "coordinates": [
          113.9880419,
          4.3986967
        ]
      },
      "id": "node/11813208784"
    },
    {
      "type": "Feature",
      "properties": {
        "@id": "node/11816335477",
        "amenity": "hospital",
        "healthcare": "hospital",
        "healthcare:speciality": "general",
        "name": "Klinik 1 Malaysia Sepupok",
        "operator": "Kementerian Kesihatan Malaysia",
        "operator:type": "public",
        "operator:wikidata": "Q4294352"
      },
      "geometry": {
        "type": "Point",
        "coordinates": [
          113.7152684,
          3.8631498
        ]
      },
      "id": "node/11816335477"
    },
    {
      "type": "Feature",
      "properties": {
        "@id": "node/11816335480",
        "amenity": "pharmacy",
        "healthcare": "pharmacy",
        "name": "Sepupok Pharmacy"
      },
      "geometry": {
        "type": "Point",
        "coordinates": [
          113.7162922,
          3.8635317
        ]
      },
      "id": "node/11816335480"
    },
    {
      "type": "Feature",
      "properties": {
        "@id": "node/11940409033",
        "amenity": "pharmacy",
        "brand": "Guardian",
        "brand:wikidata": "Q63371124",
        "healthcare": "pharmacy",
        "name": "Guardian"
      },
      "geometry": {
        "type": "Point",
        "coordinates": [
          117.8962783,
          4.251453
        ]
      },
      "id": "node/11940409033"
    },
    {
      "type": "Feature",
      "properties": {
        "@id": "node/11940411261",
        "amenity": "hospital",
        "contact:facebook": "https://www.facebook.com/TawauSpecialistMedicalCentre/",
        "email": "info@tsmc.com.my",
        "healthcare": "hospital",
        "name": "Tawau Specialist Medical Centre"
      },
      "geometry": {
        "type": "Point",
        "coordinates": [
          117.9079427,
          4.2518944
        ]
      },
      "id": "node/11940411261"
    },
    {
      "type": "Feature",
      "properties": {
        "@id": "node/11961747931",
        "amenity": "clinic",
        "healthcare": "clinic",
        "name": "Klinik Kesihatan Bintangor",
        "operator": "Kementerian Kesihatan Malaysia",
        "operator:short": "KKM",
        "operator:wikidata": "Q4294352"
      },
      "geometry": {
        "type": "Point",
        "coordinates": [
          111.6375454,
          2.1636835
        ]
      },
      "id": "node/11961747931"
    },
    {
      "type": "Feature",
      "properties": {
        "@id": "node/11961748114",
        "amenity": "pharmacy",
        "healthcare": "pharmacy",
        "name": "PMG Pharmacy",
        "name:zh": "大众药剂行",
        "operator": "Pmg Pharmacy (Bintagor) Sdn Bhd"
      },
      "geometry": {
        "type": "Point",
        "coordinates": [
          111.6351041,
          2.1697303
        ]
      },
      "id": "node/11961748114"
    },
    {
      "type": "Feature",
      "properties": {
        "@id": "node/11962284880",
        "amenity": "pharmacy",
        "healthcare": "pharmacy",
        "name": "Lau's Pharmacy",
        "name:zh": "刘氏药剂行"
      },
      "geometry": {
        "type": "Point",
        "coordinates": [
          111.6350906,
          2.1702305
        ]
      },
      "id": "node/11962284880"
    },
    {
      "type": "Feature",
      "properties": {
        "@id": "node/11962284881",
        "addr:city": "Bintangor",
        "addr:housenumber": "9",
        "addr:postcode": "96500",
        "addr:street": "Jalan Kelupu",
        "amenity": "pharmacy",
        "healthcare": "pharmacy",
        "name": "Farmasi Ting",
        "name:zh": "陈氏药剂行"
      },
      "geometry": {
        "type": "Point",
        "coordinates": [
          111.6352022,
          2.1696264
        ]
      },
      "id": "node/11962284881"
    },
    {
      "type": "Feature",
      "properties": {
        "@id": "node/11964030633",
        "amenity": "pharmacy",
        "healthcare": "pharmacy",
        "name": "PMG Pharmacy"
      },
      "geometry": {
        "type": "Point",
        "coordinates": [
          110.3418245,
          1.6354852
        ]
      },
      "id": "node/11964030633"
    },
    {
      "type": "Feature",
      "properties": {
        "@id": "node/11964030638",
        "amenity": "pharmacy",
        "healthcare": "pharmacy",
        "name": "Mana Pharmacy"
      },
      "geometry": {
        "type": "Point",
        "coordinates": [
          110.3417058,
          1.6354649
        ]
      },
      "id": "node/11964030638"
    },
    {
      "type": "Feature",
      "properties": {
        "@id": "node/11977559560",
        "addr:city": "Kuching",
        "addr:housenumber": "34",
        "addr:postcode": "93050",
        "addr:street": "Jalan Belatok, Taman Malihah",
        "amenity": "clinic",
        "healthcare": "clinic",
        "name": "Malihah Medical Clinic"
      },
      "geometry": {
        "type": "Point",
        "coordinates": [
          110.2511101,
          1.5543625
        ]
      },
      "id": "node/11977559560"
    },
    {
      "type": "Feature",
      "properties": {
        "@id": "node/11977560065",
        "amenity": "pharmacy",
        "healthcare": "pharmacy",
        "name": "Pokiong Pharmacy"
      },
      "geometry": {
        "type": "Point",
        "coordinates": [
          112.9399348,
          2.0166817
        ]
      },
      "id": "node/11977560065"
    },
    {
      "type": "Feature",
      "properties": {
        "@id": "node/11980338158",
        "amenity": "pharmacy",
        "brand": "Guardian",
        "brand:wikidata": "Q63371124",
        "healthcare": "pharmacy",
        "name": "Guardian"
      },
      "geometry": {
        "type": "Point",
        "coordinates": [
          112.94315,
          2.0163724
        ]
      },
      "id": "node/11980338158"
    },
    {
      "type": "Feature",
      "properties": {
        "@id": "node/11981033047",
        "amenity": "clinic",
        "healthcare": "clinic",
        "name": "Klinik Khaira"
      },
      "geometry": {
        "type": "Point",
        "coordinates": [
          110.3065462,
          1.512482
        ]
      },
      "id": "node/11981033047"
    },
    {
      "type": "Feature",
      "properties": {
        "@id": "node/11981353748",
        "amenity": "clinic",
        "healthcare": "clinic",
        "name": "Klinik Desa Nanga Budu"
      },
      "geometry": {
        "type": "Point",
        "coordinates": [
          111.511608,
          1.7656069
        ]
      },
      "id": "node/11981353748"
    },
    {
      "type": "Feature",
      "properties": {
        "@id": "node/11982336772",
        "addr:city": "Kota Samarahan",
        "addr:housenumber": "No. 30, Lot 5679",
        "addr:postcode": "94300",
        "addr:street": "G/F Uni Capital Kiching-Kota Samarahan Expressway,",
        "amenity": "pharmacy",
        "healthcare": "pharmacy",
        "mobile": "+012-9185120",
        "name": "Wymed Pharma",
        "opening_hours": "Mo-Sa 08:00-18:00"
      },
      "geometry": {
        "type": "Point",
        "coordinates": [
          110.4179791,
          1.463325
        ]
      },
      "id": "node/11982336772"
    },
    {
      "type": "Feature",
      "properties": {
        "@id": "node/11982472378",
        "addr:city": "Kota Samarahan",
        "addr:housenumber": "LOT 7455, BLOCK 1, THE SUMMER SHOPPING MALL, GROUND FLOOR",
        "addr:postcode": "94300",
        "addr:street": "G63-G64 & G69-G70, Jln Datuk Mohammad Musa",
        "amenity": "pharmacy",
        "healthcare": "pharmacy",
        "mobile": "+082-673928",
        "name": "JOM Pharmacy The Summer Mall",
        "opening_hours": "Mo-Su 10:00-22:00",
        "website": "http://www.caring2u.com/"
      },
      "geometry": {
        "type": "Point",
        "coordinates": [
          110.4589935,
          1.4541615
        ]
      },
      "id": "node/11982472378"
    },
    {
      "type": "Feature",
      "properties": {
        "@id": "node/11982846600",
        "amenity": "pharmacy",
        "healthcare": "pharmacy",
        "name": "PMG Pharmacy Tabuan Tranquility"
      },
      "geometry": {
        "type": "Point",
        "coordinates": [
          110.3865972,
          1.5151006
        ]
      },
      "id": "node/11982846600"
    },
    {
      "type": "Feature",
      "properties": {
        "@id": "node/11986489494",
        "amenity": "hospital",
        "healthcare": "hospital",
        "healthcare:speciality": "general",
        "name": "Marudi Hospital"
      },
      "geometry": {
        "type": "Point",
        "coordinates": [
          114.3258603,
          4.1783875
        ]
      },
      "id": "node/11986489494"
    },
    {
      "type": "Feature",
      "properties": {
        "@id": "node/11987419984",
        "addr:city": "Barito Selatan",
        "addr:district": "Dusun Selatan",
        "addr:province": "Kalimantan Tengah",
        "addr:street": "Jalan Pakusualam",
        "addr:subdistrict": "Baru",
        "amenity": "clinic",
        "healthcare": "clinic",
        "name": "Puskesmas Desa Baru",
        "operator": "Ministry of Health",
        "operator:en": "Ministry of Health",
        "operator:id": "Kementerian Kesehatan",
        "operator:type": "government",
        "operator:wikidata": "Q12490745"
      },
      "geometry": {
        "type": "Point",
        "coordinates": [
          114.8044021,
          -1.778908
        ]
      },
      "id": "node/11987419984"
    },
    {
      "type": "Feature",
      "properties": {
        "@id": "node/11987419986",
        "addr:city": "Barito Selatan",
        "addr:district": "Dusun Selatan",
        "addr:province": "Kalimantan Tengah",
        "addr:street": "Jalan Barito",
        "addr:subdistrict": "Baru",
        "amenity": "pharmacy",
        "healthcare": "pharmacy",
        "name": "Apotek Hampahari"
      },
      "geometry": {
        "type": "Point",
        "coordinates": [
          114.8055521,
          -1.7762899
        ]
      },
      "id": "node/11987419986"
    },
    {
      "type": "Feature",
      "properties": {
        "@id": "node/11992032806",
        "amenity": "pharmacy",
        "healthcare": "pharmacy",
        "name": "Apotek Adara"
      },
      "geometry": {
        "type": "Point",
        "coordinates": [
          109.196243,
          1.3490746
        ]
      },
      "id": "node/11992032806"
    },
    {
      "type": "Feature",
      "properties": {
        "@id": "node/12014293591",
        "amenity": "doctors",
        "healthcare": "doctor",
        "name": "Klinik Ting"
      },
      "geometry": {
        "type": "Point",
        "coordinates": [
          110.3412513,
          1.5567572
        ]
      },
      "id": "node/12014293591"
    },
    {
      "type": "Feature",
      "properties": {
        "@id": "node/12014293592",
        "amenity": "doctors",
        "healthcare": "doctor",
        "name": "Poliklinik Limlee"
      },
      "geometry": {
        "type": "Point",
        "coordinates": [
          110.3412641,
          1.5568103
        ]
      },
      "id": "node/12014293592"
    },
    {
      "type": "Feature",
      "properties": {
        "@id": "node/12014293593",
        "amenity": "doctors",
        "healthcare": "doctor",
        "name": "Klinik Sarawak"
      },
      "geometry": {
        "type": "Point",
        "coordinates": [
          110.341286,
          1.5569171
        ]
      },
      "id": "node/12014293593"
    },
    {
      "type": "Feature",
      "properties": {
        "@id": "node/12036002629",
        "addr:city": "Miri",
        "addr:housenumber": "1419",
        "addr:postcode": "98000",
        "addr:street": "Jalan Metro",
        "amenity": "doctors",
        "healthcare": "doctor",
        "healthcare:speciality": "plastic_surgery",
        "mobile": "014-635-6988",
        "name": "Giovianni Clinique",
        "opening_hours": "Mo-Su 10:00-17:00",
        "website": "https://www.giovanniclinique.clinic/"
      },
      "geometry": {
        "type": "Point",
        "coordinates": [
          114.0002484,
          4.4176437
        ]
      },
      "id": "node/12036002629"
    },
    {
      "type": "Feature",
      "properties": {
        "@id": "node/12037752406",
        "addr:city": "Miri",
        "addr:housenumber": "1341",
        "addr:postcode": "98000",
        "addr:street": "Jalan Sri Dagang",
        "amenity": "clinic",
        "healthcare": "clinic",
        "healthcare:speciality": "general",
        "name": "Klinik Chan Toh Hang",
        "opening_hours": "Mo-Fr 07:30-12:00,13:30-16:30; Sa 07:30-12:00",
        "phone": "085-419 092"
      },
      "geometry": {
        "type": "Point",
        "coordinates": [
          113.9855835,
          4.397224
        ]
      },
      "id": "node/12037752406"
    },
    {
      "type": "Feature",
      "properties": {
        "@id": "node/12037752407",
        "addr:city": "Miri",
        "addr:housenumber": "1148",
        "addr:postcode": "98000",
        "addr:street": "Jalan Sri Dagang",
        "amenity": "doctors",
        "healthcare": "doctor",
        "healthcare:speciality": "dermatology",
        "mobile": "012-887 9512",
        "name": "Klinik Kulit Chen",
        "name:en": "Chen Skin Clinic"
      },
      "geometry": {
        "type": "Point",
        "coordinates": [
          113.9861754,
          4.396595
        ]
      },
      "id": "node/12037752407"
    },
    {
      "type": "Feature",
      "properties": {
        "@id": "node/12040360235",
        "addr:city": "Miri",
        "addr:housenumber": "801",
        "addr:postcode": "98000",
        "addr:street": "Jalan Bintang Jaya 4",
        "amenity": "clinic",
        "healthcare": "clinic",
        "name": "The Children & Heart Specialist Clinic (Dr Philip Raja)",
        "name:ms": "Klinik Pakar Kanak-Kanak dan Jantung ((Dr Philip Raja)",
        "opening_hours": "Mo-Fr 08:00-12:00,14:00-16:00,19:00-20:30; Sa-Su 09:00-12:00",
        "phone": "085-410 225"
      },
      "geometry": {
        "type": "Point",
        "coordinates": [
          113.9954074,
          4.4003187
        ]
      },
      "id": "node/12040360235"
    },
    {
      "type": "Feature",
      "properties": {
        "@id": "node/12041959498",
        "addr:city": "Miri",
        "addr:housenumber": "5476",
        "addr:place": "Desa Pujut 2",
        "addr:postcode": "98000",
        "amenity": "clinic",
        "healthcare": "clinic",
        "name": "Klinik LW Teng",
        "opening_hours": "Mo-Fr 08:00-12:00,13:30-16:30,19:00-21:00; Sa-Su 08:30-12:30,19:00-21:00",
        "phone": "085-438 150"
      },
      "geometry": {
        "type": "Point",
        "coordinates": [
          114.0425639,
          4.4573624
        ]
      },
      "id": "node/12041959498"
    },
    {
      "type": "Feature",
      "properties": {
        "@id": "node/12046166260",
        "addr:city": "Lutong",
        "addr:housenumber": "561-562",
        "addr:postcode": "98000",
        "addr:street": "Jalan Machinda",
        "amenity": "clinic",
        "contact:facebook": "https://www.facebook.com/profile.php?id=100057054386186",
        "healthcare": "clinic",
        "healthcare:speciality": "occupational;general",
        "name": "Klinik Harmoni",
        "opening_hours": "Mo-Fr 07:30-12:00,13:30-16:30; Sa 08:00-12:00"
      },
      "geometry": {
        "type": "Point",
        "coordinates": [
          114.0075846,
          4.4690694
        ]
      },
      "id": "node/12046166260"
    },
    {
      "type": "Feature",
      "properties": {
        "@id": "node/12046447994",
        "addr:city": "Lutong",
        "addr:housenumber": "1446",
        "addr:postcode": "98000",
        "addr:street": "Jalan Pasar Lutong",
        "amenity": "pharmacy",
        "branch": "Lutong",
        "drive_through": "no",
        "healthcare": "pharmacy",
        "mobile": "011-3106 1641",
        "name": "PMG Pharmacy",
        "opening_hours": "Mo-Su 09:00-21:00",
        "operator": "Public Medicare Group",
        "phone": "085-653 966",
        "website": "https://pmg2u.com/"
      },
      "geometry": {
        "type": "Point",
        "coordinates": [
          114.0094946,
          4.4718857
        ]
      },
      "id": "node/12046447994"
    },
    {
      "type": "Feature",
      "properties": {
        "@id": "node/12046447996",
        "addr:city": "Lutong",
        "addr:housenumber": "1426",
        "addr:postcode": "98000",
        "addr:street": "Jalan Agama",
        "amenity": "clinic",
        "healthcare": "clinic",
        "name": "Klinik Lutong",
        "opening_hours": "Mo-Fr 08:00-13:00,15:00-18:00; Sa 08:30-13:00",
        "phone": "085-491 382"
      },
      "geometry": {
        "type": "Point",
        "coordinates": [
          114.0091359,
          4.4721191
        ]
      },
      "id": "node/12046447996"
    },
    {
      "type": "Feature",
      "properties": {
        "@id": "node/12049164450",
        "addr:city": "Balikpapan",
        "addr:district": "Balikpapan Utara",
        "addr:neighbourhood": "M. T. Haryono",
        "addr:province": "East Borneo",
        "addr:subdistrict": "Batu Ampar",
        "amenity": "hospital",
        "emergency": "no",
        "healthcare": "hospital"
      },
      "geometry": {
        "type": "Point",
        "coordinates": [
          116.8683828,
          -1.2259501
        ]
      },
      "id": "node/12049164450"
    },
    {
      "type": "Feature",
      "properties": {
        "@id": "node/12050820681",
        "addr:city": "Miri",
        "addr:housenumber": "308",
        "addr:postcode": "98000",
        "addr:street": "Jalan Duranta",
        "amenity": "pharmacy",
        "contact:facebook": "https://www.facebook.com/profile.php?id=100057452349092",
        "dispensing": "yes",
        "drive_through": "no",
        "healthcare": "pharmacy",
        "name": "KS Hoo Pharmacy",
        "opening_hours": "Mo-Sa 08:00-17:30; Su 08:00-13:00",
        "phone": "085-410 239"
      },
      "geometry": {
        "type": "Point",
        "coordinates": [
          113.9869966,
          4.3949306
        ]
      },
      "id": "node/12050820681"
    },
    {
      "type": "Feature",
      "properties": {
        "@id": "node/12050820682",
        "addr:city": "Miri",
        "addr:housenumber": "248",
        "addr:postcode": "98000",
        "addr:street": "Jalan Gardenia",
        "amenity": "clinic",
        "healthcare": "clinic",
        "name": "CJ Clinic",
        "opening_hours": "Mo-Fr 09:00-11:30,19:00-20:30",
        "phone": "085-416 725"
      },
      "geometry": {
        "type": "Point",
        "coordinates": [
          113.987036,
          4.3958994
        ]
      },
      "id": "node/12050820682"
    },
    {
      "type": "Feature",
      "properties": {
        "@id": "node/12059473764",
        "amenity": "hospital",
        "healthcare": "hospital"
      },
      "geometry": {
        "type": "Point",
        "coordinates": [
          111.6313368,
          -2.6916846
        ]
      },
      "id": "node/12059473764"
    },
    {
      "type": "Feature",
      "properties": {
        "@id": "node/12080266120",
        "addr:city": "Miri",
        "addr:housenumber": "5",
        "addr:postcode": "98000",
        "addr:street": "Jalan Cina",
        "amenity": "pharmacy",
        "dispensing": "yes",
        "drive_through": "no",
        "fax": "085-418 835",
        "healthcare": "pharmacy",
        "name": "Medichem Pharmacy",
        "phone": "085-415 835"
      },
      "geometry": {
        "type": "Point",
        "coordinates": [
          113.9866103,
          4.3912656
        ]
      },
      "id": "node/12080266120"
    },
    {
      "type": "Feature",
      "properties": {
        "@id": "node/12085373427",
        "addr:city": "Lutong",
        "addr:housenumber": "1417",
        "addr:postcode": "98000",
        "addr:street": "Jalan Shell",
        "amenity": "clinic",
        "healthcare": "clinic",
        "name": "Omega Clinic",
        "opening_hours": "Mo-Fr 07:30-20:00; Sa 09:00-15:00",
        "phone": "085-653 555"
      },
      "geometry": {
        "type": "Point",
        "coordinates": [
          114.0080492,
          4.4726459
        ]
      },
      "id": "node/12085373427"
    },
    {
      "type": "Feature",
      "properties": {
        "@id": "node/12087701280",
        "amenity": "hospital",
        "healthcare": "hospital",
        "name": "Pos Kesehatan Desa Teluk Telaga"
      },
      "geometry": {
        "type": "Point",
        "coordinates": [
          114.7887253,
          -1.7944507
        ]
      },
      "id": "node/12087701280"
    },
    {
      "type": "Feature",
      "properties": {
        "@id": "node/12088374076",
        "addr:city": "Miri",
        "addr:housenumber": "341",
        "addr:postcode": "98000",
        "addr:street": "Jalan Ngo King Hi",
        "amenity": "pharmacy",
        "branch": "Pelita",
        "brand": "Watsons",
        "brand:wikidata": "Q7974785",
        "dispensing": "yes",
        "drive_through": "no",
        "healthcare": "pharmacy",
        "name": "Watsons",
        "opening_hours": "Mo-Su 09:00-21:30",
        "phone": "085-683 084",
        "website": "https://www.watsons.com.my/"
      },
      "geometry": {
        "type": "Point",
        "coordinates": [
          114.0011011,
          4.4043466
        ]
      },
      "id": "node/12088374076"
    },
    {
      "type": "Feature",
      "properties": {
        "@id": "node/12090175269",
        "addr:city": "Bekenu",
        "addr:postcode": "98150",
        "addr:street": "Jalan Bintulu-Miri",
        "amenity": "pharmacy",
        "dispensing": "yes",
        "drive_through": "no",
        "healthcare": "pharmacy",
        "name": "Clover Pharmacy",
        "payment:cash": "yes",
        "payment:credit_cards": "yes",
        "payment:debit_cards": "yes",
        "payment:electronic_purses": "yes"
      },
      "geometry": {
        "type": "Point",
        "coordinates": [
          113.9652138,
          4.0985668
        ]
      },
      "id": "node/12090175269"
    },
    {
      "type": "Feature",
      "properties": {
        "@id": "node/12092907852",
        "amenity": "pharmacy",
        "name": "Apotek Efpe"
      },
      "geometry": {
        "type": "Point",
        "coordinates": [
          115.2484073,
          -2.42232
        ]
      },
      "id": "node/12092907852"
    },
    {
      "type": "Feature",
      "properties": {
        "@id": "node/12105603390",
        "amenity": "clinic",
        "name": "Puskesmas Pembantu Riko"
      },
      "geometry": {
        "type": "Point",
        "coordinates": [
          116.6323212,
          -1.1308532
        ]
      },
      "id": "node/12105603390"
    },
    {
      "type": "Feature",
      "properties": {
        "@id": "node/12147617526",
        "addr:city": "Miri",
        "addr:housenumber": "11654",
        "addr:postcode": "98000",
        "addr:street": "Jalan Maigold",
        "amenity": "clinic",
        "branch": "Senadin",
        "contact:facebook": "https://www.facebook.com/pmgmedicalclinicsenadin/",
        "healthcare": "clinic",
        "mobile": "010-289 7966",
        "name": "PMG Medical Clinic",
        "opening_hours": "Mo-Su 8:00-12:00,14:00-16:00,19:00-21:00",
        "phone": "085-659 901",
        "website": "https://pmg2u.com/"
      },
      "geometry": {
        "type": "Point",
        "coordinates": [
          114.0104746,
          4.4907513
        ]
      },
      "id": "node/12147617526"
    },
    {
      "type": "Feature",
      "properties": {
        "@id": "node/12149736178",
        "addr:city": "Miri",
        "addr:housenumber": "10761",
        "addr:postcode": "98000",
        "addr:street": "Jalan Tudan",
        "amenity": "pharmacy",
        "dispensing": "yes",
        "drive_through": "no",
        "healthcare": "pharmacy",
        "name": "King's Pharmacy"
      },
      "geometry": {
        "type": "Point",
        "coordinates": [
          114.0305012,
          4.4791799
        ]
      },
      "id": "node/12149736178"
    },
    {
      "type": "Feature",
      "properties": {
        "@id": "node/12154137556",
        "addr:city": "Palangka Raya",
        "addr:housename": "Apotek Harmonis 3",
        "addr:housenumber": "No.27A",
        "addr:postcode": "73111",
        "addr:province": "Kalimantan Tengah",
        "addr:street": "Jalan Seth Adji",
        "addr:subdistrict": "Pahandut",
        "addr:unit": "Ruko",
        "amenity": "pharmacy",
        "healthcare": "pharmacy",
        "name": "Apotek Harmonis 3",
        "opening_hours": "24 jam"
      },
      "geometry": {
        "type": "Point",
        "coordinates": [
          113.930867,
          -2.2291019
        ]
      },
      "id": "node/12154137556"
    },
    {
      "type": "Feature",
      "properties": {
        "@id": "node/12167652442",
        "amenity": "pharmacy",
        "healthcare": "pharmacy",
        "name": "ALPRO Pharmacy"
      },
      "geometry": {
        "type": "Point",
        "coordinates": [
          110.3445212,
          1.5130274
        ]
      },
      "id": "node/12167652442"
    },
    {
      "type": "Feature",
      "properties": {
        "@id": "node/12173936444",
        "amenity": "pharmacy",
        "healthcare": "pharmacy",
        "name": "Big Rehab"
      },
      "geometry": {
        "type": "Point",
        "coordinates": [
          110.3441452,
          1.5130481
        ]
      },
      "id": "node/12173936444"
    },
    {
      "type": "Feature",
      "properties": {
        "@id": "node/12178206592",
        "amenity": "clinic",
        "healthcare": "clinic",
        "name": "Dr. Belle Clinic"
      },
      "geometry": {
        "type": "Point",
        "coordinates": [
          110.3588983,
          1.504991
        ]
      },
      "id": "node/12178206592"
    },
    {
      "type": "Feature",
      "properties": {
        "@id": "node/12178212688",
        "amenity": "pharmacy",
        "healthcare": "pharmacy",
        "name": "Aeon Wellness"
      },
      "geometry": {
        "type": "Point",
        "coordinates": [
          110.3594723,
          1.5056319
        ]
      },
      "id": "node/12178212688"
    },
    {
      "type": "Feature",
      "properties": {
        "@id": "node/12178257691",
        "amenity": "pharmacy",
        "brand": "Guardian",
        "brand:wikidata": "Q63371124",
        "healthcare": "pharmacy",
        "name": "Guardian"
      },
      "geometry": {
        "type": "Point",
        "coordinates": [
          110.3615678,
          1.5059542
        ]
      },
      "id": "node/12178257691"
    },
    {
      "type": "Feature",
      "properties": {
        "@id": "node/12178257693",
        "amenity": "pharmacy",
        "healthcare": "pharmacy",
        "name": "Alpro"
      },
      "geometry": {
        "type": "Point",
        "coordinates": [
          110.3617467,
          1.5059663
        ]
      },
      "id": "node/12178257693"
    },
    {
      "type": "Feature",
      "properties": {
        "@id": "node/12178270915",
        "amenity": "pharmacy",
        "healthcare": "pharmacy",
        "name": "Caring Pharmacy"
      },
      "geometry": {
        "type": "Point",
        "coordinates": [
          110.3623525,
          1.505946
        ]
      },
      "id": "node/12178270915"
    },
    {
      "type": "Feature",
      "properties": {
        "@id": "node/12178270916",
        "amenity": "pharmacy",
        "healthcare": "pharmacy",
        "name": "Nutrisense Pharmacy"
      },
      "geometry": {
        "type": "Point",
        "coordinates": [
          110.3624419,
          1.5059481
        ]
      },
      "id": "node/12178270916"
    },
    {
      "type": "Feature",
      "properties": {
        "@id": "node/12179749363",
        "amenity": "pharmacy",
        "healthcare": "pharmacy",
        "name": "Big Pharmacy"
      },
      "geometry": {
        "type": "Point",
        "coordinates": [
          110.3445907,
          1.5135867
        ]
      },
      "id": "node/12179749363"
    },
    {
      "type": "Feature",
      "properties": {
        "@id": "node/12179807356",
        "amenity": "pharmacy",
        "healthcare": "pharmacy",
        "name": "PMG Pharmacy"
      },
      "geometry": {
        "type": "Point",
        "coordinates": [
          110.3533788,
          1.5154638
        ]
      },
      "id": "node/12179807356"
    },
    {
      "type": "Feature",
      "properties": {
        "@id": "node/12179807358",
        "amenity": "clinic",
        "healthcare": "clinic",
        "name": "Premier Family Clinic"
      },
      "geometry": {
        "type": "Point",
        "coordinates": [
          110.353332,
          1.5151366
        ]
      },
      "id": "node/12179807358"
    },
    {
      "type": "Feature",
      "properties": {
        "@id": "node/12179807360",
        "amenity": "doctors",
        "healthcare": "doctor",
        "healthcare:speciality": "plastic_surgery",
        "name": "Skin Center"
      },
      "geometry": {
        "type": "Point",
        "coordinates": [
          110.3533442,
          1.5152321
        ]
      },
      "id": "node/12179807360"
    },
    {
      "type": "Feature",
      "properties": {
        "@id": "node/12179999390",
        "amenity": "pharmacy",
        "healthcare": "pharmacy",
        "name": "Mana Pharmacy"
      },
      "geometry": {
        "type": "Point",
        "coordinates": [
          110.3515994,
          1.5101561
        ]
      },
      "id": "node/12179999390"
    },
    {
      "type": "Feature",
      "properties": {
        "@id": "node/12180264612",
        "amenity": "pharmacy",
        "healthcare": "pharmacy",
        "name": "Edon Pharmacy"
      },
      "geometry": {
        "type": "Point",
        "coordinates": [
          110.3536142,
          1.5117777
        ]
      },
      "id": "node/12180264612"
    },
    {
      "type": "Feature",
      "properties": {
        "@id": "node/12189255015",
        "amenity": "pharmacy",
        "brand": "Guardian",
        "brand:wikidata": "Q63371124",
        "healthcare": "pharmacy",
        "name": "Guardian"
      },
      "geometry": {
        "type": "Point",
        "coordinates": [
          110.3721014,
          1.5518284
        ]
      },
      "id": "node/12189255015"
    },
    {
      "type": "Feature",
      "properties": {
        "@id": "node/12189353497",
        "amenity": "doctors",
        "healthcare": "doctor",
        "healthcare:speciality": "ophthalmology",
        "name": "Optimax Eye Specialist Centre"
      },
      "geometry": {
        "type": "Point",
        "coordinates": [
          110.3575852,
          1.5273539
        ]
      },
      "id": "node/12189353497"
    },
    {
      "type": "Feature",
      "properties": {
        "@id": "node/12189397379",
        "amenity": "pharmacy",
        "healthcare": "pharmacy",
        "name": "Caring Pharmacy"
      },
      "geometry": {
        "type": "Point",
        "coordinates": [
          110.354895,
          1.5219297
        ]
      },
      "id": "node/12189397379"
    },
    {
      "type": "Feature",
      "properties": {
        "@id": "node/12190129259",
        "addr:city": "Miri",
        "addr:housenumber": "1348",
        "addr:postcode": "98000",
        "addr:street": "Jalan Jee Foh 2",
        "amenity": "clinic",
        "healthcare": "clinic",
        "name": "Klinik Sahabat"
      },
      "geometry": {
        "type": "Point",
        "coordinates": [
          114.0002102,
          4.4121615
        ]
      },
      "id": "node/12190129259"
    },
    {
      "type": "Feature",
      "properties": {
        "@id": "node/12191912760",
        "amenity": "clinic",
        "healthcare": "clinic",
        "name": "MJC Family Clinic"
      },
      "geometry": {
        "type": "Point",
        "coordinates": [
          110.3056477,
          1.5121213
        ]
      },
      "id": "node/12191912760"
    },
    {
      "type": "Feature",
      "properties": {
        "@id": "node/12191919959",
        "amenity": "pharmacy",
        "healthcare": "pharmacy",
        "name": "Wira Pharmacy"
      },
      "geometry": {
        "type": "Point",
        "coordinates": [
          110.3068585,
          1.5125294
        ]
      },
      "id": "node/12191919959"
    },
    {
      "type": "Feature",
      "properties": {
        "@id": "node/12191937051",
        "amenity": "clinic",
        "healthcare": "clinic",
        "name": "Klinik Kota Raya Batu Kawa"
      },
      "geometry": {
        "type": "Point",
        "coordinates": [
          110.3073392,
          1.5126988
        ]
      },
      "id": "node/12191937051"
    },
    {
      "type": "Feature",
      "properties": {
        "@id": "node/12191943635",
        "amenity": "pharmacy",
        "brand": "Watsons",
        "brand:wikidata": "Q7974785",
        "healthcare": "pharmacy",
        "name": "Watsons"
      },
      "geometry": {
        "type": "Point",
        "coordinates": [
          110.3087272,
          1.5131439
        ]
      },
      "id": "node/12191943635"
    },
    {
      "type": "Feature",
      "properties": {
        "@id": "node/12191953806",
        "amenity": "pharmacy",
        "healthcare": "pharmacy",
        "name": "Farmasi Ting"
      },
      "geometry": {
        "type": "Point",
        "coordinates": [
          110.3108623,
          1.5138615
        ]
      },
      "id": "node/12191953806"
    },
    {
      "type": "Feature",
      "properties": {
        "@id": "node/12191953807",
        "amenity": "clinic",
        "healthcare": "clinic",
        "name": "Wong Familiy Clinic"
      },
      "geometry": {
        "type": "Point",
        "coordinates": [
          110.3110503,
          1.5139277
        ]
      },
      "id": "node/12191953807"
    },
    {
      "type": "Feature",
      "properties": {
        "@id": "node/12191963176",
        "amenity": "clinic",
        "healthcare": "clinic",
        "name": "Hon Medical Clinic"
      },
      "geometry": {
        "type": "Point",
        "coordinates": [
          110.3112783,
          1.5140063
        ]
      },
      "id": "node/12191963176"
    },
    {
      "type": "Feature",
      "properties": {
        "@id": "node/12207995083",
        "amenity": "clinic",
        "healthcare": "clinic",
        "name": "Apotek Gaby"
      },
      "geometry": {
        "type": "Point",
        "coordinates": [
          109.357897,
          -0.0748885
        ]
      },
      "id": "node/12207995083"
    },
    {
      "type": "Feature",
      "properties": {
        "@id": "node/12209053064",
        "addr:city": "Miri",
        "addr:housenumber": "12A",
        "addr:postcode": "98000",
        "addr:street": "Jalan Bendahara",
        "amenity": "clinic",
        "healthcare": "clinic",
        "healthcare:speciality": "general;occupational",
        "name": "Klinik Sim",
        "name:en": "Sim's Medical Clinic",
        "opening_hours": "Mo-Fr 08:00-12:00,14:00-16:30; Sa-Su 08:00-12:00"
      },
      "geometry": {
        "type": "Point",
        "coordinates": [
          113.9862632,
          4.3935248
        ]
      },
      "id": "node/12209053064"
    },
    {
      "type": "Feature",
      "properties": {
        "@id": "node/12214109412",
        "addr:city": "Miri",
        "addr:housenumber": "5",
        "addr:postcode": "98000",
        "addr:street": "Jalan Oleander",
        "amenity": "pharmacy",
        "dispensing": "yes",
        "drive_through": "no",
        "fax": "085-441 588",
        "healthcare": "pharmacy",
        "name": "CL Su Pharmacy Sdn Bhd",
        "phone": "085-441 688"
      },
      "geometry": {
        "type": "Point",
        "coordinates": [
          113.9865113,
          4.3910414
        ]
      },
      "id": "node/12214109412"
    },
    {
      "type": "Feature",
      "properties": {
        "@id": "node/12221767028",
        "amenity": "clinic",
        "healthcare": "clinic",
        "name": "Helen Ngu Women Hospital"
      },
      "geometry": {
        "type": "Point",
        "coordinates": [
          110.3386621,
          1.5227208
        ]
      },
      "id": "node/12221767028"
    },
    {
      "type": "Feature",
      "properties": {
        "@id": "node/12221767029",
        "amenity": "pharmacy",
        "healthcare": "pharmacy",
        "name": "Ee Syn Pharmacy"
      },
      "geometry": {
        "type": "Point",
        "coordinates": [
          110.3387942,
          1.5227655
        ]
      },
      "id": "node/12221767029"
    },
    {
      "type": "Feature",
      "properties": {
        "@id": "node/12221767034",
        "amenity": "pharmacy",
        "healthcare": "pharmacy",
        "name": "J.O.Y. Pharmacy"
      },
      "geometry": {
        "type": "Point",
        "coordinates": [
          110.3390229,
          1.5228345
        ]
      },
      "id": "node/12221767034"
    },
    {
      "type": "Feature",
      "properties": {
        "@id": "node/12221777637",
        "amenity": "pharmacy",
        "healthcare": "pharmacy",
        "name": "Alpro Pharmacy"
      },
      "geometry": {
        "type": "Point",
        "coordinates": [
          110.339464,
          1.5229809
        ]
      },
      "id": "node/12221777637"
    },
    {
      "type": "Feature",
      "properties": {
        "@id": "node/12221987667",
        "amenity": "clinic",
        "healthcare": "clinic",
        "name": "Asia Eye"
      },
      "geometry": {
        "type": "Point",
        "coordinates": [
          110.3404866,
          1.53513
        ]
      },
      "id": "node/12221987667"
    },
    {
      "type": "Feature",
      "properties": {
        "@id": "node/12221999144",
        "amenity": "clinic",
        "healthcare": "clinic",
        "name": "Chong Clinic"
      },
      "geometry": {
        "type": "Point",
        "coordinates": [
          110.341824,
          1.525087
        ]
      },
      "id": "node/12221999144"
    },
    {
      "type": "Feature",
      "properties": {
        "@id": "node/12222029198",
        "amenity": "clinic",
        "healthcare": "clinic",
        "name": "Dr Ai Ling Medic Care Clinic"
      },
      "geometry": {
        "type": "Point",
        "coordinates": [
          110.3527335,
          1.5533319
        ]
      },
      "id": "node/12222029198"
    },
    {
      "type": "Feature",
      "properties": {
        "@id": "node/12222285768",
        "amenity": "clinic",
        "healthcare": "clinic",
        "name": "Eye Specialist Centre"
      },
      "geometry": {
        "type": "Point",
        "coordinates": [
          110.3561057,
          1.5410598
        ]
      },
      "id": "node/12222285768"
    },
    {
      "type": "Feature",
      "properties": {
        "@id": "node/12222285770",
        "amenity": "pharmacy",
        "brand": "Guardian",
        "brand:wikidata": "Q63371124",
        "healthcare": "pharmacy",
        "name": "Guardian"
      },
      "geometry": {
        "type": "Point",
        "coordinates": [
          110.355977,
          1.5407461
        ]
      },
      "id": "node/12222285770"
    },
    {
      "type": "Feature",
      "properties": {
        "@id": "node/12228701322",
        "amenity": "pharmacy",
        "healthcare": "pharmacy",
        "name": "My Pharmacy"
      },
      "geometry": {
        "type": "Point",
        "coordinates": [
          110.3333623,
          1.507763
        ]
      },
      "id": "node/12228701322"
    },
    {
      "type": "Feature",
      "properties": {
        "@id": "node/12228737424",
        "amenity": "pharmacy",
        "healthcare": "pharmacy",
        "name": "Peace Pharmacy"
      },
      "geometry": {
        "type": "Point",
        "coordinates": [
          110.3349539,
          1.5082909
        ]
      },
      "id": "node/12228737424"
    },
    {
      "type": "Feature",
      "properties": {
        "@id": "node/12231564830",
        "amenity": "clinic",
        "healthcare": "clinic",
        "name": "Klinik JTL"
      },
      "geometry": {
        "type": "Point",
        "coordinates": [
          110.3276862,
          1.435781
        ]
      },
      "id": "node/12231564830"
    },
    {
      "type": "Feature",
      "properties": {
        "@id": "node/12231564832",
        "amenity": "pharmacy",
        "healthcare": "pharmacy",
        "name": "Med Town Pharmacy"
      },
      "geometry": {
        "type": "Point",
        "coordinates": [
          110.3277072,
          1.4361662
        ]
      },
      "id": "node/12231564832"
    },
    {
      "type": "Feature",
      "properties": {
        "@id": "node/12234438154",
        "amenity": "clinic",
        "healthcare": "clinic",
        "name": "Klinik Kelly Lau"
      },
      "geometry": {
        "type": "Point",
        "coordinates": [
          110.3309059,
          1.4758276
        ]
      },
      "id": "node/12234438154"
    },
    {
      "type": "Feature",
      "properties": {
        "@id": "node/12242565395",
        "amenity": "pharmacy",
        "healthcare": "pharmacy",
        "name": "PMG Pharmacy"
      },
      "geometry": {
        "type": "Point",
        "coordinates": [
          110.3750432,
          1.5264609
        ]
      },
      "id": "node/12242565395"
    },
    {
      "type": "Feature",
      "properties": {
        "@id": "node/12242565397",
        "amenity": "pharmacy",
        "healthcare": "pharmacy",
        "name": "Sing Lee Pharmacy"
      },
      "geometry": {
        "type": "Point",
        "coordinates": [
          110.3752189,
          1.5264072
        ]
      },
      "id": "node/12242565397"
    },
    {
      "type": "Feature",
      "properties": {
        "@id": "node/12242626487",
        "amenity": "pharmacy",
        "healthcare": "pharmacy",
        "name": "Alpro Pharmacy"
      },
      "geometry": {
        "type": "Point",
        "coordinates": [
          110.3754348,
          1.5263549
        ]
      },
      "id": "node/12242626487"
    },
    {
      "type": "Feature",
      "properties": {
        "@id": "node/12242626495",
        "amenity": "clinic",
        "healthcare": "clinic",
        "name": "Healthcare Clinic Tabuan Jaya"
      },
      "geometry": {
        "type": "Point",
        "coordinates": [
          110.3767732,
          1.5258274
        ]
      },
      "id": "node/12242626495"
    },
    {
      "type": "Feature",
      "properties": {
        "@id": "node/12242626498",
        "amenity": "clinic",
        "healthcare": "clinic",
        "name": "Union Clinic"
      },
      "geometry": {
        "type": "Point",
        "coordinates": [
          110.3769389,
          1.5257838
        ]
      },
      "id": "node/12242626498"
    },
    {
      "type": "Feature",
      "properties": {
        "@id": "node/12242626499",
        "amenity": "pharmacy",
        "healthcare": "pharmacy",
        "name": "Big Pharmacy"
      },
      "geometry": {
        "type": "Point",
        "coordinates": [
          110.3770321,
          1.525759
        ]
      },
      "id": "node/12242626499"
    },
    {
      "type": "Feature",
      "properties": {
        "@id": "node/12242758557",
        "amenity": "pharmacy",
        "brand": "Watsons",
        "brand:wikidata": "Q7974785",
        "healthcare": "pharmacy",
        "name": "Watsons"
      },
      "geometry": {
        "type": "Point",
        "coordinates": [
          110.3609035,
          1.5067749
        ]
      },
      "id": "node/12242758557"
    },
    {
      "type": "Feature",
      "properties": {
        "@id": "node/12242770306",
        "amenity": "pharmacy",
        "healthcare": "pharmacy",
        "name": "Medsave Pharmacy"
      },
      "geometry": {
        "type": "Point",
        "coordinates": [
          110.3621095,
          1.5077343
        ]
      },
      "id": "node/12242770306"
    },
    {
      "type": "Feature",
      "properties": {
        "@id": "node/12243242714",
        "amenity": "pharmacy",
        "healthcare": "pharmacy",
        "name": "Gardencity Pharmacy"
      },
      "geometry": {
        "type": "Point",
        "coordinates": [
          110.3789212,
          1.5186791
        ]
      },
      "id": "node/12243242714"
    },
    {
      "type": "Feature",
      "properties": {
        "@id": "node/12245072079",
        "amenity": "clinic",
        "healthcare": "clinic",
        "name": "Klinik Everbright"
      },
      "geometry": {
        "type": "Point",
        "coordinates": [
          110.3358448,
          1.5192507
        ]
      },
      "id": "node/12245072079"
    },
    {
      "type": "Feature",
      "properties": {
        "@id": "node/12245155439",
        "amenity": "clinic",
        "healthcare": "clinic",
        "name": "Prima Medical Clinic"
      },
      "geometry": {
        "type": "Point",
        "coordinates": [
          110.3376978,
          1.529455
        ]
      },
      "id": "node/12245155439"
    },
    {
      "type": "Feature",
      "properties": {
        "@id": "node/12248042833",
        "addr:city": "Lutong",
        "addr:housenumber": "1581",
        "addr:postcode": "98000",
        "addr:street": "Jalan Senadin",
        "amenity": "pharmacy",
        "contact:facebook": "https://www.facebook.com/marinapharmacymiri/",
        "dispensing": "yes",
        "drive_through": "no",
        "healthcare": "pharmacy",
        "name": "Marina Pharmacy",
        "opening_hours": "Mo-Sa 09:00-18:00; Su 09:00-17:00"
      },
      "geometry": {
        "type": "Point",
        "coordinates": [
          114.006775,
          4.4736
        ]
      },
      "id": "node/12248042833"
    },
    {
      "type": "Feature",
      "properties": {
        "@id": "node/12265006266",
        "amenity": "clinic",
        "healthcare": "clinic",
        "name": "Klinik Yii"
      },
      "geometry": {
        "type": "Point",
        "coordinates": [
          110.353913,
          1.5439971
        ]
      },
      "id": "node/12265006266"
    },
    {
      "type": "Feature",
      "properties": {
        "@id": "node/12270016837",
        "amenity": "pharmacy",
        "healthcare": "pharmacy",
        "name": "Kincentre Pharmacy"
      },
      "geometry": {
        "type": "Point",
        "coordinates": [
          110.3501907,
          1.5039042
        ]
      },
      "id": "node/12270016837"
    },
    {
      "type": "Feature",
      "properties": {
        "@id": "node/12270063795",
        "amenity": "clinic",
        "healthcare": "clinic",
        "name": "Klinik Perdana"
      },
      "geometry": {
        "type": "Point",
        "coordinates": [
          110.3499285,
          1.5039082
        ]
      },
      "id": "node/12270063795"
    },
    {
      "type": "Feature",
      "properties": {
        "@id": "node/12280932912",
        "amenity": "pharmacy",
        "dispensing": "no",
        "drive_through": "no",
        "healthcare": "pharmacy",
        "name": "Toko Istana Obat",
        "opening_hours": "Mo-Su 08:00-23:00",
        "payment:cash": "yes"
      },
      "geometry": {
        "type": "Point",
        "coordinates": [
          114.5901446,
          -3.2923014
        ]
      },
      "id": "node/12280932912"
    },
    {
      "type": "Feature",
      "properties": {
        "@id": "node/12281574801",
        "addr:city": "Miri",
        "addr:housenumber": "UGF 1.3-1.5",
        "addr:postcode": "98000",
        "addr:street": "Jalan Boulevard Utama",
        "amenity": "pharmacy",
        "branch": "Boulevard Shopping Mall",
        "brand": "Guardian",
        "brand:wikidata": "Q63371124",
        "drive_through": "no",
        "healthcare": "pharmacy",
        "mobile": "011-6339 8409",
        "name": "Guardian",
        "opening_hours": "Mo-Su 10:00-22:00",
        "phone": "085-423 633"
      },
      "geometry": {
        "type": "Point",
        "coordinates": [
          114.0128354,
          4.4154491
        ]
      },
      "id": "node/12281574801"
    },
    {
      "type": "Feature",
      "properties": {
        "@id": "node/12284691664",
        "amenity": "pharmacy",
        "healthcare": "pharmacy",
        "name": "Wee Care Pharmacy"
      },
      "geometry": {
        "type": "Point",
        "coordinates": [
          110.302293,
          1.4951766
        ]
      },
      "id": "node/12284691664"
    },
    {
      "type": "Feature",
      "properties": {
        "@id": "node/12284763788",
        "amenity": "clinic",
        "healthcare": "clinic",
        "name": "Kang Family Clinic"
      },
      "geometry": {
        "type": "Point",
        "coordinates": [
          110.3010157,
          1.4950762
        ]
      },
      "id": "node/12284763788"
    },
    {
      "type": "Feature",
      "properties": {
        "@id": "node/12284972697",
        "amenity": "clinic",
        "healthcare": "clinic",
        "name": "Tan Specialist Child & Family Clinic"
      },
      "geometry": {
        "type": "Point",
        "coordinates": [
          110.348202,
          1.5012646
        ]
      },
      "id": "node/12284972697"
    },
    {
      "type": "Feature",
      "properties": {
        "@id": "node/12284993566",
        "amenity": "pharmacy",
        "healthcare": "pharmacy",
        "name": "Life Pro Pharmacy"
      },
      "geometry": {
        "type": "Point",
        "coordinates": [
          110.3477761,
          1.5014526
        ]
      },
      "id": "node/12284993566"
    },
    {
      "type": "Feature",
      "properties": {
        "@id": "node/12298858074",
        "amenity": "pharmacy",
        "healthcare": "pharmacy",
        "name": "Lifemap Pharmacy"
      },
      "geometry": {
        "type": "Point",
        "coordinates": [
          110.3752524,
          1.5058564
        ]
      },
      "id": "node/12298858074"
    },
    {
      "type": "Feature",
      "properties": {
        "@id": "node/12298990251",
        "amenity": "clinic",
        "healthcare": "clinic",
        "name": "Pristine Clinic"
      },
      "geometry": {
        "type": "Point",
        "coordinates": [
          110.3736875,
          1.5065107
        ]
      },
      "id": "node/12298990251"
    },
    {
      "type": "Feature",
      "properties": {
        "@id": "node/12308915371",
        "amenity": "clinic",
        "healthcare": "clinic",
        "name": "Klinik Chai"
      },
      "geometry": {
        "type": "Point",
        "coordinates": [
          110.3336033,
          1.5181857
        ]
      },
      "id": "node/12308915371"
    },
    {
      "type": "Feature",
      "properties": {
        "@id": "node/12308967923",
        "amenity": "clinic",
        "healthcare": "clinic",
        "name": "B. Teo's Family Clinic"
      },
      "geometry": {
        "type": "Point",
        "coordinates": [
          110.33753,
          1.5369227
        ]
      },
      "id": "node/12308967923"
    },
    {
      "type": "Feature",
      "properties": {
        "@id": "node/12308979380",
        "amenity": "clinic",
        "healthcare": "clinic",
        "name": "Klinik Dr Ng Wee Kok"
      },
      "geometry": {
        "type": "Point",
        "coordinates": [
          110.337369,
          1.5349503
        ]
      },
      "id": "node/12308979380"
    },
    {
      "type": "Feature",
      "properties": {
        "@id": "node/12309160310",
        "amenity": "pharmacy",
        "healthcare": "pharmacy",
        "name": "Aeon Wellness"
      },
      "geometry": {
        "type": "Point",
        "coordinates": [
          110.3371207,
          1.5283993
        ]
      },
      "id": "node/12309160310"
    },
    {
      "type": "Feature",
      "properties": {
        "@id": "node/12309170538",
        "amenity": "pharmacy",
        "brand": "Guardian",
        "brand:wikidata": "Q63371124",
        "healthcare": "pharmacy",
        "name": "Guardian"
      },
      "geometry": {
        "type": "Point",
        "coordinates": [
          110.3370596,
          1.5278663
        ]
      },
      "id": "node/12309170538"
    },
    {
      "type": "Feature",
      "properties": {
        "@id": "node/12309251255",
        "amenity": "pharmacy",
        "healthcare": "pharmacy",
        "name": "Watsons Eastern Mall Siburan",
        "opening_hours": "Mo-Su 09:30-21:30",
        "operator": "Watsons"
      },
      "geometry": {
        "type": "Point",
        "coordinates": [
          110.4024575,
          1.363863
        ]
      },
      "id": "node/12309251255"
    },
    {
      "type": "Feature",
      "properties": {
        "@id": "node/12309332859",
        "amenity": "pharmacy",
        "brand": "Watsons",
        "brand:wikidata": "Q7974785",
        "healthcare": "pharmacy",
        "name": "Watsons"
      },
      "geometry": {
        "type": "Point",
        "coordinates": [
          110.3372475,
          1.5283975
        ]
      },
      "id": "node/12309332859"
    },
    {
      "type": "Feature",
      "properties": {
        "@id": "node/12320194290",
        "amenity": "clinic",
        "healthcare": "clinic",
        "name": "HealCare"
      },
      "geometry": {
        "type": "Point",
        "coordinates": [
          109.3518055,
          -0.0586849
        ]
      },
      "id": "node/12320194290"
    },
    {
      "type": "Feature",
      "properties": {
        "@id": "node/12323361218",
        "amenity": "pharmacy",
        "healthcare": "pharmacy",
        "name": "PMG Pharmacy Selangau",
        "opening_hours": "Mo-Su 08:00-20:00",
        "operator": "PMG"
      },
      "geometry": {
        "type": "Point",
        "coordinates": [
          112.3241252,
          2.5253578
        ]
      },
      "id": "node/12323361218"
    },
    {
      "type": "Feature",
      "properties": {
        "@id": "node/12324800496",
        "amenity": "pharmacy",
        "healthcare": "pharmacy",
        "name": "Pokiong Pharmacy (Selangau)"
      },
      "geometry": {
        "type": "Point",
        "coordinates": [
          112.3252299,
          2.5228734
        ]
      },
      "id": "node/12324800496"
    },
    {
      "type": "Feature",
      "properties": {
        "@id": "node/12326965150",
        "addr:city": "Miri",
        "addr:housenumber": "526",
        "addr:postcode": "98000",
        "addr:street": "Jalan Chia Tze Chin",
        "amenity": "clinic",
        "healthcare": "clinic",
        "healthcare:speciality": "general;dental_oral_maxillo_facial_surgery",
        "name": "Klinik Kesihatan UTC Miri",
        "opening_hours": "Mo-Th 08:00-19:00; Fr 08:00-11:45,14:15-19:00; Sa-Su 08:00-17:00",
        "phone": "085-423 533;085-429 433;085-436 533"
      },
      "geometry": {
        "type": "Point",
        "coordinates": [
          113.9889778,
          4.3930453
        ]
      },
      "id": "node/12326965150"
    },
    {
      "type": "Feature",
      "properties": {
        "@id": "node/12328164929",
        "amenity": "pharmacy",
        "healthcare": "pharmacy",
        "name": "Grace Pharmacy"
      },
      "geometry": {
        "type": "Point",
        "coordinates": [
          112.3257741,
          2.52465
        ]
      },
      "id": "node/12328164929"
    },
    {
      "type": "Feature",
      "properties": {
        "@id": "node/12330655259",
        "amenity": "clinic",
        "healthcare": "clinic",
        "name": "Taman Malihah Health Clinic",
        "operator": "Kementerian Kesihatan Malaysia",
        "operator:short": "KKM",
        "operator:type": "government",
        "operator:wikidata": "Q4294352"
      },
      "geometry": {
        "type": "Point",
        "coordinates": [
          110.2542996,
          1.5551016
        ]
      },
      "id": "node/12330655259"
    },
    {
      "type": "Feature",
      "properties": {
        "@id": "node/12331262180",
        "amenity": "pharmacy",
        "healthcare": "pharmacy",
        "name": "PMG Pharmacy (Malihah)"
      },
      "geometry": {
        "type": "Point",
        "coordinates": [
          110.2518369,
          1.5542552
        ]
      },
      "id": "node/12331262180"
    },
    {
      "type": "Feature",
      "properties": {
        "@id": "node/12331262181",
        "amenity": "clinic",
        "healthcare": "clinic",
        "name": "Malihah Medical Clinic"
      },
      "geometry": {
        "type": "Point",
        "coordinates": [
          110.2509985,
          1.5544007
        ]
      },
      "id": "node/12331262181"
    },
    {
      "type": "Feature",
      "properties": {
        "@id": "node/12331262189",
        "amenity": "clinic",
        "healthcare": "clinic",
        "name": "Klinik Aniza"
      },
      "geometry": {
        "type": "Point",
        "coordinates": [
          110.2499927,
          1.5545661
        ]
      },
      "id": "node/12331262189"
    },
    {
      "type": "Feature",
      "properties": {
        "@id": "node/12345713915",
        "amenity": "clinic",
        "healthcare": "clinic",
        "name": "Century Care Clinic"
      },
      "geometry": {
        "type": "Point",
        "coordinates": [
          110.361931,
          1.5454414
        ]
      },
      "id": "node/12345713915"
    },
    {
      "type": "Feature",
      "properties": {
        "@id": "node/12345939907",
        "amenity": "clinic",
        "healthcare": "clinic",
        "name": "Klinik Tony Sim Tong Aik"
      },
      "geometry": {
        "type": "Point",
        "coordinates": [
          110.381319,
          1.5522113
        ]
      },
      "id": "node/12345939907"
    },
    {
      "type": "Feature",
      "properties": {
        "@id": "node/12347482058",
        "amenity": "clinic",
        "healthcare": "clinic",
        "name": "Klinik Kesihatan Ibu Dan Anak Sekama",
        "operator": "Kementerian Kesihatan Malaysia",
        "operator:short": "KKM",
        "operator:wikidata": "Q4294352"
      },
      "geometry": {
        "type": "Point",
        "coordinates": [
          110.3625716,
          1.5451021
        ]
      },
      "id": "node/12347482058"
    },
    {
      "type": "Feature",
      "properties": {
        "@id": "node/12347485527",
        "amenity": "clinic",
        "healthcare": "clinic",
        "name": "Lu Medical Clinic"
      },
      "geometry": {
        "type": "Point",
        "coordinates": [
          110.3636812,
          1.5456664
        ]
      },
      "id": "node/12347485527"
    },
    {
      "type": "Feature",
      "properties": {
        "@id": "node/12347584449",
        "amenity": "pharmacy",
        "healthcare": "pharmacy",
        "name": "Sekama Pharmacy"
      },
      "geometry": {
        "type": "Point",
        "coordinates": [
          110.364428,
          1.546106
        ]
      },
      "id": "node/12347584449"
    },
    {
      "type": "Feature",
      "properties": {
        "@id": "node/12347611304",
        "amenity": "clinic",
        "healthcare": "clinic",
        "name": "Clinic Dr Ng Sheau Phun"
      },
      "geometry": {
        "type": "Point",
        "coordinates": [
          110.3610412,
          1.5444492
        ]
      },
      "id": "node/12347611304"
    },
    {
      "type": "Feature",
      "properties": {
        "@id": "node/12347617971",
        "amenity": "clinic",
        "healthcare": "clinic",
        "name": "Dr Chong Mui Chun Clinic"
      },
      "geometry": {
        "type": "Point",
        "coordinates": [
          110.3601051,
          1.5440936
        ]
      },
      "id": "node/12347617971"
    },
    {
      "type": "Feature",
      "properties": {
        "@id": "node/12369856565",
        "addr:city": "Miri",
        "addr:housenumber": "1041",
        "addr:postcode": "98000",
        "addr:street": "Jalan Selesa",
        "amenity": "clinic",
        "healthcare": "clinic",
        "name": "Columbia Specialist Clinic",
        "opening_hours": "Mo-Fr 08:00-17:00; Sa 08:00-12:00",
        "operator": "Columbia Asia Hospital Miri",
        "operator:type": "private",
        "website": "https://www.columbiaasia.com/malaysia/hospitals/miri/"
      },
      "geometry": {
        "type": "Point",
        "coordinates": [
          114.0017635,
          4.4110788
        ]
      },
      "id": "node/12369856565"
    },
    {
      "type": "Feature",
      "properties": {
        "@id": "node/12387516782",
        "amenity": "clinic",
        "name": "Puskesmas Kayutangi"
      },
      "geometry": {
        "type": "Point",
        "coordinates": [
          114.5951097,
          -3.2911273
        ]
      },
      "id": "node/12387516782"
    },
    {
      "type": "Feature",
      "properties": {
        "@id": "node/12411940505",
        "amenity": "clinic",
        "name": "Main Clinic Permata Bunda"
      },
      "geometry": {
        "type": "Point",
        "coordinates": [
          116.1897291,
          -1.9022802
        ]
      },
      "id": "node/12411940505"
    },
    {
      "type": "Feature",
      "properties": {
        "@id": "node/12415569928",
        "addr:city": "Miri",
        "addr:housenumber": "1286",
        "addr:postcode": "98000",
        "addr:street": "Jalan Parry",
        "amenity": "clinic",
        "healthcare": "clinic",
        "name": "Klinik Permaisuri"
      },
      "geometry": {
        "type": "Point",
        "coordinates": [
          113.9910952,
          4.3979089
        ]
      },
      "id": "node/12415569928"
    },
    {
      "type": "Feature",
      "properties": {
        "@id": "node/12438371600",
        "amenity": "clinic",
        "healthcare": "clinic",
        "name": "LS Clinic"
      },
      "geometry": {
        "type": "Point",
        "coordinates": [
          110.3419347,
          1.5005971
        ]
      },
      "id": "node/12438371600"
    },
    {
      "type": "Feature",
      "properties": {
        "@id": "node/12438380074",
        "amenity": "pharmacy",
        "healthcare": "pharmacy",
        "name": "Kingdom Pharmacy"
      },
      "geometry": {
        "type": "Point",
        "coordinates": [
          110.3418623,
          1.5005729
        ]
      },
      "id": "node/12438380074"
    },
    {
      "type": "Feature",
      "properties": {
        "@id": "node/12450905862",
        "amenity": "clinic",
        "healthcare": "clinic",
        "name": "Public Clinic"
      },
      "geometry": {
        "type": "Point",
        "coordinates": [
          110.3285036,
          1.5183457
        ]
      },
      "id": "node/12450905862"
    },
    {
      "type": "Feature",
      "properties": {
        "@id": "node/12450975375",
        "amenity": "pharmacy",
        "brand": "Guardian",
        "brand:wikidata": "Q63371124",
        "healthcare": "pharmacy",
        "name": "Guardian"
      },
      "geometry": {
        "type": "Point",
        "coordinates": [
          110.3096867,
          1.5113567
        ]
      },
      "id": "node/12450975375"
    },
    {
      "type": "Feature",
      "properties": {
        "@id": "node/12450992009",
        "amenity": "pharmacy",
        "healthcare": "pharmacy",
        "name": "Alpro"
      },
      "geometry": {
        "type": "Point",
        "coordinates": [
          110.3096143,
          1.5113287
        ]
      },
      "id": "node/12450992009"
    },
    {
      "type": "Feature",
      "properties": {
        "@id": "node/12455972155",
        "amenity": "hospital",
        "healthcare": "hospital",
        "healthcare:speciality": "bidan",
        "name": "Poskesdes Desa Tamiang",
        "operator": "Eka Fitri Hardiyanti",
        "operator:type": "public"
      },
      "geometry": {
        "type": "Point",
        "coordinates": [
          116.2961199,
          -2.4314459
        ]
      },
      "id": "node/12455972155"
    },
    {
      "type": "Feature",
      "properties": {
        "@id": "node/12466733280",
        "amenity": "clinic",
        "healthcare": "clinic",
        "name": "London Fertility Centre"
      },
      "geometry": {
        "type": "Point",
        "coordinates": [
          110.3376268,
          1.5246752
        ]
      },
      "id": "node/12466733280"
    },
    {
      "type": "Feature",
      "properties": {
        "@id": "node/12479859084",
        "amenity": "clinic",
        "name": "Puskesmas Margasari"
      },
      "geometry": {
        "type": "Point",
        "coordinates": [
          114.9292673,
          -2.8753288
        ]
      },
      "id": "node/12479859084"
    },
    {
      "type": "Feature",
      "properties": {
        "@id": "node/12480067102",
        "amenity": "clinic",
        "name": "Poskesdes Nateh"
      },
      "geometry": {
        "type": "Point",
        "coordinates": [
          115.5584411,
          -2.52325
        ]
      },
      "id": "node/12480067102"
    },
    {
      "type": "Feature",
      "properties": {
        "@id": "node/12560986961",
        "amenity": "hospital",
        "healthcare": "hospital",
        "name": "Klinik Kesihatan Teng Bukap",
        "operator": "Kementerian Kesihatan Malaysia"
      },
      "geometry": {
        "type": "Point",
        "coordinates": [
          110.3659384,
          1.2081197
        ]
      },
      "id": "node/12560986961"
    },
    {
      "type": "Feature",
      "properties": {
        "@id": "node/12712311179",
        "addr:city": "Banjarbaru",
        "addr:street": "Jalan Panglima Batur Timur",
        "amenity": "hospital",
        "emergency": "yes",
        "healthcare": "hospital",
        "healthcare:speciality": "general",
        "name": "Rumah Sakit Umum Nirwana"
      },
      "geometry": {
        "type": "Point",
        "coordinates": [
          114.8404189,
          -3.4391909
        ]
      },
      "id": "node/12712311179"
    },
    {
      "type": "Feature",
      "properties": {
        "@id": "node/12749892399",
        "addr:city": "Banjarbaru",
        "addr:street": "Jalan Lanan",
        "amenity": "pharmacy",
        "healthcare": "pharmacy",
        "name": "Apotek Anna"
      },
      "geometry": {
        "type": "Point",
        "coordinates": [
          114.8297993,
          -3.4435287
        ]
      },
      "id": "node/12749892399"
    },
    {
      "type": "Feature",
      "properties": {
        "@id": "node/12778741076",
        "amenity": "doctors",
        "healthcare": "doctor",
        "name": "Specialist Eye Centre"
      },
      "geometry": {
        "type": "Point",
        "coordinates": [
          110.352902,
          1.5127412
        ]
      },
      "id": "node/12778741076"
    },
    {
      "type": "Feature",
      "properties": {
        "@id": "node/12898376349",
        "amenity": "clinic",
        "healthcare": "clinic",
        "name": "Apotek Murni"
      },
      "geometry": {
        "type": "Point",
        "coordinates": [
          109.3585932,
          -0.0738623
        ]
      },
      "id": "node/12898376349"
    },
    {
      "type": "Feature",
      "properties": {
        "@id": "node/12898376361",
        "amenity": "clinic",
        "contact:whatsapp": "+62 813-4716-6556",
        "healthcare": "clinic",
        "name": "Cantik Aesthetic Clinic"
      },
      "geometry": {
        "type": "Point",
        "coordinates": [
          109.3588703,
          -0.0733716
        ]
      },
      "id": "node/12898376361"
    },
    {
      "type": "Feature",
      "properties": {
        "@id": "node/12898376367",
        "amenity": "clinic",
        "contact:phone": "+62 8125635308",
        "healthcare": "clinic",
        "name": "Klinik Kasih Karunia",
        "opening_hours": "Mo-Sa 09:00-16:00"
      },
      "geometry": {
        "type": "Point",
        "coordinates": [
          109.3585659,
          -0.0739191
        ]
      },
      "id": "node/12898376367"
    },
    {
      "type": "Feature",
      "properties": {
        "@id": "node/12898376370",
        "amenity": "clinic",
        "contact:whatsapp": "+62 896-6955-9001",
        "healthcare": "clinic",
        "name": "Apotek Kasih"
      },
      "geometry": {
        "type": "Point",
        "coordinates": [
          109.3583721,
          -0.0741551
        ]
      },
      "id": "node/12898376370"
    },
    {
      "type": "Feature",
      "properties": {
        "@id": "node/12945875164",
        "amenity": "pharmacy",
        "branch": "Lepapa Sri Aman",
        "brand": "Watsons",
        "brand:wikidata": "Q7974785",
        "healthcare": "pharmacy",
        "name": "Watsons"
      },
      "geometry": {
        "type": "Point",
        "coordinates": [
          111.4677466,
          1.2207885
        ]
      },
      "id": "node/12945875164"
    },
    {
      "type": "Feature",
      "properties": {
        "@id": "node/12945875165",
        "amenity": "pharmacy",
        "branch": "Lepapa Sri Aman",
        "brand": "Guardian",
        "brand:wikidata": "Q63371124",
        "healthcare": "pharmacy",
        "name": "Guardian"
      },
      "geometry": {
        "type": "Point",
        "coordinates": [
          111.4677096,
          1.2203695
        ]
      },
      "id": "node/12945875165"
    },
    {
      "type": "Feature",
      "properties": {
        "@id": "node/12956107983",
        "addr:city": "Kubu Raya",
        "addr:district": "Sungai Raya",
        "addr:housename": "Ruko Sebelah Tribunews Pontianak",
        "addr:postcode": "78117",
        "addr:province": "kalimantan barat",
        "addr:street": "Ceria 2",
        "addr:subdistrict": "Sungai Raya",
        "addr:unit": "1-2",
        "amenity": "clinic",
        "healthcare": "clinic",
        "healthcare:speciality": "plastic_surgery",
        "name": "IPW Plastic Surgery & Aesthetic Clinic"
      },
      "geometry": {
        "type": "Point",
        "coordinates": [
          109.3619925,
          -0.0691255
        ]
      },
      "id": "node/12956107983"
    },
    {
      "type": "Feature",
      "properties": {
        "@id": "node/12974196835",
        "amenity": "pharmacy",
        "brand": "Watsons",
        "brand:wikidata": "Q7974785",
        "healthcare": "pharmacy",
        "name": "Watsons"
      },
      "geometry": {
        "type": "Point",
        "coordinates": [
          112.9435057,
          2.0158725
        ]
      },
      "id": "node/12974196835"
    },
    {
      "type": "Feature",
      "properties": {
        "@id": "node/12981721267",
        "amenity": "pharmacy",
        "healthcare": "pharmacy",
        "name": "PMG Pharmacy",
        "operator": "PMG Pharmacy (Daro) Sdn. Bhd."
      },
      "geometry": {
        "type": "Point",
        "coordinates": [
          111.4331579,
          2.5139671
        ]
      },
      "id": "node/12981721267"
    },
    {
      "type": "Feature",
      "properties": {
        "@id": "node/12988885379",
        "amenity": "pharmacy",
        "dispensing": "yes",
        "drive_through": "no",
        "email": "QSAJHF@alpropharmacy.com",
        "healthcare": "pharmacy",
        "name": "ALPRO Pharmacy Sri Aman",
        "opening_hours": "Mo-Su 07:30-20:30",
        "operator": "Alpro",
        "phone": "019-7714923"
      },
      "geometry": {
        "type": "Point",
        "coordinates": [
          111.4616786,
          1.2359711
        ]
      },
      "id": "node/12988885379"
    },
    {
      "type": "Feature",
      "properties": {
        "@id": "node/13020914205",
        "amenity": "clinic",
        "healthcare": "clinic",
        "name": "Dr. Lau's Medical Clinic"
      },
      "geometry": {
        "type": "Point",
        "coordinates": [
          111.4590467,
          1.2353217
        ]
      },
      "id": "node/13020914205"
    },
    {
      "type": "Feature",
      "properties": {
        "@id": "node/13020922341",
        "amenity": "pharmacy",
        "healthcare": "pharmacy",
        "name": "My Health"
      },
      "geometry": {
        "type": "Point",
        "coordinates": [
          111.4591158,
          1.2353208
        ]
      },
      "id": "node/13020922341"
    },
    {
      "type": "Feature",
      "properties": {
        "@id": "node/13022507485",
        "amenity": "pharmacy",
        "branch": "Plaza Simanggang",
        "brand": "Watsons",
        "brand:wikidata": "Q7974785",
        "healthcare": "pharmacy",
        "name": "Watsons"
      },
      "geometry": {
        "type": "Point",
        "coordinates": [
          111.4580816,
          1.2360821
        ]
      },
      "id": "node/13022507485"
    },
    {
      "type": "Feature",
      "properties": {
        "@id": "node/13022729593",
        "amenity": "clinic",
        "healthcare": "clinic",
        "name": "Klinik Dr. Guang Seng Wu"
      },
      "geometry": {
        "type": "Point",
        "coordinates": [
          111.4635696,
          1.235128
        ]
      },
      "id": "node/13022729593"
    },
    {
      "type": "Feature",
      "properties": {
        "@id": "node/13033171673",
        "amenity": "clinic",
        "healthcare": "clinic",
        "name": "Kuching Specialist Hospital"
      },
      "geometry": {
        "type": "Point",
        "coordinates": [
          111.4640946,
          1.2368545
        ]
      },
      "id": "node/13033171673"
    },
    {
      "type": "Feature",
      "properties": {
        "@id": "node/13033181509",
        "amenity": "pharmacy",
        "healthcare": "pharmacy",
        "name": "Sing Lee Tong Drug Store"
      },
      "geometry": {
        "type": "Point",
        "coordinates": [
          111.4632938,
          1.2378019
        ]
      },
      "id": "node/13033181509"
    },
    {
      "type": "Feature",
      "properties": {
        "@id": "node/13045438904",
        "amenity": "hospital",
        "healthcare": "hospital",
        "name": "POSHYANDU"
      },
      "geometry": {
        "type": "Point",
        "coordinates": [
          115.2039742,
          -1.7964185
        ]
      },
      "id": "node/13045438904"
    },
    {
      "type": "Feature",
      "properties": {
        "@id": "node/13049373021",
        "amenity": "clinic",
        "healthcare": "clinic",
        "name": "Klinik Kesihatan Tanjung Bijat",
        "operator": "Kementerian Kesihatan Malaysia",
        "operator:short": "KKM",
        "operator:type": "government",
        "operator:wikidata": "Q4294352"
      },
      "geometry": {
        "type": "Point",
        "coordinates": [
          111.3867035,
          1.345964
        ]
      },
      "id": "node/13049373021"
    },
    {
      "type": "Feature",
      "properties": {
        "@id": "node/13057255277",
        "amenity": "clinic",
        "healthcare": "clinic",
        "name": "Klinik Kesihatan Lubok Antu",
        "operator": "Kementerian Kesihatan Malaysia",
        "operator:short": "KKM",
        "operator:type": "government",
        "operator:wikidata": "Q4294352"
      },
      "geometry": {
        "type": "Point",
        "coordinates": [
          111.8360185,
          1.0417901
        ]
      },
      "id": "node/13057255277"
    },
    {
      "type": "Feature",
      "properties": {
        "@id": "node/13068142396",
        "amenity": "clinic",
        "healthcare": "clinic",
        "name": "Dr. Sia Medical Clinic"
      },
      "geometry": {
        "type": "Point",
        "coordinates": [
          111.4611713,
          1.2368716
        ]
      },
      "id": "node/13068142396"
    },
    {
      "type": "Feature",
      "properties": {
        "@id": "node/13070250028",
        "amenity": "hospital",
        "healthcare": "hospital",
        "name": "Klinik Komuniti Betong",
        "operator": "Kementerian Kesihatan Malaysia",
        "operator:short": "KKM",
        "operator:type": "government",
        "operator:wikidata": "Q4294352"
      },
      "geometry": {
        "type": "Point",
        "coordinates": [
          111.5350873,
          1.4024789
        ]
      },
      "id": "node/13070250028"
    },
    {
      "type": "Feature",
      "properties": {
        "@id": "node/13070261035",
        "amenity": "pharmacy",
        "branch": "Betong",
        "brand": "Watsons",
        "brand:wikidata": "Q7974785",
        "healthcare": "pharmacy",
        "name": "Watsons"
      },
      "geometry": {
        "type": "Point",
        "coordinates": [
          111.5354717,
          1.4049057
        ]
      },
      "id": "node/13070261035"
    },
    {
      "type": "Feature",
      "properties": {
        "@id": "node/13099648500",
        "amenity": "clinic",
        "healthcare": "clinic",
        "name": "Lingam Family Clinic"
      },
      "geometry": {
        "type": "Point",
        "coordinates": [
          110.3358496,
          1.55032
        ]
      },
      "id": "node/13099648500"
    },
    {
      "type": "Feature",
      "properties": {
        "@id": "node/13099649219",
        "amenity": "clinic",
        "healthcare": "clinic",
        "name": "Dr. Wong Kee Ai Family Clinic"
      },
      "geometry": {
        "type": "Point",
        "coordinates": [
          110.3560767,
          1.540904
        ]
      },
      "id": "node/13099649219"
    },
    {
      "type": "Feature",
      "properties": {
        "@id": "node/13099682368",
        "amenity": "doctors",
        "healthcare": "doctor",
        "healthcare:speciality": "dermatology",
        "name": "Dermacare Advance Beauty Treatment Centre"
      },
      "geometry": {
        "type": "Point",
        "coordinates": [
          110.3424643,
          1.5252068
        ]
      },
      "id": "node/13099682368"
    },
    {
      "type": "Feature",
      "properties": {
        "@id": "node/13099979875",
        "amenity": "veterinary_pharmacy",
        "name": "PM Veterinary Clinic • Sri Aman"
      },
      "geometry": {
        "type": "Point",
        "coordinates": [
          111.4643717,
          1.2349652
        ]
      },
      "id": "node/13099979875"
    },
    {
      "type": "Feature",
      "properties": {
        "@id": "node/13099998304",
        "amenity": "pharmacy",
        "healthcare": "pharmacy",
        "name": "PMG Pharmacy"
      },
      "geometry": {
        "type": "Point",
        "coordinates": [
          111.4638205,
          1.2361877
        ]
      },
      "id": "node/13099998304"
    },
    {
      "type": "Feature",
      "properties": {
        "@id": "node/13099998305",
        "amenity": "clinic",
        "healthcare": "clinic",
        "name": "PMG Clinic"
      },
      "geometry": {
        "type": "Point",
        "coordinates": [
          111.4638602,
          1.2361094
        ]
      },
      "id": "node/13099998305"
    },
    {
      "type": "Feature",
      "properties": {
        "@id": "node/13099998312",
        "amenity": "pharmacy",
        "healthcare": "pharmacy",
        "name": "Farmasi Ting",
        "name:en": "Ting Pharmacy"
      },
      "geometry": {
        "type": "Point",
        "coordinates": [
          111.4634415,
          1.2358301
        ]
      },
      "id": "node/13099998312"
    },
    {
      "type": "Feature",
      "properties": {
        "@id": "node/13102956567",
        "amenity": "pharmacy",
        "healthcare": "pharmacy",
        "name": "Pejabat Farmasi Bahagian Sri Aman",
        "operator": "Kementerian Kesihatan Malaysia"
      },
      "geometry": {
        "type": "Point",
        "coordinates": [
          111.4616922,
          1.2341327
        ]
      },
      "id": "node/13102956567"
    },
    {
      "type": "Feature",
      "properties": {
        "@id": "node/13115654397",
        "amenity": "clinic",
        "healthcare": "clinic",
        "name": "PMG Medical Clinic"
      },
      "geometry": {
        "type": "Point",
        "coordinates": [
          110.3273104,
          1.428315
        ]
      },
      "id": "node/13115654397"
    },
    {
      "type": "Feature",
      "properties": {
        "@id": "node/13139867101",
        "addr:street": "Jalan AMD Gunung Empat",
        "amenity": "clinic",
        "capacity:persons": "50",
        "healthcare": "clinic",
        "name": "Posyandu Gatra Mulya",
        "operator": "Posyandu",
        "operator:type": "private",
        "operator:wikidata": "Q12506263",
        "rooms": "2"
      },
      "geometry": {
        "type": "Point",
        "coordinates": [
          116.8244223,
          -1.2211076
        ]
      },
      "id": "node/13139867101"
    },
    {
      "type": "Feature",
      "properties": {
        "@id": "node/13298874329",
        "amenity": "pharmacy",
        "healthcare": "pharmacy",
        "name": "PMG Pharmacy Serian"
      },
      "geometry": {
        "type": "Point",
        "coordinates": [
          110.5668796,
          1.1647094
        ]
      },
      "id": "node/13298874329"
    },
    {
      "type": "Feature",
      "properties": {
        "@id": "node/13298874330",
        "amenity": "pharmacy",
        "healthcare": "pharmacy",
        "name": "Alpro Pharmacy Serian"
      },
      "geometry": {
        "type": "Point",
        "coordinates": [
          110.5668241,
          1.164791
        ]
      },
      "id": "node/13298874330"
    },
    {
      "type": "Feature",
      "properties": {
        "@id": "node/13298874331",
        "amenity": "pharmacy",
        "healthcare": "pharmacy",
        "name": "Ting Pharmacy Serian"
      },
      "geometry": {
        "type": "Point",
        "coordinates": [
          110.5667964,
          1.1648372
        ]
      },
      "id": "node/13298874331"
    },
    {
      "type": "Feature",
      "properties": {
        "@id": "node/13307806579",
        "amenity": "pharmacy",
        "healthcare": "pharmacy",
        "name": "PMG Pharmacy 2 Bau"
      },
      "geometry": {
        "type": "Point",
        "coordinates": [
          110.1610252,
          1.4185845
        ]
      },
      "id": "node/13307806579"
    },
    {
      "type": "Feature",
      "properties": {
        "@id": "node/13321476244",
        "amenity": "clinic",
        "healthcare": "clinic",
        "name": "Mukah Medical Clinic"
      },
      "geometry": {
        "type": "Point",
        "coordinates": [
          112.0926639,
          2.8949387
        ]
      },
      "id": "node/13321476244"
    },
    {
      "type": "Feature",
      "properties": {
        "@id": "node/13321476251",
        "amenity": "clinic",
        "healthcare": "clinic",
        "name": "PMG Medical Clinic (Bandar Mukah Baru)"
      },
      "geometry": {
        "type": "Point",
        "coordinates": [
          112.0923421,
          2.8945985
        ]
      },
      "id": "node/13321476251"
    },
    {
      "type": "Feature",
      "properties": {
        "@id": "node/13321476252",
        "amenity": "pharmacy",
        "healthcare": "pharmacy",
        "name": "PMG Pharmacy (Bandar Baru Mukah)"
      },
      "geometry": {
        "type": "Point",
        "coordinates": [
          112.0923233,
          2.8945503
        ]
      },
      "id": "node/13321476252"
    },
    {
      "type": "Feature",
      "properties": {
        "@id": "node/13321476261",
        "amenity": "pharmacy",
        "healthcare": "pharmacy",
        "name": "Setiaraja Pharmacy"
      },
      "geometry": {
        "type": "Point",
        "coordinates": [
          112.0919845,
          2.8941507
        ]
      },
      "id": "node/13321476261"
    },
    {
      "type": "Feature",
      "properties": {
        "@id": "node/13468983659",
        "amenity": "clinic",
        "name": "Puskesmas Maratua"
      },
      "geometry": {
        "type": "Point",
        "coordinates": [
          118.5664138,
          2.2432099
        ]
      },
      "id": "node/13468983659"
    },
    {
      "type": "Feature",
      "properties": {
        "@id": "node/13473251601",
        "amenity": "hospital",
        "name": "Clinic Batu Kajang",
        "opening_hours": "Su-Fr 00:00-24:00"
      },
      "geometry": {
        "type": "Point",
        "coordinates": [
          115.9303493,
          -1.8304537
        ]
      },
      "id": "node/13473251601"
    },
    {
      "type": "Feature",
      "properties": {
        "@id": "node/13475363220",
        "amenity": "hospital",
        "healthcare": "hospital",
        "name": "Rumah Sakit Uni. Tanjung Pura"
      },
      "geometry": {
        "type": "Point",
        "coordinates": [
          109.3457315,
          -0.061875
        ]
      },
      "id": "node/13475363220"
    },
    {
      "type": "Feature",
      "properties": {
        "@id": "node/13508084439",
        "amenity": "hospital",
        "healthcare": "hospital"
      },
      "geometry": {
        "type": "Point",
        "coordinates": [
          115.872242,
          -2.9527354
        ]
      },
      "id": "node/13508084439"
    },
    {
      "type": "Feature",
      "properties": {
        "@id": "node/13508131561",
        "amenity": "hospital",
        "healthcare": "hospital"
      },
      "geometry": {
        "type": "Point",
        "coordinates": [
          115.8695124,
          -2.9506456
        ]
      },
      "id": "node/13508131561"
    },
    {
      "type": "Feature",
      "properties": {
        "@id": "node/13511280623",
        "amenity": "hospital",
        "healthcare": "hospital",
        "name": "Rumah Sakit Bethesda Serukam",
        "name:en": "Bethesda Hospital Serukam",
        "name:id": "Rumah Sakit Bethesda Serukam"
      },
      "geometry": {
        "type": "Point",
        "coordinates": [
          109.332873,
          0.7977049
        ]
      },
      "id": "node/13511280623"
    },
    {
      "type": "Feature",
      "properties": {
        "@id": "node/13518791361",
        "amenity": "pharmacy",
        "name": "Apotek Usyar'a"
      },
      "geometry": {
        "type": "Point",
        "coordinates": [
          116.2754948,
          -0.7372787
        ]
      },
      "id": "node/13518791361"
    },
    {
      "type": "Feature",
      "properties": {
        "@id": "node/13521006211",
        "amenity": "pharmacy",
        "healthcare": "pharmacy",
        "name": "Ting Pharmacy"
      },
      "geometry": {
        "type": "Point",
        "coordinates": [
          112.0952021,
          2.8968565
        ]
      },
      "id": "node/13521006211"
    },
    {
      "type": "Feature",
      "properties": {
        "@id": "node/13589343441",
        "amenity": "doctors",
        "healthcare": "doctor",
        "name": "Dr. Rizki Maulinda"
      },
      "geometry": {
        "type": "Point",
        "coordinates": [
          117.496366,
          2.1444717
        ]
      },
      "id": "node/13589343441"
    },
    {
      "type": "Feature",
      "properties": {
        "@id": "node/13589343442",
        "amenity": "pharmacy",
        "healthcare": "pharmacy",
        "name": "Adam Farma",
        "phone": "+62 853 6133 6009"
      },
      "geometry": {
        "type": "Point",
        "coordinates": [
          117.4964096,
          2.1444282
        ]
      },
      "id": "node/13589343442"
    },
    {
      "type": "Feature",
      "properties": {
        "@id": "node/13589504002",
        "amenity": "pharmacy",
        "healthcare": "pharmacy",
        "name": "Apotek Tataprima"
      },
      "geometry": {
        "type": "Point",
        "coordinates": [
          117.4977922,
          2.1465617
        ]
      },
      "id": "node/13589504002"
    },
    {
      "type": "Feature",
      "properties": {
        "@id": "node/13589504004",
        "amenity": "doctors",
        "healthcare": "doctor",
        "name": "Dr. Indria Paramitha"
      },
      "geometry": {
        "type": "Point",
        "coordinates": [
          117.4974228,
          2.1460324
        ]
      },
      "id": "node/13589504004"
    },
    {
      "type": "Feature",
      "properties": {
        "@id": "node/13589504005",
        "amenity": "pharmacy",
        "healthcare": "pharmacy",
        "name": "Apotek Mandiri Farma",
        "phone": "+62 811 549 2022"
      },
      "geometry": {
        "type": "Point",
        "coordinates": [
          117.4974442,
          2.1460183
        ]
      },
      "id": "node/13589504005"
    },
    {
      "type": "Feature",
      "properties": {
        "@id": "node/13608663448",
        "amenity": "clinic",
        "name": "Klinik Kesihatan Oya"
      },
      "geometry": {
        "type": "Point",
        "coordinates": [
          111.8769358,
          2.8596911
        ]
      },
      "id": "node/13608663448"
    },
    {
      "type": "Feature",
      "properties": {
        "@id": "node/13629948301",
        "amenity": "pharmacy",
        "name": "Apotek La Tahzan Farma",
        "opening_hours": "Su-Th 09:00-16:00; Fr-Sa 15:00-22:00",
        "phone": "+62 822-5113-4463"
      },
      "geometry": {
        "type": "Point",
        "coordinates": [
          116.1855597,
          -1.8995476
        ]
      },
      "id": "node/13629948301"
    },
    {
      "type": "Feature",
      "properties": {
        "@id": "node/13640150388",
        "amenity": "clinic",
        "healthcare": "clinic",
        "name": "Klinik Komuniti Campus Park"
      },
      "geometry": {
        "type": "Point",
        "coordinates": [
          111.8257846,
          2.3420067
        ]
      },
      "id": "node/13640150388"
    },
    {
      "type": "Feature",
      "properties": {
        "@id": "node/13698691603",
        "addr:postcode": "76252",
        "amenity": "clinic",
        "check_date": "2026-04-01",
        "check_date:opening_hours": "2026-04-01",
        "healthcare": "clinic",
        "name": "Klinik EKMS Batu Kajang",
        "opening_hours": "24/7",
        "phone": "+62 852-5095-2156"
      },
      "geometry": {
        "type": "Point",
        "coordinates": [
          115.9181719,
          -1.8244625
        ]
      },
      "id": "node/13698691603"
    },
    {
      "type": "Feature",
      "properties": {
        "@id": "node/13698713502",
        "amenity": "clinic",
        "check_date": "2026-04-01",
        "check_date:opening_hours": "2026-04-01",
        "healthcare": "clinic",
        "name": "Tirta Medical Centre Batu Sopang",
        "opening_hours": "Mo-Sa 08:00-21:00",
        "phone": "+62 813-4955-4990",
        "website": "https://www.tirta.co.id/"
      },
      "geometry": {
        "type": "Point",
        "coordinates": [
          115.8964375,
          -1.8179375
        ]
      },
      "id": "node/13698713502"
    },
    {
      "type": "Feature",
      "properties": {
        "@id": "node/13698720301",
        "amenity": "pharmacy",
        "check_date": "2026-04-01",
        "check_date:opening_hours": "2026-04-01",
        "healthcare": "pharmacy",
        "name": "Apotek Tirta Medical Centre Batu Sopang",
        "opening_hours": "24/7",
        "phone": "+62 813-4955-4990"
      },
      "geometry": {
        "type": "Point",
        "coordinates": [
          115.9210156,
          -1.8275125
        ]
      },
      "id": "node/13698720301"
    },
    {
      "type": "Feature",
      "properties": {
        "@id": "node/13731319053",
        "amenity": "pharmacy",
        "branch": "Mukah",
        "brand": "Watsons",
        "brand:wikidata": "Q7974785",
        "healthcare": "pharmacy",
        "name": "Watsons"
      },
      "geometry": {
        "type": "Point",
        "coordinates": [
          112.0926436,
          2.8904675
        ]
      },
      "id": "node/13731319053"
    },
    {
      "type": "Feature",
      "properties": {
        "@id": "node/13731319058",
        "amenity": "pharmacy",
        "branch": "Mukah",
        "brand": "Guardian",
        "brand:wikidata": "Q63371124",
        "healthcare": "pharmacy",
        "name": "Guardian"
      },
      "geometry": {
        "type": "Point",
        "coordinates": [
          112.0926252,
          2.889883
        ]
      },
      "id": "node/13731319058"
    },
    {
      "type": "Feature",
      "properties": {
        "@id": "node/13731328901",
        "amenity": "pharmacy",
        "healthcare": "pharmacy",
        "name": "Ting's Pharmacy Mukah"
      },
      "geometry": {
        "type": "Point",
        "coordinates": [
          112.0926796,
          2.8910013
        ]
      },
      "id": "node/13731328901"
    },
    {
      "type": "Feature",
      "properties": {
        "@id": "node/13733847301",
        "amenity": "clinic",
        "healthcare": "clinic",
        "name": "Klinik Dr. Wong & Dr. Lau"
      },
      "geometry": {
        "type": "Point",
        "coordinates": [
          112.0892825,
          2.8922198
        ]
      },
      "id": "node/13733847301"
    },
    {
      "type": "Feature",
      "properties": {
        "@id": "node/13736523982",
        "amenity": "clinic",
        "healthcare": "clinic",
        "name": "Klinik Komuniti Mukah",
        "operator": "Kementerian Kesihatan Malaysia",
        "operator:short": "KKM",
        "operator:type": "government",
        "operator:wikidata": "Q4294352"
      },
      "geometry": {
        "type": "Point",
        "coordinates": [
          112.0953307,
          2.8963793
        ]
      },
      "id": "node/13736523982"
    },
    {
      "type": "Feature",
      "properties": {
        "@id": "node/13800369795",
        "addr:city": "tanjung redeb",
        "addr:district": "Berau",
        "addr:postcode": "77315",
        "addr:province": "Kalimantan Timur",
        "addr:street": "Jalan Pulau Panjang",
        "addr:subdistrict": "Tanjung Redeb",
        "amenity": "hospital",
        "healthcare": "hospital",
        "name": "RSUD dr. Abdul Rivai",
        "operator": "Dini",
        "operator:type": "university"
      },
      "geometry": {
        "type": "Point",
        "coordinates": [
          117.4921091,
          2.1467946
        ]
      },
      "id": "node/13800369795"
    },
    {
      "type": "Feature",
      "properties": {
        "@id": "node/13805374927",
        "amenity": "clinic",
        "healthcare": "clinic",
        "name": "Klinik Hasanka"
      },
      "geometry": {
        "type": "Point",
        "coordinates": [
          113.9300673,
          -2.2426754
        ]
      },
      "id": "node/13805374927"
    },
    {
      "type": "Feature",
      "properties": {
        "@id": "node/13817065284",
        "amenity": "clinic",
        "healthcare": "clinic",
        "name": "Klinik Kesihatan Mid-Layar",
        "operator": "Kementerian Kesihatan Malaysia",
        "operator:short": "KKM",
        "operator:type": "government",
        "operator:wikidata": "Q4294352"
      },
      "geometry": {
        "type": "Point",
        "coordinates": [
          111.572408,
          1.4654811
        ]
      },
      "id": "node/13817065284"
    },
    {
      "type": "Feature",
      "properties": {
        "@id": "node/13826375706",
        "amenity": "pharmacy",
        "brand": "Watsons",
        "brand:wikidata": "Q7974785",
        "healthcare": "pharmacy",
        "name": "Watsons"
      },
      "geometry": {
        "type": "Point",
        "coordinates": [
          113.9230349,
          -2.2477845
        ]
      },
      "id": "node/13826375706"
    },
    {
      "type": "Feature",
      "properties": {
        "@id": "node/13826375717",
        "amenity": "pharmacy",
        "brand": "Guardian",
        "brand:wikidata": "Q63371124",
        "healthcare": "pharmacy",
        "name": "Guardian"
      },
      "geometry": {
        "type": "Point",
        "coordinates": [
          113.9234668,
          -2.2478885
        ]
      },
      "id": "node/13826375717"
    },
    {
      "type": "Feature",
      "properties": {
        "@id": "node/13848507569",
        "amenity": "hospital",
        "healthcare": "hospital",
        "name": "Lab Konservasi Tanah, air dan iklim"
      },
      "geometry": {
        "type": "Point",
        "coordinates": [
          117.1530092,
          -0.4717462
        ]
      },
      "id": "node/13848507569"
    },
    {
      "type": "Feature",
      "properties": {
        "@id": "node/13848507571",
        "amenity": "hospital",
        "healthcare": "hospital",
        "name": "Laboratorium Rekayasa dan Pengujian bahan berkayu"
      },
      "geometry": {
        "type": "Point",
        "coordinates": [
          117.1532985,
          -0.4715599
        ]
      },
      "id": "node/13848507571"
    },
    {
      "type": "Feature",
      "properties": {
        "@id": "node/13864779901",
        "addr:street": "Jalan AMD Gunung Empat",
        "amenity": "pharmacy",
        "check_date": "2026-05-23",
        "check_date:opening_hours": "2026-05-23",
        "healthcare": "pharmacy",
        "name": "APOTEK AL KHAYR FARMA",
        "opening_hours": "Mo-Su 09:00-20:00"
      },
      "geometry": {
        "type": "Point",
        "coordinates": [
          116.8261186,
          -1.2286614
        ]
      },
      "id": "node/13864779901"
    },
    {
      "type": "Feature",
      "properties": {
        "@id": "node/13865579784",
        "amenity": "hospital",
        "healthcare": "hospital",
        "name": "Klinik FK Unmul"
      },
      "geometry": {
        "type": "Point",
        "coordinates": [
          117.1562709,
          -0.467187
        ]
      },
      "id": "node/13865579784"
    },
    {
      "type": "Feature",
      "properties": {
        "@id": "node/13865722707",
        "amenity": "hospital",
        "healthcare": "hospital",
        "healthcare:speciality": "allergology;otolaryngology;blood_check;general",
        "name": "Rsud Bontang"
      },
      "geometry": {
        "type": "Point",
        "coordinates": [
          117.4479052,
          0.1428118
        ]
      },
      "id": "node/13865722707"
    },
    {
      "type": "Feature",
      "properties": {
        "@id": "node/13937579176",
        "amenity": "clinic",
        "healthcare": "clinic",
        "name": "Klinik Desa Nanga Kesit",
        "operator": "Kementerian Kesihatan Malaysia",
        "operator:short": "KKM",
        "operator:type": "government",
        "operator:wikidata": "Q4294352"
      },
      "geometry": {
        "type": "Point",
        "coordinates": [
          111.7828517,
          1.2313073
        ]
      },
      "id": "node/13937579176"
    },
    {
      "type": "Feature",
      "properties": {
        "@id": "node/13958819901",
        "addr:city": "Singkawang",
        "addr:district": "Singkawang Utara",
        "addr:postcode": "79151",
        "addr:province": "Kalimantan Barat",
        "addr:village": "Setapuk Kecil",
        "amenity": "clinic",
        "healthcare": "clinic",
        "name": "Puskesmas Singkawang Utara 1",
        "official_name": "UPT Puskesmas Singkawang Utara I",
        "operator": "Dinas Kesehatan dan Keluarga Berencana Kota Singkawang",
        "operator:type": "government"
      },
      "geometry": {
        "type": "Point",
        "coordinates": [
          108.986306,
          0.975979
        ]
      },
      "id": "node/13958819901"
    },
    {
      "type": "Feature",
      "properties": {
        "@id": "node/13971522101",
        "addr:housenumber": "86",
        "addr:street": "Jalan Gunung Slamet",
        "amenity": "clinic",
        "healthcare": "midwife",
        "healthcare:speciality": "midwifery",
        "name": "Bidan Setiawati",
        "official_name": "Praktek Mandiri Bidan Setiawati"
      },
      "geometry": {
        "type": "Point",
        "coordinates": [
          112.946746,
          -2.516763
        ]
      },
      "id": "node/13971522101"
    },
    {
      "type": "Feature",
      "properties": {
        "@id": "node/13971534101",
        "amenity": "clinic",
        "healthcare": "puskesmas",
        "name": "Puskesmas Rabambang",
        "official_name": "Puskesmas Rabambang",
        "operator": "Dinas Kesehatan Kabupaten Gunung Mas",
        "operator:type": "government"
      },
      "geometry": {
        "type": "Point",
        "coordinates": [
          113.454013,
          -1.231023
        ]
      },
      "id": "node/13971534101"
    },
    {
      "type": "Feature",
      "properties": {
        "@id": "node/13971535601",
        "amenity": "clinic",
        "name": "Puskesmas Pembantu Sungai Gula",
        "operator": "Dinas Kesehatan Kabupaten Gunung Mas",
        "operator:type": "government",
        "short_name": "Pustu Sungai Gula"
      },
      "geometry": {
        "type": "Point",
        "coordinates": [
          114.183666,
          -0.724638
        ]
      },
      "id": "node/13971535601"
    },
    {
      "type": "Feature",
      "properties": {
        "@id": "node/13976266798",
        "addr:city": "Tenggarong",
        "addr:district": "Tenggarong",
        "addr:housename": "eMKA Hospital",
        "addr:housenumber": "69",
        "addr:postcode": "75513",
        "addr:province": "Kalimantan Timur",
        "addr:street": "Jalan Aji Masnandai",
        "addr:subdistrict": "Timbau",
        "amenity": "hospital",
        "healthcare": "hospital",
        "name": "eMKA Hospital"
      },
      "geometry": {
        "type": "Point",
        "coordinates": [
          116.9957496,
          -0.4476694
        ]
      },
      "id": "node/13976266798"
    },
    {
      "type": "Feature",
      "properties": {
        "@id": "node/13989261210",
        "addr:city": "East Kutai",
        "addr:district": "Kaubun",
        "addr:province": "East Kalimantan",
        "addr:street": "Jalan Provinsi Kutai Timur - Berau",
        "addr:subdistrict": "Bumi Etam",
        "amenity": "clinic",
        "healthcare": "clinic",
        "healthcare:speciality": "dentist",
        "name": "Puskesmas Kaubun",
        "opening_hours": "Mo-Fr 09:00-17:00",
        "operator": "Ministry of Health",
        "operator:en": "Ministry of Health",
        "operator:id": "Kementerian Kesehatan",
        "operator:type": "government",
        "operator:wikidata": "Q12490745"
      },
      "geometry": {
        "type": "Point",
        "coordinates": [
          117.8569314,
          1.0815217
        ]
      },
      "id": "node/13989261210"
    },
    {
      "type": "Feature",
      "properties": {
        "@id": "node/14001684201",
        "addr:housenumber": "No. 6",
        "addr:postcode": "70122",
        "addr:street": "Jalan Jenderal Achmad Yani",
        "amenity": "hospital",
        "internet_access": "wlan",
        "name": "Rumah Sakit Siloam Banjarmasin",
        "opening_hours": "24/7",
        "phone": "+62 1 500 911",
        "website": "https://www.siloamhospitals.com"
      },
      "geometry": {
        "type": "Point",
        "coordinates": [
          114.6049013,
          -3.3260434
        ]
      },
      "id": "node/14001684201"
    },
    {
      "type": "Feature",
      "properties": {
        "@id": "node/14013594263",
        "addr:city": "Kutai Timur",
        "addr:district": "Kombeng",
        "addr:province": "Kalimantan Timur",
        "addr:subdistrict": "Miau Baru",
        "amenity": "hospital",
        "healthcare": "hospital",
        "name": "UPT Puskesmas Kongbeng"
      },
      "geometry": {
        "type": "Point",
        "coordinates": [
          116.9577982,
          1.1999625
        ]
      },
      "id": "node/14013594263"
    },
    {
      "type": "Feature",
      "properties": {
        "@id": "node/14028508213",
        "addr:city": "East Kutai",
        "addr:district": "Sangkulirang",
        "addr:province": "East Kalimantan",
        "addr:street": "GAM Office Road",
        "addr:subdistrict": "Sempayau",
        "air_conditioning": "yes",
        "amenity": "clinic",
        "healthcare": "clinic",
        "level": "0",
        "name": "Klinik Kesehatan PT GAM",
        "opening_hours": "24/7",
        "operator": "RS PKT",
        "operator:type": "private",
        "wheelchair": "yes"
      },
      "geometry": {
        "type": "Point",
        "coordinates": [
          117.8697881,
          1.1438753
        ]
      },
      "id": "node/14028508213"
    },
    {
      "type": "Feature",
      "properties": {
        "@id": "node/14076150567",
        "amenity": "pharmacy",
        "healthcare": "pharmacy",
        "name": "NSS PHARMACY"
      },
      "geometry": {
        "type": "Point",
        "coordinates": [
          112.1575084,
          2.0994188
        ]
      },
      "id": "node/14076150567"
    },
    {
      "type": "Feature",
      "properties": {
        "@id": "node/14076150583",
        "amenity": "pharmacy",
        "healthcare": "pharmacy",
        "name": "KK Pharmacy"
      },
      "geometry": {
        "type": "Point",
        "coordinates": [
          112.1569612,
          2.0997445
        ]
      },
      "id": "node/14076150583"
    },
    {
      "type": "Feature",
      "properties": {
        "@id": "node/14110387285",
        "addr:city": "Spaoh",
        "addr:postcode": "95600",
        "addr:street": "Jalan Abang Amban",
        "amenity": "clinic",
        "healthcare": "clinic",
        "name": "Klinik Kesihatan Spaoh",
        "operator": "Kementerian Kesihatan Malaysia",
        "operator:short": "KKM",
        "operator:type": "government",
        "operator:wikidata": "Q4294352"
      },
      "geometry": {
        "type": "Point",
        "coordinates": [
          111.4802283,
          1.4608371
        ]
      },
      "id": "node/14110387285"
    },
    {
      "type": "Feature",
      "properties": {
        "@id": "node/14122236739",
        "addr:city": "Debak",
        "addr:postcode": "95500",
        "addr:street": "Jalan Debak",
        "amenity": "clinic",
        "healthcare": "clinic",
        "name": "Klinik Kesihatan Debak",
        "operator": "Kementerian Kesihatan Malaysia",
        "operator:short": "KKM",
        "operator:type": "government",
        "operator:wikidata": "Q4294352"
      },
      "geometry": {
        "type": "Point",
        "coordinates": [
          111.4240143,
          1.5647349
        ]
      },
      "id": "node/14122236739"
    }
  ]
}